<?xml version = '1.0' encoding = 'UTF-8'?>
<FKIndexAssociation class="oracle.dbtools.crest.model.design.relational.FKIndexAssociation" directorySegmentName="seg_0" id="04947DB3-DAC0-22C2-5216-42B2FAE38984" containerWithKeyObject="B2129DA6-481D-955D-03A4-2EF8AE114F2B" localFKIndex="A5C4FA58-A9AE-3975-F0A0-8ED849BAF391" name="Representado_Media_FK">
<createdBy>xrpp</createdBy>
<createdTime>2022-11-28 19:35:02 UTC</createdTime>
<generatorID>7960DEBA-6D5D-7782-83A3-F4C437A68099</generatorID>
<ownerDesignName>YH_magement3</ownerDesignName>
<importedID>1EAA79C6-3C3E-B3FE-5147-FF48B2B7B060</importedID>
<referredTableLongName>Media</referredTableLongName>
<deleteRule>NO ACTION</deleteRule>
<referredTableID>EAEB79E2-F437-3DD8-1EF4-5DE3A6CC0F87</referredTableID>
<keyObject>C25F73D5-B17A-AEDB-D146-406A50EFADD6</keyObject>
<referredKeyID>C25F73D5-B17A-AEDB-D146-406A50EFADD6</referredKeyID>
<mandatory>true</mandatory>
<refColNames>ID_Media</refColNames>
<transferable>true</transferable>
<rely>false</rely>
<columnDependencyConstraintGenerateInDDL>true</columnDependencyConstraintGenerateInDDL>
</FKIndexAssociation>