<?xml version = '1.0' encoding = 'UTF-8'?>
<FKIndexAssociation class="oracle.dbtools.crest.model.design.relational.FKIndexAssociation" directorySegmentName="seg_0" id="0CC6E455-0111-FE70-2125-9AD68C30EA2A" containerWithKeyObject="3270211C-8ABC-D1DE-EA8E-2F24B448DCC5" localFKIndex="7799B9B4-0695-1F70-C74D-4CCBFEA36AD5" name="Empleado_DatosPersonales_FK">
<createdBy>xrpp</createdBy>
<createdTime>2022-11-28 19:35:02 UTC</createdTime>
<generatorID>17F49AB7-BBB3-2E6D-7D0F-5768BDBC828C</generatorID>
<ownerDesignName>YH_magement3</ownerDesignName>
<importedID>C4CB3253-D18E-56E5-6503-6468854326AB</importedID>
<referredTableLongName>DatosPersonales</referredTableLongName>
<deleteRule>NO ACTION</deleteRule>
<referredTableID>1712A8C3-0DCE-3C1F-A348-FEE04C4E8E5E</referredTableID>
<keyObject>C347B2E3-2B32-20A9-6148-793ACEFF6154</keyObject>
<referredKeyID>C347B2E3-2B32-20A9-6148-793ACEFF6154</referredKeyID>
<mandatory>false</mandatory>
<refColNames>DNI_NIE_NIF</refColNames>
<transferable>true</transferable>
<rely>false</rely>
<columnDependencyConstraintGenerateInDDL>true</columnDependencyConstraintGenerateInDDL>
</FKIndexAssociation>