<?xml version = '1.0' encoding = 'UTF-8'?>
<FKIndexAssociation class="oracle.dbtools.crest.model.design.relational.FKIndexAssociation" directorySegmentName="seg_0" id="0FBD3ED4-94B0-79C3-96FD-F3395C739539" containerWithKeyObject="8A2DC5A3-A7F2-FB7A-4DA3-EE7D40475B49" localFKIndex="77944C37-7879-46F2-D741-379DDCE46B00" name="Relation_13_Asiento_Caja_FK">
<createdBy>xrpp</createdBy>
<createdTime>2022-11-28 19:35:02 UTC</createdTime>
<generatorID>E88AF3B5-AA7F-0285-4335-DD2BBED5F991</generatorID>
<ownerDesignName>YH_magement3</ownerDesignName>
<importedID>0AFE6012-A873-2305-0DC6-DACD53258CC0</importedID>
<referredTableLongName>Operacion_Caja</referredTableLongName>
<deleteRule>NO ACTION</deleteRule>
<referredTableID>E7B7FBEC-3A20-D33F-5BC2-EBBEFD83BE7B</referredTableID>
<keyObject>7275B7B2-3E84-DF5D-7AD8-B877374E32E2</keyObject>
<referredKeyID>7275B7B2-3E84-DF5D-7AD8-B877374E32E2</referredKeyID>
<mandatory>true</mandatory>
<refColNames>ID</refColNames>
<transferable>true</transferable>
<rely>false</rely>
<columnDependencyConstraintGenerateInDDL>true</columnDependencyConstraintGenerateInDDL>
</FKIndexAssociation>