<?xml version = '1.0' encoding = 'UTF-8'?>
<FKIndexAssociation class="oracle.dbtools.crest.model.design.relational.FKIndexAssociation" directorySegmentName="seg_0" id="19720A46-55B0-3824-E499-7D5EC2E485B5" containerWithKeyObject="59BF17C2-C6D3-5AD3-69D9-0979F9EB726F" localFKIndex="2604FC24-26F3-5E4E-229E-EB0B98206D20" name="Relation_6_Representado_FK">
<createdBy>xrpp</createdBy>
<createdTime>2022-11-28 19:35:02 UTC</createdTime>
<generatorID>46ED1B41-4BE0-1BC1-418C-D3A1536B543D</generatorID>
<ownerDesignName>YH_magement3</ownerDesignName>
<importedID>2481040B-48F3-8E6D-6B96-D61F1FCAFACB</importedID>
<referredTableLongName>Representado</referredTableLongName>
<deleteRule>NO ACTION</deleteRule>
<referredTableID>B2129DA6-481D-955D-03A4-2EF8AE114F2B</referredTableID>
<keyObject>417063D0-93CD-0FE7-DC86-6D5FE3AE908E</keyObject>
<referredKeyID>417063D0-93CD-0FE7-DC86-6D5FE3AE908E</referredKeyID>
<mandatory>true</mandatory>
<refColNames>ID</refColNames>
<transferable>true</transferable>
<rely>false</rely>
<columnDependencyConstraintGenerateInDDL>true</columnDependencyConstraintGenerateInDDL>
</FKIndexAssociation>