<?xml version = '1.0' encoding = 'UTF-8'?>
<FKIndexAssociation class="oracle.dbtools.crest.model.design.relational.FKIndexAssociation" directorySegmentName="seg_0" id="199BEAB4-3060-874E-D773-AB21B89F998D" containerWithKeyObject="E580E301-570E-1430-F618-69D6E3832D61" localFKIndex="18303C35-3865-EBE3-8E31-DBF9AA5BD4BE" name="Relation_12_Evento_FK">
<createdBy>xrpp</createdBy>
<createdTime>2022-11-28 19:35:02 UTC</createdTime>
<generatorID>1298C2C9-9EAF-0D4B-C6F0-982822762817</generatorID>
<ownerDesignName>YH_magement3</ownerDesignName>
<importedID>DC5857D7-595D-A363-EE17-4CA86FD0ACD6</importedID>
<referredTableLongName>Evento</referredTableLongName>
<deleteRule>NO ACTION</deleteRule>
<referredTableID>22C6483C-AD04-50A8-6D14-6256C216C733</referredTableID>
<keyObject>1E041878-E8D2-EAA5-0EFA-1C8FD585C5FE</keyObject>
<referredKeyID>1E041878-E8D2-EAA5-0EFA-1C8FD585C5FE</referredKeyID>
<mandatory>true</mandatory>
<refColNames>ID</refColNames>
<transferable>true</transferable>
<rely>false</rely>
<columnDependencyConstraintGenerateInDDL>true</columnDependencyConstraintGenerateInDDL>
</FKIndexAssociation>