<?xml version = '1.0' encoding = 'UTF-8'?>
<FKIndexAssociation class="oracle.dbtools.crest.model.design.relational.FKIndexAssociation" directorySegmentName="seg_0" id="22A783A6-E380-E319-E888-35EB36CAC3E2" containerWithKeyObject="4369B4CA-06C7-D4C2-677B-B863225EB4CE" localFKIndex="DADEDB8E-A1E9-E985-F487-FA01E31D400D" name="Relation_16_Asiento_Caja_FK">
<createdBy>xrpp</createdBy>
<createdTime>2022-11-28 19:35:02 UTC</createdTime>
<generatorID>65F32D60-0B12-49CB-B6AA-9C09154FC5C5</generatorID>
<ownerDesignName>YH_magement3</ownerDesignName>
<importedID>AC23471E-499D-ECA8-0913-2C448B71018E</importedID>
<referredTableLongName>Operacion_Caja</referredTableLongName>
<deleteRule>NO ACTION</deleteRule>
<referredTableID>E7B7FBEC-3A20-D33F-5BC2-EBBEFD83BE7B</referredTableID>
<keyObject>7275B7B2-3E84-DF5D-7AD8-B877374E32E2</keyObject>
<referredKeyID>7275B7B2-3E84-DF5D-7AD8-B877374E32E2</referredKeyID>
<mandatory>true</mandatory>
<refColNames>ID</refColNames>
<transferable>true</transferable>
<rely>false</rely>
<columnDependencyConstraintGenerateInDDL>true</columnDependencyConstraintGenerateInDDL>
</FKIndexAssociation>