<?xml version = '1.0' encoding = 'UTF-8'?>
<FKIndexAssociation class="oracle.dbtools.crest.model.design.relational.FKIndexAssociation" directorySegmentName="seg_0" id="243AE317-06CF-977E-C520-92EC421C46C7" containerWithKeyObject="E580E301-570E-1430-F618-69D6E3832D61" localFKIndex="085B180B-00D9-D100-4701-EE8FE96AA0EC" name="Relation_12_Cliente_FK">
<createdBy>xrpp</createdBy>
<createdTime>2022-11-28 19:35:02 UTC</createdTime>
<generatorID>1298C2C9-9EAF-0D4B-C6F0-982822762817</generatorID>
<ownerDesignName>YH_magement3</ownerDesignName>
<importedID>8777D66D-051B-5C60-BDF7-592809A3077E</importedID>
<referredTableLongName>Cliente</referredTableLongName>
<deleteRule>NO ACTION</deleteRule>
<referredTableID>11C9E355-CE56-4749-C826-E676F7E51FD5</referredTableID>
<keyObject>309412C5-7E00-689F-DC64-EE1B98ABB71A</keyObject>
<referredKeyID>309412C5-7E00-689F-DC64-EE1B98ABB71A</referredKeyID>
<mandatory>true</mandatory>
<refColNames>ID_cliente</refColNames>
<transferable>true</transferable>
<rely>false</rely>
<columnDependencyConstraintGenerateInDDL>true</columnDependencyConstraintGenerateInDDL>
</FKIndexAssociation>