<?xml version = '1.0' encoding = 'UTF-8'?>
<FKIndexAssociation class="oracle.dbtools.crest.model.design.relational.FKIndexAssociation" directorySegmentName="seg_0" id="34662BA0-CBC9-A158-4F73-AB6D1D77860B" containerWithKeyObject="E170B6C4-8D08-E4B8-53AC-37E8D12358BE" localFKIndex="872B2FFB-9876-9332-BA96-9622D80D5454" name="Relation_14_Colaborador_FK">
<createdBy>xrpp</createdBy>
<createdTime>2022-11-28 19:35:02 UTC</createdTime>
<generatorID>5760E0E6-C80F-7FB0-E60A-326D910B15A9</generatorID>
<ownerDesignName>YH_magement3</ownerDesignName>
<importedID>3485126F-0B29-0570-AFBE-EEBDA5E4A73A</importedID>
<referredTableLongName>Colaborador</referredTableLongName>
<deleteRule>NO ACTION</deleteRule>
<referredTableID>D3264696-D393-566E-8E30-02311987FAF1</referredTableID>
<keyObject>5EA88EBA-CC22-373E-08ED-2D89B4477922</keyObject>
<referredKeyID>5EA88EBA-CC22-373E-08ED-2D89B4477922</referredKeyID>
<mandatory>true</mandatory>
<refColNames>ID_colaborador</refColNames>
<transferable>true</transferable>
<rely>false</rely>
<columnDependencyConstraintGenerateInDDL>true</columnDependencyConstraintGenerateInDDL>
</FKIndexAssociation>