<?xml version = '1.0' encoding = 'UTF-8'?>
<FKIndexAssociation class="oracle.dbtools.crest.model.design.relational.FKIndexAssociation" directorySegmentName="seg_0" id="40EAC1E3-0B7F-BFA7-C708-AEF958800D98" containerWithKeyObject="842ABAD3-836D-D592-1930-14D903362DD0" localFKIndex="AB75AAD6-3FFA-60B9-0290-1CCF3280BC98" name="Relation_10_Colaborador_FK">
<createdBy>xrpp</createdBy>
<createdTime>2022-11-28 19:35:02 UTC</createdTime>
<generatorID>E7C0C24A-576D-8ACE-B0FA-770AA1D7D112</generatorID>
<ownerDesignName>YH_magement3</ownerDesignName>
<importedID>F29DED6D-592D-201D-0DA4-8D9105615778</importedID>
<referredTableLongName>Colaborador</referredTableLongName>
<deleteRule>NO ACTION</deleteRule>
<referredTableID>D3264696-D393-566E-8E30-02311987FAF1</referredTableID>
<keyObject>5EA88EBA-CC22-373E-08ED-2D89B4477922</keyObject>
<referredKeyID>5EA88EBA-CC22-373E-08ED-2D89B4477922</referredKeyID>
<mandatory>true</mandatory>
<refColNames>ID_colaborador</refColNames>
<transferable>true</transferable>
<rely>false</rely>
<columnDependencyConstraintGenerateInDDL>true</columnDependencyConstraintGenerateInDDL>
</FKIndexAssociation>