<?xml version = '1.0' encoding = 'UTF-8'?>
<FKIndexAssociation class="oracle.dbtools.crest.model.design.relational.FKIndexAssociation" directorySegmentName="seg_0" id="41F11150-60DF-CFA1-5033-0EF0C3EFF1F0" containerWithKeyObject="152C6D5E-C3DC-B73D-B09E-66FE445E241B" localFKIndex="A92EE520-8D41-8546-A703-0B7CDCE6756D" name="Relation_15_Empleado_FK">
<createdBy>xrpp</createdBy>
<createdTime>2022-11-28 19:35:02 UTC</createdTime>
<generatorID>A9097E0B-B8A2-0C96-5EC9-74B2AFDFBA42</generatorID>
<ownerDesignName>YH_magement3</ownerDesignName>
<importedID>F18A949B-4267-0BBC-8A59-D00FB533FE56</importedID>
<referredTableLongName>Empleado</referredTableLongName>
<deleteRule>NO ACTION</deleteRule>
<referredTableID>3270211C-8ABC-D1DE-EA8E-2F24B448DCC5</referredTableID>
<keyObject>A16A7900-D8B1-6A4F-7A17-52C01384D3E0</keyObject>
<referredKeyID>A16A7900-D8B1-6A4F-7A17-52C01384D3E0</referredKeyID>
<mandatory>true</mandatory>
<refColNames>ID_empleado</refColNames>
<transferable>true</transferable>
<rely>false</rely>
<columnDependencyConstraintGenerateInDDL>true</columnDependencyConstraintGenerateInDDL>
</FKIndexAssociation>