<?xml version = '1.0' encoding = 'UTF-8'?>
<FKIndexAssociation class="oracle.dbtools.crest.model.design.relational.FKIndexAssociation" directorySegmentName="seg_0" id="4DF4AE63-E93F-2280-F0B3-E23158905003" containerWithKeyObject="842ABAD3-836D-D592-1930-14D903362DD0" localFKIndex="BEA080DF-94AF-D5A4-9C99-8FB4A0379BD7" name="Relation_10_Evento_FK">
<createdBy>xrpp</createdBy>
<createdTime>2022-11-28 19:35:02 UTC</createdTime>
<generatorID>E7C0C24A-576D-8ACE-B0FA-770AA1D7D112</generatorID>
<ownerDesignName>YH_magement3</ownerDesignName>
<importedID>86310993-5332-BE72-506A-E48DD49B78E7</importedID>
<referredTableLongName>Evento</referredTableLongName>
<deleteRule>NO ACTION</deleteRule>
<referredTableID>22C6483C-AD04-50A8-6D14-6256C216C733</referredTableID>
<keyObject>1E041878-E8D2-EAA5-0EFA-1C8FD585C5FE</keyObject>
<referredKeyID>1E041878-E8D2-EAA5-0EFA-1C8FD585C5FE</referredKeyID>
<mandatory>true</mandatory>
<refColNames>ID</refColNames>
<transferable>true</transferable>
<rely>false</rely>
<columnDependencyConstraintGenerateInDDL>true</columnDependencyConstraintGenerateInDDL>
</FKIndexAssociation>