<?xml version = '1.0' encoding = 'UTF-8'?>
<FKIndexAssociation class="oracle.dbtools.crest.model.design.relational.FKIndexAssociation" directorySegmentName="seg_0" id="5E09C520-FC83-4F75-8535-A3CCF8E5BBA1" containerWithKeyObject="B2129DA6-481D-955D-03A4-2EF8AE114F2B" localFKIndex="F5A8367B-AC2B-017E-02E5-BF6BAF2B8C32" name="Representado_Medidas_FK">
<createdBy>xrpp</createdBy>
<createdTime>2022-11-28 19:35:02 UTC</createdTime>
<generatorID>FAB47509-B433-F362-D107-474E234EC1EF</generatorID>
<ownerDesignName>YH_magement3</ownerDesignName>
<importedID>BBDF92F9-43C9-8EBB-7EE6-70A96B0BD53F</importedID>
<referredTableLongName>Medidas</referredTableLongName>
<deleteRule>NO ACTION</deleteRule>
<referredTableID>3324973D-BBC3-46F7-29E4-2F0EBE624186</referredTableID>
<keyObject>B034C380-0FCF-7F3A-2D32-1A00E898ECDA</keyObject>
<referredKeyID>B034C380-0FCF-7F3A-2D32-1A00E898ECDA</referredKeyID>
<mandatory>true</mandatory>
<refColNames>ID_med</refColNames>
<transferable>true</transferable>
<rely>false</rely>
<columnDependencyConstraintGenerateInDDL>true</columnDependencyConstraintGenerateInDDL>
</FKIndexAssociation>