<?xml version = '1.0' encoding = 'UTF-8'?>
<FKIndexAssociation class="oracle.dbtools.crest.model.design.relational.FKIndexAssociation" directorySegmentName="seg_0" id="652AA3B0-AB4E-CE7C-211F-744AD5445E44" containerWithKeyObject="11C9E355-CE56-4749-C826-E676F7E51FD5" localFKIndex="865EDCF0-A910-5440-6D1A-B59C534C056C" name="Cliente_DatosPersonales_FK">
<createdBy>xrpp</createdBy>
<createdTime>2022-11-28 19:35:02 UTC</createdTime>
<generatorID>41DBA28F-1BB6-F13A-F9EE-9025F984C1CD</generatorID>
<ownerDesignName>YH_magement3</ownerDesignName>
<importedID>F92AB8E7-DB49-0644-4735-D381AC61D192</importedID>
<referredTableLongName>DatosPersonales</referredTableLongName>
<deleteRule>NO ACTION</deleteRule>
<referredTableID>1712A8C3-0DCE-3C1F-A348-FEE04C4E8E5E</referredTableID>
<keyObject>C347B2E3-2B32-20A9-6148-793ACEFF6154</keyObject>
<referredKeyID>C347B2E3-2B32-20A9-6148-793ACEFF6154</referredKeyID>
<mandatory>false</mandatory>
<refColNames>DNI_NIE_NIF</refColNames>
<transferable>true</transferable>
<rely>false</rely>
<columnDependencyConstraintGenerateInDDL>true</columnDependencyConstraintGenerateInDDL>
</FKIndexAssociation>