<?xml version = '1.0' encoding = 'UTF-8'?>
<FKIndexAssociation class="oracle.dbtools.crest.model.design.relational.FKIndexAssociation" directorySegmentName="seg_0" id="78BF765D-CCBC-C12D-7002-EAF3EEB3B260" containerWithKeyObject="8A2DC5A3-A7F2-FB7A-4DA3-EE7D40475B49" localFKIndex="28825A41-5007-6FD7-DDAB-3D4855194947" name="Relation_13_Representado_FK">
<createdBy>xrpp</createdBy>
<createdTime>2022-11-28 19:35:02 UTC</createdTime>
<generatorID>E88AF3B5-AA7F-0285-4335-DD2BBED5F991</generatorID>
<ownerDesignName>YH_magement3</ownerDesignName>
<importedID>06C374DB-153B-D936-5A9A-E24FF2EB5CC5</importedID>
<referredTableLongName>Representado</referredTableLongName>
<deleteRule>NO ACTION</deleteRule>
<referredTableID>B2129DA6-481D-955D-03A4-2EF8AE114F2B</referredTableID>
<keyObject>417063D0-93CD-0FE7-DC86-6D5FE3AE908E</keyObject>
<referredKeyID>417063D0-93CD-0FE7-DC86-6D5FE3AE908E</referredKeyID>
<mandatory>true</mandatory>
<refColNames>ID</refColNames>
<transferable>true</transferable>
<rely>false</rely>
<columnDependencyConstraintGenerateInDDL>true</columnDependencyConstraintGenerateInDDL>
</FKIndexAssociation>