<?xml version = '1.0' encoding = 'UTF-8'?>
<FKIndexAssociation class="oracle.dbtools.crest.model.design.relational.FKIndexAssociation" directorySegmentName="seg_0" id="7AE8F33C-0FDF-6B83-79F9-FBD1B280C9D0" containerWithKeyObject="EAEB79E2-F437-3DD8-1EF4-5DE3A6CC0F87" localFKIndex="1B7B5BC4-F0A4-CF13-E8DE-CBFFE206839A" name="Media_Entrevista_FK">
<createdBy>xrpp</createdBy>
<createdTime>2022-11-28 19:35:02 UTC</createdTime>
<generatorID>7D62BCB0-0776-79E2-BD3A-5BA8BB1518A5</generatorID>
<ownerDesignName>YH_magement3</ownerDesignName>
<importedID>AAFBAF8B-8261-4F3B-BAEC-10A392C53A8C</importedID>
<referredTableLongName>Entrevista</referredTableLongName>
<deleteRule>NO ACTION</deleteRule>
<referredTableID>FC3E097A-930A-C64B-B2E6-8606F07EC187</referredTableID>
<keyObject>CB588695-EFC3-F55A-729F-E53589C5EEEF</keyObject>
<referredKeyID>CB588695-EFC3-F55A-729F-E53589C5EEEF</referredKeyID>
<mandatory>true</mandatory>
<refColNames>ID_entrevista</refColNames>
<transferable>true</transferable>
<rely>false</rely>
<columnDependencyConstraintGenerateInDDL>true</columnDependencyConstraintGenerateInDDL>
</FKIndexAssociation>