<?xml version = '1.0' encoding = 'UTF-8'?>
<FKIndexAssociation class="oracle.dbtools.crest.model.design.relational.FKIndexAssociation" directorySegmentName="seg_0" id="894AF693-B541-E678-2A0B-76BCF74A9386" containerWithKeyObject="59BF17C2-C6D3-5AD3-69D9-0979F9EB726F" localFKIndex="09F8BC77-CF06-984A-3FD3-A73D095A5E39" name="Relation_6_Evento_FK">
<createdBy>xrpp</createdBy>
<createdTime>2022-11-28 19:35:02 UTC</createdTime>
<generatorID>46ED1B41-4BE0-1BC1-418C-D3A1536B543D</generatorID>
<ownerDesignName>YH_magement3</ownerDesignName>
<importedID>D1E35013-76EC-030B-D0B7-3640D143D9D6</importedID>
<referredTableLongName>Evento</referredTableLongName>
<deleteRule>NO ACTION</deleteRule>
<referredTableID>22C6483C-AD04-50A8-6D14-6256C216C733</referredTableID>
<keyObject>1E041878-E8D2-EAA5-0EFA-1C8FD585C5FE</keyObject>
<referredKeyID>1E041878-E8D2-EAA5-0EFA-1C8FD585C5FE</referredKeyID>
<mandatory>true</mandatory>
<refColNames>ID</refColNames>
<transferable>true</transferable>
<rely>false</rely>
<columnDependencyConstraintGenerateInDDL>true</columnDependencyConstraintGenerateInDDL>
</FKIndexAssociation>