<?xml version = '1.0' encoding = 'UTF-8'?>
<FKIndexAssociation class="oracle.dbtools.crest.model.design.relational.FKIndexAssociation" directorySegmentName="seg_0" id="8A3E13B0-1C8B-977D-CD7C-61D37B7701D8" containerWithKeyObject="E170B6C4-8D08-E4B8-53AC-37E8D12358BE" localFKIndex="2E1FB52F-678A-FE6F-1BE8-F6D7F011F0D5" name="Relation_14_Asiento_Caja_FK">
<createdBy>xrpp</createdBy>
<createdTime>2022-11-28 19:35:02 UTC</createdTime>
<generatorID>5760E0E6-C80F-7FB0-E60A-326D910B15A9</generatorID>
<ownerDesignName>YH_magement3</ownerDesignName>
<importedID>4599A675-18E1-8A40-743D-0CE503D591EF</importedID>
<referredTableLongName>Operacion_Caja</referredTableLongName>
<deleteRule>NO ACTION</deleteRule>
<referredTableID>E7B7FBEC-3A20-D33F-5BC2-EBBEFD83BE7B</referredTableID>
<keyObject>7275B7B2-3E84-DF5D-7AD8-B877374E32E2</keyObject>
<referredKeyID>7275B7B2-3E84-DF5D-7AD8-B877374E32E2</referredKeyID>
<mandatory>true</mandatory>
<refColNames>ID</refColNames>
<transferable>true</transferable>
<rely>false</rely>
<columnDependencyConstraintGenerateInDDL>true</columnDependencyConstraintGenerateInDDL>
</FKIndexAssociation>