<?xml version = '1.0' encoding = 'UTF-8'?>
<FKIndexAssociation class="oracle.dbtools.crest.model.design.relational.FKIndexAssociation" directorySegmentName="seg_0" id="8DAD7E0E-6A8B-FBA6-55F6-C949147AEFC2" containerWithKeyObject="4369B4CA-06C7-D4C2-677B-B863225EB4CE" localFKIndex="20E87815-3B49-1177-658B-8EC23575E43A" name="Relation_16_Cliente_FK">
<createdBy>xrpp</createdBy>
<createdTime>2022-11-28 19:35:02 UTC</createdTime>
<generatorID>65F32D60-0B12-49CB-B6AA-9C09154FC5C5</generatorID>
<ownerDesignName>YH_magement3</ownerDesignName>
<importedID>EAFE21AF-9A8B-654F-299E-EFB9664137BF</importedID>
<referredTableLongName>Cliente</referredTableLongName>
<deleteRule>NO ACTION</deleteRule>
<referredTableID>11C9E355-CE56-4749-C826-E676F7E51FD5</referredTableID>
<keyObject>309412C5-7E00-689F-DC64-EE1B98ABB71A</keyObject>
<referredKeyID>309412C5-7E00-689F-DC64-EE1B98ABB71A</referredKeyID>
<mandatory>true</mandatory>
<refColNames>ID_cliente</refColNames>
<transferable>true</transferable>
<rely>false</rely>
<columnDependencyConstraintGenerateInDDL>true</columnDependencyConstraintGenerateInDDL>
</FKIndexAssociation>