<?xml version = '1.0' encoding = 'UTF-8'?>
<FKIndexAssociation class="oracle.dbtools.crest.model.design.relational.FKIndexAssociation" directorySegmentName="seg_0" id="AF663B8E-A86F-8AD6-2AE0-6002E5A00F2D" containerWithKeyObject="152C6D5E-C3DC-B73D-B09E-66FE445E241B" localFKIndex="58DBDA24-4C8F-6F35-4970-E812B5B487AF" name="Relation_15_Asiento_Caja_FK">
<createdBy>xrpp</createdBy>
<createdTime>2022-11-28 19:35:02 UTC</createdTime>
<generatorID>A9097E0B-B8A2-0C96-5EC9-74B2AFDFBA42</generatorID>
<ownerDesignName>YH_magement3</ownerDesignName>
<importedID>7DAF18FE-210B-0B01-6E47-5157116C889D</importedID>
<referredTableLongName>Operacion_Caja</referredTableLongName>
<deleteRule>NO ACTION</deleteRule>
<referredTableID>E7B7FBEC-3A20-D33F-5BC2-EBBEFD83BE7B</referredTableID>
<keyObject>7275B7B2-3E84-DF5D-7AD8-B877374E32E2</keyObject>
<referredKeyID>7275B7B2-3E84-DF5D-7AD8-B877374E32E2</referredKeyID>
<mandatory>true</mandatory>
<refColNames>ID</refColNames>
<transferable>true</transferable>
<rely>false</rely>
<columnDependencyConstraintGenerateInDDL>true</columnDependencyConstraintGenerateInDDL>
</FKIndexAssociation>