<?xml version = '1.0' encoding = 'UTF-8'?>
<FKIndexAssociation class="oracle.dbtools.crest.model.design.relational.FKIndexAssociation" directorySegmentName="seg_0" id="C4237348-6F55-9839-E880-820A70393D37" containerWithKeyObject="9D03651E-ECCD-DBBD-B887-4A5671F26FC3" localFKIndex="8396DA9C-7A9A-CDB5-9CF1-15ABD043A92F" name="Relation_11_Empleado_FK">
<createdBy>xrpp</createdBy>
<createdTime>2022-11-28 19:35:02 UTC</createdTime>
<generatorID>7297DA15-A7D1-6425-D60E-10F3AEA6F7B9</generatorID>
<ownerDesignName>YH_magement3</ownerDesignName>
<importedID>D4C68431-65A1-DC2B-5935-3B33F946B8E9</importedID>
<referredTableLongName>Empleado</referredTableLongName>
<deleteRule>NO ACTION</deleteRule>
<referredTableID>3270211C-8ABC-D1DE-EA8E-2F24B448DCC5</referredTableID>
<keyObject>A16A7900-D8B1-6A4F-7A17-52C01384D3E0</keyObject>
<referredKeyID>A16A7900-D8B1-6A4F-7A17-52C01384D3E0</referredKeyID>
<mandatory>true</mandatory>
<refColNames>ID_empleado</refColNames>
<transferable>true</transferable>
<rely>false</rely>
<columnDependencyConstraintGenerateInDDL>true</columnDependencyConstraintGenerateInDDL>
</FKIndexAssociation>