<?xml version = '1.0' encoding = 'UTF-8'?>
<FKIndexAssociation class="oracle.dbtools.crest.model.design.relational.FKIndexAssociation" directorySegmentName="seg_0" id="E0F43017-78CC-6566-EAF9-292FFE3C05E1" containerWithKeyObject="D3264696-D393-566E-8E30-02311987FAF1" localFKIndex="EE1142C7-91C7-9F52-4C34-96594967AE2A" name="Colaborador_DatosPersonales_FK">
<createdBy>xrpp</createdBy>
<createdTime>2022-11-28 19:35:02 UTC</createdTime>
<generatorID>1A4BD6E9-5155-5D71-7B1F-8DD4F526DD3B</generatorID>
<ownerDesignName>YH_magement3</ownerDesignName>
<importedID>5C49F3DA-F54C-1503-DF58-A220D8BE26DF</importedID>
<referredTableLongName>DatosPersonales</referredTableLongName>
<deleteRule>NO ACTION</deleteRule>
<referredTableID>1712A8C3-0DCE-3C1F-A348-FEE04C4E8E5E</referredTableID>
<keyObject>C347B2E3-2B32-20A9-6148-793ACEFF6154</keyObject>
<referredKeyID>C347B2E3-2B32-20A9-6148-793ACEFF6154</referredKeyID>
<mandatory>true</mandatory>
<refColNames>DNI_NIE_NIF</refColNames>
<transferable>true</transferable>
<rely>false</rely>
<columnDependencyConstraintGenerateInDDL>true</columnDependencyConstraintGenerateInDDL>
</FKIndexAssociation>