<?xml version = '1.0' encoding = 'UTF-8'?>
<FKIndexAssociation class="oracle.dbtools.crest.model.design.relational.FKIndexAssociation" directorySegmentName="seg_0" id="F5119393-FEF4-629B-2B0A-4F54C9DEAABD" containerWithKeyObject="B2129DA6-481D-955D-03A4-2EF8AE114F2B" localFKIndex="A6A172E1-791A-B57C-DBF2-EC7EF9FA5BD4" name="Representado_DatosPersonales_FK">
<createdBy>xrpp</createdBy>
<createdTime>2022-11-28 19:35:02 UTC</createdTime>
<generatorID>53C1560C-310F-2292-8CF0-B98462C89C19</generatorID>
<ownerDesignName>YH_magement3</ownerDesignName>
<importedID>BC02E59A-236A-411A-F63C-6820A4043EF2</importedID>
<referredTableLongName>DatosPersonales</referredTableLongName>
<deleteRule>NO ACTION</deleteRule>
<referredTableID>1712A8C3-0DCE-3C1F-A348-FEE04C4E8E5E</referredTableID>
<keyObject>C347B2E3-2B32-20A9-6148-793ACEFF6154</keyObject>
<referredKeyID>C347B2E3-2B32-20A9-6148-793ACEFF6154</referredKeyID>
<mandatory>true</mandatory>
<refColNames>DNI_NIE_NIF</refColNames>
<transferable>true</transferable>
<rely>false</rely>
<columnDependencyConstraintGenerateInDDL>true</columnDependencyConstraintGenerateInDDL>
</FKIndexAssociation>