<?xml version = '1.0' encoding = 'UTF-8'?>
<FKIndexAssociation class="oracle.dbtools.crest.model.design.relational.FKIndexAssociation" directorySegmentName="seg_0" id="F853C4B7-C297-64BD-0D47-916FA4C3599C" containerWithKeyObject="B2129DA6-481D-955D-03A4-2EF8AE114F2B" localFKIndex="E3B66CD3-5F3F-C1EF-D6E7-5236900C8175" name="Representado_Aptitudes_FK">
<createdBy>xrpp</createdBy>
<createdTime>2022-11-28 19:35:02 UTC</createdTime>
<generatorID>B56D9900-40F2-01FA-CDEC-51474D617A1C</generatorID>
<ownerDesignName>YH_magement3</ownerDesignName>
<importedID>5A20D809-ADF0-C11E-C571-03EB7D957354</importedID>
<referredTableLongName>Aptitudes</referredTableLongName>
<deleteRule>NO ACTION</deleteRule>
<referredTableID>892BA449-A4AE-3190-FDA6-56A3DDB9FD51</referredTableID>
<keyObject>CCAA82D2-5DBF-44E2-6C46-206A643730D9</keyObject>
<referredKeyID>CCAA82D2-5DBF-44E2-6C46-206A643730D9</referredKeyID>
<mandatory>true</mandatory>
<refColNames>ID_apt</refColNames>
<transferable>true</transferable>
<rely>false</rely>
<columnDependencyConstraintGenerateInDDL>true</columnDependencyConstraintGenerateInDDL>
</FKIndexAssociation>