<?xml version = '1.0' encoding = 'UTF-8'?>
<FKIndexAssociation class="oracle.dbtools.crest.model.design.relational.FKIndexAssociation" directorySegmentName="seg_0" id="F9BC1FE1-8F98-1F32-1AFE-5AAEC56F9AF6" containerWithKeyObject="9D03651E-ECCD-DBBD-B887-4A5671F26FC3" localFKIndex="C01A18F0-4873-D482-0364-D908FAB02066" name="Relation_11_Evento_FK">
<createdBy>xrpp</createdBy>
<createdTime>2022-11-28 19:35:02 UTC</createdTime>
<generatorID>7297DA15-A7D1-6425-D60E-10F3AEA6F7B9</generatorID>
<ownerDesignName>YH_magement3</ownerDesignName>
<importedID>83E9F391-9CE7-246B-DC92-D01EA2663563</importedID>
<referredTableLongName>Evento</referredTableLongName>
<deleteRule>NO ACTION</deleteRule>
<referredTableID>22C6483C-AD04-50A8-6D14-6256C216C733</referredTableID>
<keyObject>1E041878-E8D2-EAA5-0EFA-1C8FD585C5FE</keyObject>
<referredKeyID>1E041878-E8D2-EAA5-0EFA-1C8FD585C5FE</referredKeyID>
<mandatory>true</mandatory>
<refColNames>ID</refColNames>
<transferable>true</transferable>
<rely>false</rely>
<columnDependencyConstraintGenerateInDDL>true</columnDependencyConstraintGenerateInDDL>
</FKIndexAssociation>