<?xml version = '1.0' encoding = 'UTF-8'?>
<relationalModel class="oracle.dbtools.crest.model.design.relational.RelationalDesign" name="Relational_1(2)" id="2083285E-6096-863F-71F1-762BE2E131B4" mainViewID="D3F0BD2A-7CA3-2458-EF54-F63BD7821B46">
<createdBy>xrpp</createdBy>
<createdTime>2022-11-21 20:44:39 UTC</createdTime>
<ownerDesignName>YH_magement2</ownerDesignName>
<shouldBeOpen>false</shouldBeOpen>
<selectedRDBMSSite>32076570-2523-435C-2E92-BF29817DFF70</selectedRDBMSSite>
</relationalModel>