<?xml version = '1.0' encoding = 'UTF-8'?>
<relationalModel class="oracle.dbtools.crest.model.design.relational.RelationalDesign" name="Relational_1(3)" id="722A7C5B-3134-D7AE-F396-EAF55FF42B15" mainViewID="58675AF9-60A0-12CC-5876-1A253F77D1CF">
<createdBy>xrpp</createdBy>
<createdTime>2022-11-21 20:44:39 UTC</createdTime>
<ownerDesignName>YH_magement2</ownerDesignName>
<shouldBeOpen>false</shouldBeOpen>
<selectedRDBMSSite>32076570-2523-435C-2E92-BF29817DFF70</selectedRDBMSSite>
</relationalModel>