<?xml version = '1.0' encoding = 'UTF-8'?>
<Table class="oracle.dbtools.crest.model.design.relational.Table" directorySegmentName="seg_0" id="08E2639F-85F8-6CE8-B52C-CDA24CA62696" name="Relation_14">
<createdBy>xrpp</createdBy>
<createdTime>2022-11-21 19:27:00 UTC</createdTime>
<ownerDesignName>YH_magement</ownerDesignName>
<importedID>98E2C82F-0A79-7353-A581-3E8382DEF879</importedID>
<ordsAlias>relation_14</ordsAlias>
<allowColumnReorder>false</allowColumnReorder>
<existDependencyGenerateInDDl>true</existDependencyGenerateInDDl>
<parsed>true</parsed>
<columns itemClass="oracle.dbtools.crest.model.design.relational.Column">
<Column name="Colaborador_ID_colaborador" id="E68ADD06-F92F-4765-9766-50430A40667B">
<createdBy>xrpp</createdBy>
<createdTime>2022-11-21 19:27:00 UTC</createdTime>
<ownerDesignName>YH_magement</ownerDesignName>
<importedID>56250E45-F146-5EBE-4A85-5883CD7A14CE</importedID>
<useDomainConstraints>false</useDomainConstraints>
<use>1</use>
<logicalDatatype>LOGDT011</logicalDatatype>
<ownDataTypeParameters>,,</ownDataTypeParameters>
<autoIncrementCycle>false</autoIncrementCycle>
<associations>
<colAssociation fkAssociation="0955AC60-4826-6F1F-630B-9E3E045B0C7C" referredColumn="F6B0CC21-1A2B-D453-5CDA-770E75D28294"/>
</associations>
</Column>
<Column name="Asiento_Caja_ID" id="773E6BC0-31DB-4975-6F08-CD23BF730051">
<createdBy>xrpp</createdBy>
<createdTime>2022-11-21 19:27:00 UTC</createdTime>
<ownerDesignName>YH_magement</ownerDesignName>
<importedID>6D258A93-11C2-2D96-B999-07C56A2728B4</importedID>
<useDomainConstraints>false</useDomainConstraints>
<use>1</use>
<logicalDatatype>LOGDT011</logicalDatatype>
<ownDataTypeParameters>,,</ownDataTypeParameters>
<autoIncrementCycle>false</autoIncrementCycle>
<associations>
<colAssociation fkAssociation="2C3CC3C5-48DD-CCEE-F74D-A95D3512A57B" referredColumn="749AA142-0B94-D43B-E51D-E2BF691D9753"/>
</associations>
</Column>
</columns>
<indexes itemClass="oracle.dbtools.crest.model.design.relational.Index">
<ind_PK_UK id="AC91B496-F76B-B0C9-04CA-6D50943D3458" name="Relation_14_PK">
<createdBy>xrpp</createdBy>
<createdTime>2022-11-21 19:27:00 UTC</createdTime>
<ownerDesignName>YH_magement</ownerDesignName>
<importedID>7A00B47F-975B-A807-90E3-360076FE46D5</importedID>
<pk>true</pk>
<indexState>Primary Constraint</indexState>
<isSurrogateKey>false</isSurrogateKey>
<indexColumnUsage>
<colUsage columnID="E68ADD06-F92F-4765-9766-50430A40667B"/>
<colUsage columnID="773E6BC0-31DB-4975-6F08-CD23BF730051"/>
</indexColumnUsage>
</ind_PK_UK>
<ind_PK_UK id="0DF3765B-C318-5E6E-1F5E-6ED071AC8BD6" name="Relation_14_Colaborador_FK">
<createdBy>xrpp</createdBy>
<createdTime>2022-11-21 19:27:00 UTC</createdTime>
<generatorID>796EF197-18B4-8813-66FE-D01D8ACB67EB</generatorID>
<ownerDesignName>YH_magement</ownerDesignName>
<indexState>Foreign Key</indexState>
<isSurrogateKey>false</isSurrogateKey>
<indexColumnUsage>
<colUsage columnID="E68ADD06-F92F-4765-9766-50430A40667B"/>
</indexColumnUsage>
</ind_PK_UK>
<ind_PK_UK id="E56290F2-2545-594B-D062-B1B4753EAEA7" name="Relation_14_Asiento_Caja_FK">
<createdBy>xrpp</createdBy>
<createdTime>2022-11-21 19:27:00 UTC</createdTime>
<generatorID>796EF197-18B4-8813-66FE-D01D8ACB67EB</generatorID>
<ownerDesignName>YH_magement</ownerDesignName>
<indexState>Foreign Key</indexState>
<isSurrogateKey>false</isSurrogateKey>
<indexColumnUsage>
<colUsage columnID="773E6BC0-31DB-4975-6F08-CD23BF730051"/>
</indexColumnUsage>
</ind_PK_UK>
</indexes>
</Table>