<?xml version = '1.0' encoding = 'UTF-8'?>
<Table class="oracle.dbtools.crest.model.design.relational.Table" directorySegmentName="seg_0" id="0DE81B72-F0C4-221C-FF81-4E706958B9AD" name="Relation_13">
<createdBy>xrpp</createdBy>
<createdTime>2022-11-21 19:27:00 UTC</createdTime>
<ownerDesignName>YH_magement</ownerDesignName>
<importedID>3721ED54-3487-F10D-9890-C681A4F86603</importedID>
<ordsAlias>relation_13</ordsAlias>
<allowColumnReorder>false</allowColumnReorder>
<existDependencyGenerateInDDl>true</existDependencyGenerateInDDl>
<parsed>true</parsed>
<columns itemClass="oracle.dbtools.crest.model.design.relational.Column">
<Column name="Representado_ID" id="F9E6F09E-FFAF-F719-3380-87C224575677">
<createdBy>xrpp</createdBy>
<createdTime>2022-11-21 19:27:00 UTC</createdTime>
<ownerDesignName>YH_magement</ownerDesignName>
<importedID>97C52A93-43BC-E040-5E0B-BFA2F6A1974D</importedID>
<useDomainConstraints>false</useDomainConstraints>
<use>1</use>
<logicalDatatype>LOGDT011</logicalDatatype>
<ownDataTypeParameters>,,</ownDataTypeParameters>
<autoIncrementCycle>false</autoIncrementCycle>
<associations>
<colAssociation fkAssociation="F278CBBB-54C0-3DC7-A56A-1CBD0CCF0629" referredColumn="2B35F4E6-F863-DA41-7860-79004ED76551"/>
</associations>
</Column>
<Column name="Asiento_Caja_ID" id="6E776BD2-4754-8E2F-2EEE-A49ED9BF825C">
<createdBy>xrpp</createdBy>
<createdTime>2022-11-21 19:27:00 UTC</createdTime>
<ownerDesignName>YH_magement</ownerDesignName>
<importedID>FDF6DE0A-9710-9429-1CD7-3C9FE1DFE593</importedID>
<useDomainConstraints>false</useDomainConstraints>
<use>1</use>
<logicalDatatype>LOGDT011</logicalDatatype>
<ownDataTypeParameters>,,</ownDataTypeParameters>
<autoIncrementCycle>false</autoIncrementCycle>
<associations>
<colAssociation fkAssociation="5D369034-1015-3BA4-9BB5-9E9E6D279409" referredColumn="749AA142-0B94-D43B-E51D-E2BF691D9753"/>
</associations>
</Column>
</columns>
<indexes itemClass="oracle.dbtools.crest.model.design.relational.Index">
<ind_PK_UK id="4E0BB1A3-1619-454B-42EC-FEBBE4662F11" name="Relation_13_PK">
<createdBy>xrpp</createdBy>
<createdTime>2022-11-21 19:27:00 UTC</createdTime>
<ownerDesignName>YH_magement</ownerDesignName>
<importedID>23FC3EE4-8803-ACEA-D85A-C39160ACCB31</importedID>
<pk>true</pk>
<indexState>Primary Constraint</indexState>
<isSurrogateKey>false</isSurrogateKey>
<indexColumnUsage>
<colUsage columnID="F9E6F09E-FFAF-F719-3380-87C224575677"/>
<colUsage columnID="6E776BD2-4754-8E2F-2EEE-A49ED9BF825C"/>
</indexColumnUsage>
</ind_PK_UK>
<ind_PK_UK id="925A06B9-36CE-B57F-209A-C8A83FC0464A" name="Relation_13_Asiento_Caja_FK">
<createdBy>xrpp</createdBy>
<createdTime>2022-11-21 19:27:00 UTC</createdTime>
<generatorID>5E53B8EC-CA03-4D9F-CBAB-D11E886FB980</generatorID>
<ownerDesignName>YH_magement</ownerDesignName>
<indexState>Foreign Key</indexState>
<isSurrogateKey>false</isSurrogateKey>
<indexColumnUsage>
<colUsage columnID="6E776BD2-4754-8E2F-2EEE-A49ED9BF825C"/>
</indexColumnUsage>
</ind_PK_UK>
<ind_PK_UK id="41B82009-045E-788F-3DF3-73BB525CF1DD" name="Relation_13_Representado_FK">
<createdBy>xrpp</createdBy>
<createdTime>2022-11-21 19:27:00 UTC</createdTime>
<generatorID>5E53B8EC-CA03-4D9F-CBAB-D11E886FB980</generatorID>
<ownerDesignName>YH_magement</ownerDesignName>
<indexState>Foreign Key</indexState>
<isSurrogateKey>false</isSurrogateKey>
<indexColumnUsage>
<colUsage columnID="F9E6F09E-FFAF-F719-3380-87C224575677"/>
</indexColumnUsage>
</ind_PK_UK>
</indexes>
</Table>