<?xml version = '1.0' encoding = 'UTF-8'?>
<Table class="oracle.dbtools.crest.model.design.relational.Table" directorySegmentName="seg_0" id="28052CB9-43B4-4F21-DAB5-AE0AD0C16551" name="Representado">
<createdBy>xrpp</createdBy>
<createdTime>2022-11-21 19:27:00 UTC</createdTime>
<generatorID>1AAAD478-09DB-9CBF-D94E-28FF626504C0</generatorID>
<ownerDesignName>YH_magement</ownerDesignName>
<importedID>1388DB67-0437-3B79-A2F2-2AD89035693C</importedID>
<allowColumnReorder>false</allowColumnReorder>
<existDependencyGenerateInDDl>true</existDependencyGenerateInDDl>
<parsed>true</parsed>
<columns itemClass="oracle.dbtools.crest.model.design.relational.Column">
<Column name="ID" id="2B35F4E6-F863-DA41-7860-79004ED76551">
<createdBy>xrpp</createdBy>
<createdTime>2022-11-21 19:27:00 UTC</createdTime>
<generatorID>112CDE4E-7711-8E84-AA91-48E381BE4563</generatorID>
<ownerDesignName>YH_magement</ownerDesignName>
<importedID>141E28EF-C315-667B-4D97-81D8700AC8A2</importedID>
<useDomainConstraints>false</useDomainConstraints>
<use>1</use>
<logicalDatatype>LOGDT011</logicalDatatype>
<ownDataTypeParameters>,,</ownDataTypeParameters>
<autoIncrementCycle>false</autoIncrementCycle>
</Column>
<Column name="DatosPersonales_DNI_NIE_NIF" id="718C61D3-3FA4-9BD9-AA82-99839FBD777F">
<createdBy>xrpp</createdBy>
<createdTime>2022-11-21 19:27:00 UTC</createdTime>
<generatorID>BA273BD0-963B-67F2-42CE-163FCC4323BF</generatorID>
<ownerDesignName>YH_magement</ownerDesignName>
<importedID>3C6EC1E8-A0E1-8EAB-4BE6-AFB7AAAF0D31</importedID>
<useDomainConstraints>false</useDomainConstraints>
<use>1</use>
<logicalDatatype>LOGDT024</logicalDatatype>
<dataTypeSize>15</dataTypeSize>
<ownDataTypeParameters>15,,</ownDataTypeParameters>
<autoIncrementCycle>false</autoIncrementCycle>
<associations>
<colAssociation fkAssociation="B75706DB-15BC-BE2A-A0E0-CF58F84C4DA7" referredColumn="D0A607CB-9361-CAFC-3AFE-874D8C1520E3"/>
</associations>
</Column>
<Column name="Medidas_ID_med" id="1D724E62-C90A-EEF2-F3CB-3929DA5EB737">
<createdBy>xrpp</createdBy>
<createdTime>2022-11-21 19:27:00 UTC</createdTime>
<generatorID>A787D24A-1AE0-D7EF-0E81-901E83CB8DF5</generatorID>
<ownerDesignName>YH_magement</ownerDesignName>
<importedID>D82D2B7C-EE98-7CFB-4557-6A60D605203F</importedID>
<useDomainConstraints>false</useDomainConstraints>
<use>1</use>
<logicalDatatype>LOGDT011</logicalDatatype>
<ownDataTypeParameters>,,</ownDataTypeParameters>
<autoIncrementCycle>false</autoIncrementCycle>
<associations>
<colAssociation fkAssociation="F17E12EE-8DA4-E7A7-C9FB-D3AFB03469FD" referredColumn="3DAFB926-8917-E03D-A375-B9926E7281E5"/>
</associations>
</Column>
<Column name="Aptitudes_ID_apt" id="A6DC91B7-CD51-D63A-7A39-D7E5312D8EF1">
<createdBy>xrpp</createdBy>
<createdTime>2022-11-21 19:27:00 UTC</createdTime>
<generatorID>73530D9B-F59C-B040-315C-A2D84E4C2279</generatorID>
<ownerDesignName>YH_magement</ownerDesignName>
<importedID>03A9D538-D301-496E-D194-515863329111</importedID>
<useDomainConstraints>false</useDomainConstraints>
<use>1</use>
<logicalDatatype>LOGDT011</logicalDatatype>
<ownDataTypeParameters>,,</ownDataTypeParameters>
<autoIncrementCycle>false</autoIncrementCycle>
<associations>
<colAssociation fkAssociation="90EC9FAC-6AF3-FA9E-3A3D-E86DEA4D3BA4" referredColumn="5E66538D-0837-4808-BA19-47204EEE15E3"/>
</associations>
</Column>
<Column name="Media_ID_Media" id="8FCAB35F-E0AE-831C-2DFE-F24F5A5A2B14">
<createdBy>xrpp</createdBy>
<createdTime>2022-11-21 19:27:00 UTC</createdTime>
<generatorID>0C618566-8A2B-B3D6-DD2D-B8862E5ABDA6</generatorID>
<ownerDesignName>YH_magement</ownerDesignName>
<importedID>463C7B69-0A21-1B6D-8CDE-2BA8B0AD3E15</importedID>
<useDomainConstraints>false</useDomainConstraints>
<use>1</use>
<logicalDatatype>LOGDT011</logicalDatatype>
<ownDataTypeParameters>,,</ownDataTypeParameters>
<autoIncrementCycle>false</autoIncrementCycle>
<associations>
<colAssociation fkAssociation="914A2C90-93BB-279F-1640-E8ABF2CE805E" referredColumn="38E9A71F-1258-32B9-3DAC-09B6D44CA091"/>
</associations>
</Column>
<Column name="Fecha_alta" id="8C417C3B-F4AC-98BB-E2CD-531CEEC5A6A9">
<createdBy>xrpp</createdBy>
<createdTime>2022-11-21 19:43:56 UTC</createdTime>
<generatorID>36FD2F12-FEB3-450B-6990-26DC618FC691</generatorID>
<ownerDesignName>YH_magement</ownerDesignName>
<useDomainConstraints>false</useDomainConstraints>
<use>1</use>
<logicalDatatype>LOGDT007</logicalDatatype>
<ownDataTypeParameters>,,</ownDataTypeParameters>
<autoIncrementCycle>false</autoIncrementCycle>
</Column>
</columns>
<indexes itemClass="oracle.dbtools.crest.model.design.relational.Index">
<ind_PK_UK id="86CD008C-CEF0-CE18-DF22-DDF7C9D75054" name="Representado_PK">
<createdBy>xrpp</createdBy>
<createdTime>2022-11-21 19:27:00 UTC</createdTime>
<generatorID>68C4846D-546F-3E04-0969-24A0FD7EDFD2</generatorID>
<ownerDesignName>YH_magement</ownerDesignName>
<importedID>9253F7EB-1283-3F72-7E5A-E08211A271DF</importedID>
<pk>true</pk>
<indexState>Primary Constraint</indexState>
<isSurrogateKey>false</isSurrogateKey>
<indexColumnUsage>
<colUsage columnID="2B35F4E6-F863-DA41-7860-79004ED76551"/>
</indexColumnUsage>
</ind_PK_UK>
<ind_PK_UK id="0DBDF09C-7686-9801-BB4A-51410ABA7AEE" name="Representado_Media_FK">
<createdBy>xrpp</createdBy>
<createdTime>2022-11-21 19:27:00 UTC</createdTime>
<generatorID>F3FCFBE4-EF76-1F18-D876-505EF0A4B719</generatorID>
<ownerDesignName>YH_magement</ownerDesignName>
<indexState>Foreign Key</indexState>
<isSurrogateKey>false</isSurrogateKey>
<indexColumnUsage>
<colUsage columnID="8FCAB35F-E0AE-831C-2DFE-F24F5A5A2B14"/>
</indexColumnUsage>
</ind_PK_UK>
<ind_PK_UK id="130DB852-7D26-45B2-DF9B-768BAB4EC814" name="Representado_Aptitudes_FK">
<createdBy>xrpp</createdBy>
<createdTime>2022-11-21 19:27:00 UTC</createdTime>
<generatorID>06BFACC1-F48F-D2EC-C0A4-EE2370EB03BA</generatorID>
<ownerDesignName>YH_magement</ownerDesignName>
<indexState>Foreign Key</indexState>
<isSurrogateKey>false</isSurrogateKey>
<indexColumnUsage>
<colUsage columnID="A6DC91B7-CD51-D63A-7A39-D7E5312D8EF1"/>
</indexColumnUsage>
</ind_PK_UK>
<ind_PK_UK id="0B690A24-723F-26DE-6F8F-38D8283709CB" name="Representado_Medidas_FK">
<createdBy>xrpp</createdBy>
<createdTime>2022-11-21 19:27:00 UTC</createdTime>
<generatorID>EE2F3E29-9790-514F-930E-E714354A05AA</generatorID>
<ownerDesignName>YH_magement</ownerDesignName>
<indexState>Foreign Key</indexState>
<isSurrogateKey>false</isSurrogateKey>
<indexColumnUsage>
<colUsage columnID="1D724E62-C90A-EEF2-F3CB-3929DA5EB737"/>
</indexColumnUsage>
</ind_PK_UK>
<ind_PK_UK id="A1483680-BBD2-FABB-8C09-2461FCA45415" name="Representado_DatosPersonales_FK">
<createdBy>xrpp</createdBy>
<createdTime>2022-11-21 19:27:01 UTC</createdTime>
<generatorID>E626E66D-BDA0-42C3-F9DD-111712483BDE</generatorID>
<ownerDesignName>YH_magement</ownerDesignName>
<indexState>Foreign Key</indexState>
<isSurrogateKey>false</isSurrogateKey>
<indexColumnUsage>
<colUsage columnID="718C61D3-3FA4-9BD9-AA82-99839FBD777F"/>
</indexColumnUsage>
</ind_PK_UK>
</indexes>
</Table>