<?xml version = '1.0' encoding = 'UTF-8'?>
<Table class="oracle.dbtools.crest.model.design.relational.Table" directorySegmentName="seg_0" id="2F2B2C0C-E74D-1845-1D18-B3AD15E16FBA" name="Relation_11">
<createdBy>xrpp</createdBy>
<createdTime>2022-11-21 19:27:00 UTC</createdTime>
<ownerDesignName>YH_magement</ownerDesignName>
<importedID>F282A3D2-A0AB-91EA-9D48-4CB5AC7AF7F1</importedID>
<ordsAlias>relation_11</ordsAlias>
<allowColumnReorder>false</allowColumnReorder>
<existDependencyGenerateInDDl>true</existDependencyGenerateInDDl>
<parsed>true</parsed>
<columns itemClass="oracle.dbtools.crest.model.design.relational.Column">
<Column name="Empleado_ID_empleado" id="6544CF23-AB7A-AEF7-1DAE-CD7D625A4264">
<createdBy>xrpp</createdBy>
<createdTime>2022-11-21 19:27:00 UTC</createdTime>
<ownerDesignName>YH_magement</ownerDesignName>
<importedID>2440ADC2-19FB-6E6D-720B-7CEB4AE1EBD3</importedID>
<useDomainConstraints>false</useDomainConstraints>
<use>1</use>
<logicalDatatype>LOGDT011</logicalDatatype>
<ownDataTypeParameters>,,</ownDataTypeParameters>
<autoIncrementCycle>false</autoIncrementCycle>
<associations>
<colAssociation fkAssociation="B1794AB0-9C5F-4BC8-7333-C1767744B52C" referredColumn="9065E3B0-C288-7AFA-1D46-663AEED25F8D"/>
</associations>
</Column>
<Column name="Evento_ID" id="3D398E94-D2CC-EBC3-C42D-215DCE1C5ADB">
<createdBy>xrpp</createdBy>
<createdTime>2022-11-21 19:27:00 UTC</createdTime>
<ownerDesignName>YH_magement</ownerDesignName>
<importedID>163BDF91-9F04-F645-E037-37520048D35B</importedID>
<useDomainConstraints>false</useDomainConstraints>
<use>1</use>
<logicalDatatype>LOGDT011</logicalDatatype>
<ownDataTypeParameters>,,</ownDataTypeParameters>
<autoIncrementCycle>false</autoIncrementCycle>
<associations>
<colAssociation fkAssociation="74F612BE-3182-5B2F-4B0F-08A1DAFA0BDF" referredColumn="2B4D83F8-96BF-9F1E-6AD2-7CEBFD27BE0A"/>
</associations>
</Column>
</columns>
<indexes itemClass="oracle.dbtools.crest.model.design.relational.Index">
<ind_PK_UK id="8F61E4E8-0DCC-FC52-FBC0-FE961415FD43" name="Relation_11_PK">
<createdBy>xrpp</createdBy>
<createdTime>2022-11-21 19:27:00 UTC</createdTime>
<ownerDesignName>YH_magement</ownerDesignName>
<importedID>128912F1-C951-5F75-7E69-5CA7D6D56B36</importedID>
<pk>true</pk>
<indexState>Primary Constraint</indexState>
<isSurrogateKey>false</isSurrogateKey>
<indexColumnUsage>
<colUsage columnID="6544CF23-AB7A-AEF7-1DAE-CD7D625A4264"/>
<colUsage columnID="3D398E94-D2CC-EBC3-C42D-215DCE1C5ADB"/>
</indexColumnUsage>
</ind_PK_UK>
<ind_PK_UK id="4ED92E4B-2BE3-3F65-5F9F-2E816709B81B" name="Relation_11_Evento_FK">
<createdBy>xrpp</createdBy>
<createdTime>2022-11-21 19:27:00 UTC</createdTime>
<generatorID>6AC6E6A8-295E-6341-4729-A6E7876182DF</generatorID>
<ownerDesignName>YH_magement</ownerDesignName>
<indexState>Foreign Key</indexState>
<isSurrogateKey>false</isSurrogateKey>
<indexColumnUsage>
<colUsage columnID="3D398E94-D2CC-EBC3-C42D-215DCE1C5ADB"/>
</indexColumnUsage>
</ind_PK_UK>
<ind_PK_UK id="F023624E-E1D0-1536-9B1B-8CFB87C4916A" name="Relation_11_Empleado_FK">
<createdBy>xrpp</createdBy>
<createdTime>2022-11-21 19:27:01 UTC</createdTime>
<generatorID>6AC6E6A8-295E-6341-4729-A6E7876182DF</generatorID>
<ownerDesignName>YH_magement</ownerDesignName>
<indexState>Foreign Key</indexState>
<isSurrogateKey>false</isSurrogateKey>
<indexColumnUsage>
<colUsage columnID="6544CF23-AB7A-AEF7-1DAE-CD7D625A4264"/>
</indexColumnUsage>
</ind_PK_UK>
</indexes>
</Table>