<?xml version = '1.0' encoding = 'UTF-8'?>
<Table class="oracle.dbtools.crest.model.design.relational.Table" directorySegmentName="seg_0" id="471A0D94-B2B5-DBE1-5457-44D138EAE22B" name="Operacion_Caja">
<createdBy>xrpp</createdBy>
<createdTime>2022-11-21 19:27:00 UTC</createdTime>
<generatorID>A3B6D052-F371-3CC0-3327-CE080A557A67</generatorID>
<ownerDesignName>YH_magement</ownerDesignName>
<importedID>40F478F9-52CE-978C-A7F7-CEBD91AAF806</importedID>
<ordsAlias>asiento_caja</ordsAlias>
<allowColumnReorder>false</allowColumnReorder>
<existDependencyGenerateInDDl>true</existDependencyGenerateInDDl>
<parsed>true</parsed>
<columns itemClass="oracle.dbtools.crest.model.design.relational.Column">
<Column name="ID" id="749AA142-0B94-D43B-E51D-E2BF691D9753">
<createdBy>xrpp</createdBy>
<createdTime>2022-11-21 19:27:00 UTC</createdTime>
<generatorID>82A73FCF-B61D-05F5-1C95-81B7CC22D308</generatorID>
<ownerDesignName>YH_magement</ownerDesignName>
<importedID>4227DB17-9E01-BB46-35B1-76AEC3894300</importedID>
<useDomainConstraints>false</useDomainConstraints>
<use>1</use>
<logicalDatatype>LOGDT011</logicalDatatype>
<ownDataTypeParameters>,,</ownDataTypeParameters>
<autoIncrementCycle>false</autoIncrementCycle>
</Column>
<Column name="Fecha" id="75B19328-450F-33DC-34B3-722C5DDF2015">
<createdBy>xrpp</createdBy>
<createdTime>2022-11-21 19:27:00 UTC</createdTime>
<generatorID>F956D944-6160-207C-6D15-143DBB98B4F0</generatorID>
<ownerDesignName>YH_magement</ownerDesignName>
<importedID>4CA21B18-E41E-B51E-2555-B0C9F4239E83</importedID>
<useDomainConstraints>false</useDomainConstraints>
<use>1</use>
<logicalDatatype>LOGDT007</logicalDatatype>
<ownDataTypeParameters>,,</ownDataTypeParameters>
<autoIncrementCycle>false</autoIncrementCycle>
</Column>
<Column name="Tipo" id="76FBE4DE-E69A-4662-B161-892DAE303FF2">
<createdBy>xrpp</createdBy>
<createdTime>2022-11-21 19:27:00 UTC</createdTime>
<generatorID>B5B2436E-BB32-607D-7037-B5ADE74E0E14</generatorID>
<ownerDesignName>YH_magement</ownerDesignName>
<importedID>9929D6A3-1983-D096-EA04-48DB227ED9FB</importedID>
<useDomainConstraints>false</useDomainConstraints>
<use>1</use>
<logicalDatatype>LOGDT024</logicalDatatype>
<dataTypeSize>15</dataTypeSize>
<ownDataTypeParameters>15,,</ownDataTypeParameters>
<autoIncrementCycle>false</autoIncrementCycle>
</Column>
<Column name="Importe" id="0AA34CF7-E3B0-431C-4971-B756C0962220">
<createdBy>xrpp</createdBy>
<createdTime>2022-11-21 19:27:00 UTC</createdTime>
<generatorID>1D9BA796-6DD2-E4D6-00F3-26E21E0BBE50</generatorID>
<ownerDesignName>YH_magement</ownerDesignName>
<importedID>AD912290-EED8-3B3B-5613-45797D314512</importedID>
<useDomainConstraints>false</useDomainConstraints>
<use>1</use>
<logicalDatatype>LOGDT043</logicalDatatype>
<dataTypePrecision>2</dataTypePrecision>
<dataTypeScale>10</dataTypeScale>
<ownDataTypeParameters>,2,10</ownDataTypeParameters>
<autoIncrementCycle>false</autoIncrementCycle>
</Column>
</columns>
<indexes itemClass="oracle.dbtools.crest.model.design.relational.Index">
<ind_PK_UK id="E112D37D-91A4-DE17-3E0F-DB6EF269652C" name="Asiento_Caja_PK">
<createdBy>xrpp</createdBy>
<createdTime>2022-11-21 19:27:00 UTC</createdTime>
<generatorID>3224EC13-148B-3C23-513D-04F9B2428E5D</generatorID>
<ownerDesignName>YH_magement</ownerDesignName>
<importedID>4C29CC9E-93FC-924B-1EB8-C414E9FA2EBE</importedID>
<pk>true</pk>
<indexState>Primary Constraint</indexState>
<isSurrogateKey>false</isSurrogateKey>
<indexColumnUsage>
<colUsage columnID="749AA142-0B94-D43B-E51D-E2BF691D9753"/>
</indexColumnUsage>
</ind_PK_UK>
</indexes>
</Table>