<?xml version = '1.0' encoding = 'UTF-8'?>
<Table class="oracle.dbtools.crest.model.design.relational.Table" directorySegmentName="seg_0" id="555E5B8B-2775-E04F-24EA-DB5C35767D96" name="Relation_12">
<createdBy>xrpp</createdBy>
<createdTime>2022-11-21 19:27:00 UTC</createdTime>
<ownerDesignName>YH_magement</ownerDesignName>
<importedID>417D33FA-7208-8C49-DB5A-B78EEE7E00AA</importedID>
<ordsAlias>relation_12</ordsAlias>
<allowColumnReorder>false</allowColumnReorder>
<existDependencyGenerateInDDl>true</existDependencyGenerateInDDl>
<parsed>true</parsed>
<columns itemClass="oracle.dbtools.crest.model.design.relational.Column">
<Column name="Cliente_ID_cliente" id="B13CDBA8-A21D-BBB3-3F95-4DFED9D0A26F">
<createdBy>xrpp</createdBy>
<createdTime>2022-11-21 19:27:00 UTC</createdTime>
<ownerDesignName>YH_magement</ownerDesignName>
<importedID>0B6E146B-BE33-5D4D-A488-40091B7D0803</importedID>
<useDomainConstraints>false</useDomainConstraints>
<use>1</use>
<logicalDatatype>LOGDT011</logicalDatatype>
<ownDataTypeParameters>,,</ownDataTypeParameters>
<autoIncrementCycle>false</autoIncrementCycle>
<associations>
<colAssociation fkAssociation="1E15CE9D-5950-FEA1-11D7-7581474D13FC" referredColumn="C93DF2D1-21F4-6FDE-98C8-748BFA43E6DB"/>
</associations>
</Column>
<Column name="Evento_ID" id="BFC27517-C71F-DDED-E334-F444A4EB22CE">
<createdBy>xrpp</createdBy>
<createdTime>2022-11-21 19:27:00 UTC</createdTime>
<ownerDesignName>YH_magement</ownerDesignName>
<importedID>CF32E6FC-9717-0F9F-DA89-0DBDADF203C1</importedID>
<useDomainConstraints>false</useDomainConstraints>
<use>1</use>
<logicalDatatype>LOGDT011</logicalDatatype>
<ownDataTypeParameters>,,</ownDataTypeParameters>
<autoIncrementCycle>false</autoIncrementCycle>
<associations>
<colAssociation fkAssociation="D70BA43F-FD6A-AF7A-6AE2-9B9AF0EB3260" referredColumn="2B4D83F8-96BF-9F1E-6AD2-7CEBFD27BE0A"/>
</associations>
</Column>
</columns>
<indexes itemClass="oracle.dbtools.crest.model.design.relational.Index">
<ind_PK_UK id="16270B53-56D8-3D9E-8199-B36AB98C02E5" name="Relation_12_PK">
<createdBy>xrpp</createdBy>
<createdTime>2022-11-21 19:27:00 UTC</createdTime>
<ownerDesignName>YH_magement</ownerDesignName>
<importedID>695842A6-01D7-E38E-4B27-1F64C05C9EF9</importedID>
<pk>true</pk>
<indexState>Primary Constraint</indexState>
<isSurrogateKey>false</isSurrogateKey>
<indexColumnUsage>
<colUsage columnID="B13CDBA8-A21D-BBB3-3F95-4DFED9D0A26F"/>
<colUsage columnID="BFC27517-C71F-DDED-E334-F444A4EB22CE"/>
</indexColumnUsage>
</ind_PK_UK>
<ind_PK_UK id="47423C38-4FD3-A7F5-B4EC-AE42F1F7138B" name="Relation_12_Cliente_FK">
<createdBy>xrpp</createdBy>
<createdTime>2022-11-21 19:27:00 UTC</createdTime>
<generatorID>1BD8585D-8E37-B125-D521-9A7C0E7E4D00</generatorID>
<ownerDesignName>YH_magement</ownerDesignName>
<indexState>Foreign Key</indexState>
<isSurrogateKey>false</isSurrogateKey>
<indexColumnUsage>
<colUsage columnID="B13CDBA8-A21D-BBB3-3F95-4DFED9D0A26F"/>
</indexColumnUsage>
</ind_PK_UK>
<ind_PK_UK id="878312C9-33F4-4428-4EE8-D40C6D236028" name="Relation_12_Evento_FK">
<createdBy>xrpp</createdBy>
<createdTime>2022-11-21 19:27:01 UTC</createdTime>
<generatorID>1BD8585D-8E37-B125-D521-9A7C0E7E4D00</generatorID>
<ownerDesignName>YH_magement</ownerDesignName>
<indexState>Foreign Key</indexState>
<isSurrogateKey>false</isSurrogateKey>
<indexColumnUsage>
<colUsage columnID="BFC27517-C71F-DDED-E334-F444A4EB22CE"/>
</indexColumnUsage>
</ind_PK_UK>
</indexes>
</Table>