<?xml version = '1.0' encoding = 'UTF-8'?>
<Table class="oracle.dbtools.crest.model.design.relational.Table" directorySegmentName="seg_0" id="55833BD8-053A-5092-814E-176F7906BB16" name="Empleado">
<createdBy>xrpp</createdBy>
<createdTime>2022-11-21 19:27:00 UTC</createdTime>
<generatorID>C94BD484-0F0A-E1C0-62C3-2E946E68FB17</generatorID>
<ownerDesignName>YH_magement</ownerDesignName>
<importedID>3AF4EE8C-0A33-A1B5-AD95-B23FF8FB0B82</importedID>
<allowColumnReorder>false</allowColumnReorder>
<existDependencyGenerateInDDl>true</existDependencyGenerateInDDl>
<parsed>true</parsed>
<columns itemClass="oracle.dbtools.crest.model.design.relational.Column">
<Column name="ID_empleado" id="9065E3B0-C288-7AFA-1D46-663AEED25F8D">
<createdBy>xrpp</createdBy>
<createdTime>2022-11-21 19:27:00 UTC</createdTime>
<generatorID>7DA91ACD-2B27-F47A-6BAC-764C87B8A67E</generatorID>
<ownerDesignName>YH_magement</ownerDesignName>
<importedID>8A23AC3C-595C-B4A1-AEF5-0A061CDA6A19</importedID>
<useDomainConstraints>false</useDomainConstraints>
<use>1</use>
<logicalDatatype>LOGDT011</logicalDatatype>
<ownDataTypeParameters>,,</ownDataTypeParameters>
<autoIncrementCycle>false</autoIncrementCycle>
</Column>
<Column name="Puesto" id="5B3F1403-A7DF-8980-EF64-34BDD8C80AC9">
<createdBy>xrpp</createdBy>
<createdTime>2022-11-21 19:27:00 UTC</createdTime>
<generatorID>25CBAD49-8449-04BD-BDC3-682EDE71DFBD</generatorID>
<ownerDesignName>YH_magement</ownerDesignName>
<importedID>8B3ECBC0-4E1C-BBCA-5BCC-5BB9ECC416DD</importedID>
<useDomainConstraints>false</useDomainConstraints>
<use>1</use>
<logicalDatatype>LOGDT024</logicalDatatype>
<dataTypeSize>30</dataTypeSize>
<ownDataTypeParameters>30,,</ownDataTypeParameters>
<autoIncrementCycle>false</autoIncrementCycle>
</Column>
<Column name="Nivel_acceso" id="C836BD04-C9F0-745C-B585-5A97243FA61E">
<createdBy>xrpp</createdBy>
<createdTime>2022-11-21 19:27:00 UTC</createdTime>
<generatorID>C125FEBE-E231-E724-ECDC-C74C34554C78</generatorID>
<ownerDesignName>YH_magement</ownerDesignName>
<importedID>FA818BE3-DB93-6E63-7DEE-B91C0D97EB2F</importedID>
<useDomainConstraints>false</useDomainConstraints>
<use>1</use>
<logicalDatatype>LOGDT024</logicalDatatype>
<dataTypeSize>30</dataTypeSize>
<ownDataTypeParameters>30,,</ownDataTypeParameters>
<autoIncrementCycle>false</autoIncrementCycle>
</Column>
<Column name="Contraseña" id="FC06F15C-0939-A300-AF40-C3DA9F24CFA6">
<createdBy>xrpp</createdBy>
<createdTime>2022-11-21 19:27:00 UTC</createdTime>
<generatorID>EEF44B60-1A40-5A2B-DB6D-ACBE36F94AF8</generatorID>
<ownerDesignName>YH_magement</ownerDesignName>
<importedID>83DD4BEA-C323-B52B-0764-7B26223726E4</importedID>
<useDomainConstraints>false</useDomainConstraints>
<use>1</use>
<logicalDatatype>LOGDT024</logicalDatatype>
<dataTypeSize>255</dataTypeSize>
<ownDataTypeParameters>255,,</ownDataTypeParameters>
<autoIncrementCycle>false</autoIncrementCycle>
</Column>
<Column name="DatosPersonales_DNI_NIE_NIF" id="26E8328C-3236-2F87-A024-6130FD4AB797">
<createdBy>xrpp</createdBy>
<createdTime>2022-11-21 19:27:00 UTC</createdTime>
<generatorID>7D84D917-F463-493C-D10D-CAFB7B098DC2</generatorID>
<ownerDesignName>YH_magement</ownerDesignName>
<importedID>63CC06F0-FB8F-C920-6367-710DF2C5E7D1</importedID>
<nullsAllowed>true</nullsAllowed>
<useDomainConstraints>false</useDomainConstraints>
<use>1</use>
<logicalDatatype>LOGDT024</logicalDatatype>
<dataTypeSize>15</dataTypeSize>
<ownDataTypeParameters>15,,</ownDataTypeParameters>
<autoIncrementCycle>false</autoIncrementCycle>
<associations>
<colAssociation fkAssociation="523266AD-016E-F986-0211-6CB805AFC53B" referredColumn="D0A607CB-9361-CAFC-3AFE-874D8C1520E3"/>
</associations>
</Column>
</columns>
<indexes itemClass="oracle.dbtools.crest.model.design.relational.Index">
<ind_PK_UK id="17511C16-1D53-F78A-FF92-20FA3B051AFC" name="Empleado_PK">
<createdBy>xrpp</createdBy>
<createdTime>2022-11-21 19:27:00 UTC</createdTime>
<generatorID>72CDC01C-670A-8E31-0FC4-F6429116A4B7</generatorID>
<ownerDesignName>YH_magement</ownerDesignName>
<importedID>9124A7ED-F12D-1765-0745-77F29EC0B517</importedID>
<pk>true</pk>
<indexState>Primary Constraint</indexState>
<isSurrogateKey>false</isSurrogateKey>
<indexColumnUsage>
<colUsage columnID="9065E3B0-C288-7AFA-1D46-663AEED25F8D"/>
</indexColumnUsage>
</ind_PK_UK>
<ind_PK_UK id="5669A2DB-B6EA-804B-CCF0-A2D71D39556E" name="Empleado_DatosPersonales_FK">
<createdBy>xrpp</createdBy>
<createdTime>2022-11-21 19:27:00 UTC</createdTime>
<generatorID>926778D4-87C2-44C5-66A8-A2DC85A0C25A</generatorID>
<ownerDesignName>YH_magement</ownerDesignName>
<indexState>Foreign Key</indexState>
<isSurrogateKey>false</isSurrogateKey>
<indexColumnUsage>
<colUsage columnID="26E8328C-3236-2F87-A024-6130FD4AB797"/>
</indexColumnUsage>
</ind_PK_UK>
</indexes>
</Table>