<?xml version = '1.0' encoding = 'UTF-8'?>
<Table class="oracle.dbtools.crest.model.design.relational.Table" directorySegmentName="seg_0" id="8DA25D3C-C4AD-753C-CA9B-2AD6CD21758B" name="Media">
<createdBy>xrpp</createdBy>
<createdTime>2022-11-21 19:27:00 UTC</createdTime>
<generatorID>9D047B1C-7B16-6788-B48B-C5A4D5897EDC</generatorID>
<ownerDesignName>YH_magement</ownerDesignName>
<importedID>D8A2B893-6C9C-40B5-7492-0529E9C60B30</importedID>
<allowColumnReorder>false</allowColumnReorder>
<existDependencyGenerateInDDl>true</existDependencyGenerateInDDl>
<parsed>true</parsed>
<columns itemClass="oracle.dbtools.crest.model.design.relational.Column">
<Column name="ID_Media" id="38E9A71F-1258-32B9-3DAC-09B6D44CA091">
<createdBy>xrpp</createdBy>
<createdTime>2022-11-21 19:27:00 UTC</createdTime>
<generatorID>401B4C53-18AC-0995-80B1-AC8281EC5D69</generatorID>
<ownerDesignName>YH_magement</ownerDesignName>
<importedID>6A3AEAEE-E23E-F440-3DD3-448B91788D48</importedID>
<useDomainConstraints>false</useDomainConstraints>
<use>1</use>
<logicalDatatype>LOGDT011</logicalDatatype>
<ownDataTypeParameters>,,</ownDataTypeParameters>
<autoIncrementCycle>false</autoIncrementCycle>
</Column>
<Column name="Fotos" id="26F9883C-22B7-98B9-6715-201458591168">
<createdBy>xrpp</createdBy>
<createdTime>2022-11-21 19:27:00 UTC</createdTime>
<generatorID>405A6A14-B490-74CE-0BA7-7CAB6AF0CACC</generatorID>
<ownerDesignName>YH_magement</ownerDesignName>
<importedID>785A1FC3-EDF4-2FE2-C298-27E87337EA7B</importedID>
<useDomainConstraints>false</useDomainConstraints>
<use>1</use>
<logicalDatatype>LOGDT024</logicalDatatype>
<dataTypeSize>200</dataTypeSize>
<ownDataTypeParameters>200,,</ownDataTypeParameters>
<autoIncrementCycle>false</autoIncrementCycle>
</Column>
<Column name="Videos" id="F0676822-28E6-E59E-4B9C-44E025014148">
<createdBy>xrpp</createdBy>
<createdTime>2022-11-21 19:27:00 UTC</createdTime>
<generatorID>916951EC-BA83-7D2E-184F-F81D6150F4F6</generatorID>
<ownerDesignName>YH_magement</ownerDesignName>
<importedID>91B86882-6A07-FF02-CAA5-04309D109232</importedID>
<nullsAllowed>true</nullsAllowed>
<useDomainConstraints>false</useDomainConstraints>
<use>1</use>
<logicalDatatype>LOGDT024</logicalDatatype>
<dataTypeSize>200</dataTypeSize>
<ownDataTypeParameters>200,,</ownDataTypeParameters>
<autoIncrementCycle>false</autoIncrementCycle>
</Column>
<Column name="Redes_sociales" id="6CFF0138-E972-6E5C-026F-B0A364795DFE">
<createdBy>xrpp</createdBy>
<createdTime>2022-11-21 19:27:00 UTC</createdTime>
<generatorID>614CEDA5-9ABF-B350-9383-B5D6FAF4AEBD</generatorID>
<ownerDesignName>YH_magement</ownerDesignName>
<importedID>71E76C0B-1540-A499-0871-76AC694FB5B8</importedID>
<useDomainConstraints>false</useDomainConstraints>
<use>1</use>
<logicalDatatype>LOGDT024</logicalDatatype>
<dataTypeSize>255</dataTypeSize>
<ownDataTypeParameters>255,,</ownDataTypeParameters>
<autoIncrementCycle>false</autoIncrementCycle>
</Column>
<Column name="Entrevista_ID_entrevista" id="9422AC02-7607-D3AB-B528-7C498B31979D">
<createdBy>xrpp</createdBy>
<createdTime>2022-11-21 19:27:00 UTC</createdTime>
<generatorID>48C87D8D-FF7E-D5DA-9DEB-DA164B343F4B</generatorID>
<ownerDesignName>YH_magement</ownerDesignName>
<importedID>6EE4C245-829B-C61E-50EA-48ECA4C6AE99</importedID>
<useDomainConstraints>false</useDomainConstraints>
<use>1</use>
<logicalDatatype>LOGDT011</logicalDatatype>
<ownDataTypeParameters>,,</ownDataTypeParameters>
<autoIncrementCycle>false</autoIncrementCycle>
<associations>
<colAssociation fkAssociation="CD98ABDE-C2E8-AB03-87B2-72A93009A11C" referredColumn="FFBED6A2-DC6A-8681-178F-F1E6CE5520A0"/>
</associations>
</Column>
</columns>
<indexes itemClass="oracle.dbtools.crest.model.design.relational.Index">
<ind_PK_UK id="8F4CBC8B-7B32-9BBA-52C2-DEC9701CA130" name="Media_PK">
<createdBy>xrpp</createdBy>
<createdTime>2022-11-21 19:27:00 UTC</createdTime>
<generatorID>707BAF55-1796-B12F-C688-F3D375ECD8B3</generatorID>
<ownerDesignName>YH_magement</ownerDesignName>
<importedID>FAA579F0-470F-5B02-E824-6A5BF60D489E</importedID>
<pk>true</pk>
<indexState>Primary Constraint</indexState>
<isSurrogateKey>false</isSurrogateKey>
<indexColumnUsage>
<colUsage columnID="38E9A71F-1258-32B9-3DAC-09B6D44CA091"/>
</indexColumnUsage>
</ind_PK_UK>
<ind_PK_UK id="87CC4B3F-E46F-37E2-613F-4EF9552B374B" name="Media_Entrevista_FK">
<createdBy>xrpp</createdBy>
<createdTime>2022-11-21 19:27:01 UTC</createdTime>
<generatorID>948F0A99-035B-C1EE-1390-2BE77D61406C</generatorID>
<ownerDesignName>YH_magement</ownerDesignName>
<indexState>Foreign Key</indexState>
<isSurrogateKey>false</isSurrogateKey>
<indexColumnUsage>
<colUsage columnID="9422AC02-7607-D3AB-B528-7C498B31979D"/>
</indexColumnUsage>
</ind_PK_UK>
</indexes>
</Table>