<?xml version = '1.0' encoding = 'UTF-8'?>
<Table class="oracle.dbtools.crest.model.design.relational.Table" directorySegmentName="seg_0" id="8FD1B75F-1417-3B83-245C-CDB1DE5C4EF0" name="Entrevista">
<createdBy>xrpp</createdBy>
<createdTime>2022-11-21 19:27:00 UTC</createdTime>
<generatorID>7412BBBF-E404-96C3-A070-365AA3E188BF</generatorID>
<ownerDesignName>YH_magement</ownerDesignName>
<importedID>7655024C-28CA-717F-E2EC-C7B5B38D50C9</importedID>
<allowColumnReorder>false</allowColumnReorder>
<existDependencyGenerateInDDl>true</existDependencyGenerateInDDl>
<parsed>true</parsed>
<columns itemClass="oracle.dbtools.crest.model.design.relational.Column">
<Column name="ID_entrevista" id="FFBED6A2-DC6A-8681-178F-F1E6CE5520A0">
<createdBy>xrpp</createdBy>
<createdTime>2022-11-21 19:27:00 UTC</createdTime>
<generatorID>3F66CFFE-3C1C-BCE3-9B8A-C8470245747B</generatorID>
<ownerDesignName>YH_magement</ownerDesignName>
<importedID>6EAA6B8C-50D5-91D0-2673-FF49D86A13B4</importedID>
<useDomainConstraints>false</useDomainConstraints>
<use>1</use>
<logicalDatatype>LOGDT011</logicalDatatype>
<ownDataTypeParameters>,,</ownDataTypeParameters>
<autoIncrementCycle>false</autoIncrementCycle>
</Column>
<Column name="Formato" id="D7A0E40D-5991-AF05-5D43-F7C56937F96C">
<createdBy>xrpp</createdBy>
<createdTime>2022-11-21 19:27:00 UTC</createdTime>
<generatorID>1462385A-BEC5-4114-3A3F-2660531F4B42</generatorID>
<ownerDesignName>YH_magement</ownerDesignName>
<importedID>2025B97D-C603-17DD-D99D-4E8161153483</importedID>
<useDomainConstraints>false</useDomainConstraints>
<use>1</use>
<logicalDatatype>LOGDT024</logicalDatatype>
<dataTypeSize>40</dataTypeSize>
<ownDataTypeParameters>40,,</ownDataTypeParameters>
<autoIncrementCycle>false</autoIncrementCycle>
</Column>
<Column name="Medio" id="290FDCB4-215C-B395-47F1-9CBB6A1E8C92">
<createdBy>xrpp</createdBy>
<createdTime>2022-11-21 19:27:00 UTC</createdTime>
<generatorID>132133D0-20C7-090D-2AAC-9367C7FF5D64</generatorID>
<ownerDesignName>YH_magement</ownerDesignName>
<importedID>57667DE9-111C-9925-BFA3-2B604AA476E3</importedID>
<useDomainConstraints>false</useDomainConstraints>
<use>1</use>
<logicalDatatype>LOGDT024</logicalDatatype>
<dataTypeSize>60</dataTypeSize>
<ownDataTypeParameters>60,,</ownDataTypeParameters>
<autoIncrementCycle>false</autoIncrementCycle>
</Column>
</columns>
<indexes itemClass="oracle.dbtools.crest.model.design.relational.Index">
<ind_PK_UK id="EF36A566-6E71-1437-D151-79851884850A" name="Entrevista_PK">
<createdBy>xrpp</createdBy>
<createdTime>2022-11-21 19:27:00 UTC</createdTime>
<generatorID>5A7EC275-C1CE-80D7-93D7-D8262F9E433A</generatorID>
<ownerDesignName>YH_magement</ownerDesignName>
<importedID>396ED649-0BF0-26CA-FB51-2784E7CD3DB7</importedID>
<pk>true</pk>
<indexState>Primary Constraint</indexState>
<isSurrogateKey>false</isSurrogateKey>
<indexColumnUsage>
<colUsage columnID="FFBED6A2-DC6A-8681-178F-F1E6CE5520A0"/>
</indexColumnUsage>
</ind_PK_UK>
</indexes>
</Table>