<?xml version = '1.0' encoding = 'UTF-8'?>
<Table class="oracle.dbtools.crest.model.design.relational.Table" directorySegmentName="seg_0" id="9D27A39D-3AFB-F4C3-0980-03884180609C" name="Relation_10">
<createdBy>xrpp</createdBy>
<createdTime>2022-11-21 19:27:00 UTC</createdTime>
<ownerDesignName>YH_magement</ownerDesignName>
<importedID>FCDD90EE-C99A-0C5D-2C3D-A9B0A233D1C4</importedID>
<ordsAlias>relation_10</ordsAlias>
<allowColumnReorder>false</allowColumnReorder>
<existDependencyGenerateInDDl>true</existDependencyGenerateInDDl>
<parsed>true</parsed>
<columns itemClass="oracle.dbtools.crest.model.design.relational.Column">
<Column name="Colaborador_ID_colaborador" id="D2EC2D80-23A9-4FF0-2CDD-3520A3D90FE0">
<createdBy>xrpp</createdBy>
<createdTime>2022-11-21 19:27:00 UTC</createdTime>
<ownerDesignName>YH_magement</ownerDesignName>
<importedID>E3732344-B38B-FC3D-A6CA-14A2C7B6C9C2</importedID>
<useDomainConstraints>false</useDomainConstraints>
<use>1</use>
<logicalDatatype>LOGDT011</logicalDatatype>
<ownDataTypeParameters>,,</ownDataTypeParameters>
<autoIncrementCycle>false</autoIncrementCycle>
<associations>
<colAssociation fkAssociation="43479B07-CB17-A6A7-4E38-02197DB7F04A" referredColumn="F6B0CC21-1A2B-D453-5CDA-770E75D28294"/>
</associations>
</Column>
<Column name="Evento_ID" id="7D5AFD8C-5903-ADF9-9B42-64C6404B8E20">
<createdBy>xrpp</createdBy>
<createdTime>2022-11-21 19:27:00 UTC</createdTime>
<ownerDesignName>YH_magement</ownerDesignName>
<importedID>73C30461-063A-C229-E700-F967A1AA8257</importedID>
<useDomainConstraints>false</useDomainConstraints>
<use>1</use>
<logicalDatatype>LOGDT011</logicalDatatype>
<ownDataTypeParameters>,,</ownDataTypeParameters>
<autoIncrementCycle>false</autoIncrementCycle>
<associations>
<colAssociation fkAssociation="8FB491E6-9785-1BF5-18CD-CD9068D796D0" referredColumn="2B4D83F8-96BF-9F1E-6AD2-7CEBFD27BE0A"/>
</associations>
</Column>
</columns>
<indexes itemClass="oracle.dbtools.crest.model.design.relational.Index">
<ind_PK_UK id="916AE2E0-A647-9728-E7E1-8D2CA5BA499F" name="Relation_10_PK">
<createdBy>xrpp</createdBy>
<createdTime>2022-11-21 19:27:00 UTC</createdTime>
<ownerDesignName>YH_magement</ownerDesignName>
<importedID>8A6F8FEA-1C55-61DD-76A0-880FF39E3802</importedID>
<pk>true</pk>
<indexState>Primary Constraint</indexState>
<isSurrogateKey>false</isSurrogateKey>
<indexColumnUsage>
<colUsage columnID="D2EC2D80-23A9-4FF0-2CDD-3520A3D90FE0"/>
<colUsage columnID="7D5AFD8C-5903-ADF9-9B42-64C6404B8E20"/>
</indexColumnUsage>
</ind_PK_UK>
<ind_PK_UK id="10611C56-A587-A06D-A697-F76E2EDEE7B5" name="Relation_10_Colaborador_FK">
<createdBy>xrpp</createdBy>
<createdTime>2022-11-21 19:27:00 UTC</createdTime>
<generatorID>45D3F074-0EE2-187B-1C83-6F78CAF0CB2A</generatorID>
<ownerDesignName>YH_magement</ownerDesignName>
<indexState>Foreign Key</indexState>
<isSurrogateKey>false</isSurrogateKey>
<indexColumnUsage>
<colUsage columnID="D2EC2D80-23A9-4FF0-2CDD-3520A3D90FE0"/>
</indexColumnUsage>
</ind_PK_UK>
<ind_PK_UK id="65F69253-FB56-B1AD-3CB3-36BC52B0731D" name="Relation_10_Evento_FK">
<createdBy>xrpp</createdBy>
<createdTime>2022-11-21 19:27:01 UTC</createdTime>
<generatorID>45D3F074-0EE2-187B-1C83-6F78CAF0CB2A</generatorID>
<ownerDesignName>YH_magement</ownerDesignName>
<indexState>Foreign Key</indexState>
<isSurrogateKey>false</isSurrogateKey>
<indexColumnUsage>
<colUsage columnID="7D5AFD8C-5903-ADF9-9B42-64C6404B8E20"/>
</indexColumnUsage>
</ind_PK_UK>
</indexes>
</Table>