<?xml version = '1.0' encoding = 'UTF-8'?>
<Table class="oracle.dbtools.crest.model.design.relational.Table" directorySegmentName="seg_0" id="A40018BD-A105-C91B-2887-259DC558FAD7" name="Cliente">
<createdBy>xrpp</createdBy>
<createdTime>2022-11-21 19:27:00 UTC</createdTime>
<generatorID>F8E6CA6F-31E6-712C-1A87-A17BC34B5BC9</generatorID>
<ownerDesignName>YH_magement</ownerDesignName>
<importedID>4A83FC0E-681F-D2B1-FE58-EE5D697AD3B7</importedID>
<allowColumnReorder>false</allowColumnReorder>
<existDependencyGenerateInDDl>true</existDependencyGenerateInDDl>
<parsed>true</parsed>
<columns itemClass="oracle.dbtools.crest.model.design.relational.Column">
<Column name="ID_cliente" id="C93DF2D1-21F4-6FDE-98C8-748BFA43E6DB">
<createdBy>xrpp</createdBy>
<createdTime>2022-11-21 19:27:00 UTC</createdTime>
<generatorID>495766EA-8DA3-9AA5-C465-35C9CFC23D8D</generatorID>
<ownerDesignName>YH_magement</ownerDesignName>
<importedID>C443E55E-5E79-4110-72C5-62B20A0334E6</importedID>
<useDomainConstraints>false</useDomainConstraints>
<use>1</use>
<logicalDatatype>LOGDT011</logicalDatatype>
<ownDataTypeParameters>,,</ownDataTypeParameters>
<autoIncrementCycle>false</autoIncrementCycle>
</Column>
<Column name="Sector" id="BA5D00D3-D96D-4F1D-B8B2-E0BE3851C029">
<createdBy>xrpp</createdBy>
<createdTime>2022-11-21 19:27:00 UTC</createdTime>
<generatorID>D0F0508B-33B7-CC7D-B819-814E687B4F9F</generatorID>
<ownerDesignName>YH_magement</ownerDesignName>
<importedID>03DBF311-4126-2034-8B13-D44093F99B1D</importedID>
<useDomainConstraints>false</useDomainConstraints>
<use>1</use>
<logicalDatatype>LOGDT024</logicalDatatype>
<dataTypeSize>80</dataTypeSize>
<ownDataTypeParameters>80,,</ownDataTypeParameters>
<autoIncrementCycle>false</autoIncrementCycle>
</Column>
<Column name="Web" id="387E0464-A77B-DE85-C8E8-67DDEC73681A">
<createdBy>xrpp</createdBy>
<createdTime>2022-11-21 19:27:00 UTC</createdTime>
<generatorID>AD597522-14FF-B025-79BA-7500C5C86C52</generatorID>
<ownerDesignName>YH_magement</ownerDesignName>
<importedID>C1DE39C4-546F-25DB-8936-83DA2CE7AFD5</importedID>
<useDomainConstraints>false</useDomainConstraints>
<use>1</use>
<logicalDatatype>LOGDT024</logicalDatatype>
<dataTypeSize>150</dataTypeSize>
<ownDataTypeParameters>150,,</ownDataTypeParameters>
<autoIncrementCycle>false</autoIncrementCycle>
</Column>
<Column name="Contraseña" id="7A700B31-1AB6-C992-B905-443CCF0873F2">
<createdBy>xrpp</createdBy>
<createdTime>2022-11-21 19:27:00 UTC</createdTime>
<generatorID>C0143ECC-8401-385C-49C5-96FB0993916B</generatorID>
<ownerDesignName>YH_magement</ownerDesignName>
<importedID>81FBDF1D-DCCB-BD3D-17BC-50A2818E4836</importedID>
<useDomainConstraints>false</useDomainConstraints>
<use>1</use>
<logicalDatatype>LOGDT024</logicalDatatype>
<dataTypeSize>255</dataTypeSize>
<ownDataTypeParameters>255,,</ownDataTypeParameters>
<autoIncrementCycle>false</autoIncrementCycle>
</Column>
<Column name="DatosPersonales_DNI_NIE_NIF" id="DED8DB9B-80F0-660F-0910-5203F157D3DE">
<createdBy>xrpp</createdBy>
<createdTime>2022-11-21 19:27:00 UTC</createdTime>
<generatorID>3431277F-E9CF-BC59-12E4-3F78D13C02F6</generatorID>
<ownerDesignName>YH_magement</ownerDesignName>
<importedID>B9F17AD0-0BD8-2D0F-7B08-7FD4939F1DBD</importedID>
<nullsAllowed>true</nullsAllowed>
<useDomainConstraints>false</useDomainConstraints>
<use>1</use>
<logicalDatatype>LOGDT024</logicalDatatype>
<dataTypeSize>15</dataTypeSize>
<ownDataTypeParameters>15,,</ownDataTypeParameters>
<autoIncrementCycle>false</autoIncrementCycle>
<associations>
<colAssociation fkAssociation="69A78C6B-AC63-6A43-52A0-A840A316294C" referredColumn="D0A607CB-9361-CAFC-3AFE-874D8C1520E3"/>
</associations>
</Column>
</columns>
<indexes itemClass="oracle.dbtools.crest.model.design.relational.Index">
<ind_PK_UK id="CFE3E269-5890-2F5D-3B0E-87EB1600E481" name="Cliente_PK">
<createdBy>xrpp</createdBy>
<createdTime>2022-11-21 19:27:00 UTC</createdTime>
<generatorID>CDEE56F2-8B3C-979F-78E4-031DEE284FBC</generatorID>
<ownerDesignName>YH_magement</ownerDesignName>
<importedID>C648F431-0977-8994-4DE5-E28866B69E67</importedID>
<pk>true</pk>
<indexState>Primary Constraint</indexState>
<isSurrogateKey>false</isSurrogateKey>
<indexColumnUsage>
<colUsage columnID="C93DF2D1-21F4-6FDE-98C8-748BFA43E6DB"/>
</indexColumnUsage>
</ind_PK_UK>
<ind_PK_UK id="1FE7A459-1724-8F6F-2245-11413733D08E" name="Cliente_DatosPersonales_FK">
<createdBy>xrpp</createdBy>
<createdTime>2022-11-21 19:27:01 UTC</createdTime>
<generatorID>99E4DE16-F38D-1655-7F32-9DC3AAA71BE5</generatorID>
<ownerDesignName>YH_magement</ownerDesignName>
<indexState>Foreign Key</indexState>
<isSurrogateKey>false</isSurrogateKey>
<indexColumnUsage>
<colUsage columnID="DED8DB9B-80F0-660F-0910-5203F157D3DE"/>
</indexColumnUsage>
</ind_PK_UK>
</indexes>
</Table>