<?xml version = '1.0' encoding = 'UTF-8'?>
<Table class="oracle.dbtools.crest.model.design.relational.Table" directorySegmentName="seg_0" id="A82A1C8B-E18F-59A5-5769-BAF30724EADC" name="Colaborador">
<createdBy>xrpp</createdBy>
<createdTime>2022-11-21 19:27:00 UTC</createdTime>
<generatorID>B235D4B9-B048-4088-68B9-58B52D2A4CD3</generatorID>
<ownerDesignName>YH_magement</ownerDesignName>
<importedID>A401AB6F-5E32-640D-A5B9-43F4E248A1BB</importedID>
<allowColumnReorder>false</allowColumnReorder>
<existDependencyGenerateInDDl>true</existDependencyGenerateInDDl>
<parsed>true</parsed>
<columns itemClass="oracle.dbtools.crest.model.design.relational.Column">
<Column name="ID_colaborador" id="F6B0CC21-1A2B-D453-5CDA-770E75D28294">
<createdBy>xrpp</createdBy>
<createdTime>2022-11-21 19:27:00 UTC</createdTime>
<generatorID>C2D1783F-DF8A-4F81-4146-CEFC31D419E9</generatorID>
<ownerDesignName>YH_magement</ownerDesignName>
<importedID>A570CA70-AE8A-7C4E-6862-FD7289FE6AFF</importedID>
<useDomainConstraints>false</useDomainConstraints>
<use>1</use>
<logicalDatatype>LOGDT011</logicalDatatype>
<ownDataTypeParameters>,,</ownDataTypeParameters>
<autoIncrementCycle>false</autoIncrementCycle>
</Column>
<Column name="Sector" id="5AD3E76C-F8F2-8C9F-FD1E-672227A308CE">
<createdBy>xrpp</createdBy>
<createdTime>2022-11-21 19:27:00 UTC</createdTime>
<generatorID>AB787B34-B85D-5D91-4ACB-69E75D2FE71B</generatorID>
<ownerDesignName>YH_magement</ownerDesignName>
<importedID>8BBD840E-0798-BC7B-CD8E-E4AC4905E3A8</importedID>
<useDomainConstraints>false</useDomainConstraints>
<use>1</use>
<logicalDatatype>LOGDT024</logicalDatatype>
<dataTypeSize>80</dataTypeSize>
<ownDataTypeParameters>80,,</ownDataTypeParameters>
<autoIncrementCycle>false</autoIncrementCycle>
</Column>
<Column name="Web" id="A88567AE-C74A-81C4-B91B-BA445DA42CC1">
<createdBy>xrpp</createdBy>
<createdTime>2022-11-21 19:27:00 UTC</createdTime>
<generatorID>92B4CCFA-F243-E784-F0D5-423DCE25E09E</generatorID>
<ownerDesignName>YH_magement</ownerDesignName>
<importedID>CC86A5EA-8973-300D-6D73-FB8B7A5E539C</importedID>
<useDomainConstraints>false</useDomainConstraints>
<use>1</use>
<logicalDatatype>LOGDT024</logicalDatatype>
<dataTypeSize>150</dataTypeSize>
<ownDataTypeParameters>150,,</ownDataTypeParameters>
<autoIncrementCycle>false</autoIncrementCycle>
</Column>
<Column name="Contraseña" id="AB239D69-20F9-2D54-A1E1-630870C268A2">
<createdBy>xrpp</createdBy>
<createdTime>2022-11-21 19:27:00 UTC</createdTime>
<generatorID>586B4323-78B0-DABF-45E1-432675675745</generatorID>
<ownerDesignName>YH_magement</ownerDesignName>
<importedID>7F5BB415-83D6-D092-D1B1-B198EF7C5510</importedID>
<useDomainConstraints>false</useDomainConstraints>
<use>1</use>
<logicalDatatype>LOGDT024</logicalDatatype>
<dataTypeSize>255</dataTypeSize>
<ownDataTypeParameters>255,,</ownDataTypeParameters>
<autoIncrementCycle>false</autoIncrementCycle>
</Column>
<Column name="DatosPersonales_DNI_NIE_NIF" id="01F0D67B-479F-C274-91D3-ABFE4644B9E3">
<createdBy>xrpp</createdBy>
<createdTime>2022-11-21 19:27:00 UTC</createdTime>
<generatorID>4D470117-4235-BBFF-3A46-715E6535B60F</generatorID>
<ownerDesignName>YH_magement</ownerDesignName>
<importedID>68938E8A-A943-59F3-DE5D-4937EA765937</importedID>
<useDomainConstraints>false</useDomainConstraints>
<use>1</use>
<logicalDatatype>LOGDT024</logicalDatatype>
<dataTypeSize>15</dataTypeSize>
<ownDataTypeParameters>15,,</ownDataTypeParameters>
<autoIncrementCycle>false</autoIncrementCycle>
<associations>
<colAssociation fkAssociation="2C262C1E-8033-FE0C-B1CC-6E522AAB74C2" referredColumn="D0A607CB-9361-CAFC-3AFE-874D8C1520E3"/>
</associations>
</Column>
</columns>
<indexes itemClass="oracle.dbtools.crest.model.design.relational.Index">
<ind_PK_UK id="922D650B-B888-C868-8C7C-4E23F60033DF" name="Colaborador_PK">
<createdBy>xrpp</createdBy>
<createdTime>2022-11-21 19:27:00 UTC</createdTime>
<generatorID>DCD7B4E3-1615-00DC-C861-8FA1D439C1D9</generatorID>
<ownerDesignName>YH_magement</ownerDesignName>
<importedID>D9876107-B393-B65C-9398-D25989BE721C</importedID>
<pk>true</pk>
<indexState>Primary Constraint</indexState>
<isSurrogateKey>false</isSurrogateKey>
<indexColumnUsage>
<colUsage columnID="F6B0CC21-1A2B-D453-5CDA-770E75D28294"/>
</indexColumnUsage>
</ind_PK_UK>
<ind_PK_UK id="B092F372-AEB7-86E6-8514-7C6C57D7589D" name="Colaborador_DatosPersonales_FK">
<createdBy>xrpp</createdBy>
<createdTime>2022-11-21 19:27:01 UTC</createdTime>
<generatorID>04F165C3-AD48-85FB-2B0C-AC8CFA86BF47</generatorID>
<ownerDesignName>YH_magement</ownerDesignName>
<indexState>Foreign Key</indexState>
<isSurrogateKey>false</isSurrogateKey>
<indexColumnUsage>
<colUsage columnID="01F0D67B-479F-C274-91D3-ABFE4644B9E3"/>
</indexColumnUsage>
</ind_PK_UK>
</indexes>
</Table>