<?xml version = '1.0' encoding = 'UTF-8'?>
<Table class="oracle.dbtools.crest.model.design.relational.Table" directorySegmentName="seg_0" id="B01099E2-510E-5151-C8FA-EB3397BEE2B1" name="Medidas">
<createdBy>xrpp</createdBy>
<createdTime>2022-11-21 19:27:00 UTC</createdTime>
<generatorID>0C9EAF37-034C-C16E-B3F8-250CB1EA5A72</generatorID>
<ownerDesignName>YH_magement</ownerDesignName>
<importedID>9562FA9D-6F0E-9A4C-D770-DF2B0E490F0E</importedID>
<allowColumnReorder>false</allowColumnReorder>
<existDependencyGenerateInDDl>true</existDependencyGenerateInDDl>
<parsed>true</parsed>
<columns itemClass="oracle.dbtools.crest.model.design.relational.Column">
<Column name="ID_med" id="3DAFB926-8917-E03D-A375-B9926E7281E5">
<createdBy>xrpp</createdBy>
<createdTime>2022-11-21 19:27:00 UTC</createdTime>
<generatorID>B1F9FAEB-13E4-01BC-963B-5E3F4267FEE2</generatorID>
<ownerDesignName>YH_magement</ownerDesignName>
<importedID>EC36E1F1-0642-D845-4951-68EE063184DA</importedID>
<useDomainConstraints>false</useDomainConstraints>
<use>1</use>
<logicalDatatype>LOGDT011</logicalDatatype>
<ownDataTypeParameters>,,</ownDataTypeParameters>
<autoIncrementCycle>false</autoIncrementCycle>
</Column>
<Column name="Altura_cm" id="A46BB8B8-DE30-C4F8-711A-0C2544F70E13">
<createdBy>xrpp</createdBy>
<createdTime>2022-11-21 19:27:00 UTC</createdTime>
<generatorID>9FF289EE-F330-659D-E3DB-BFF6A394ED60</generatorID>
<ownerDesignName>YH_magement</ownerDesignName>
<importedID>CC9B7B47-132C-852F-8408-B1B60D1762B0</importedID>
<useDomainConstraints>false</useDomainConstraints>
<use>1</use>
<logicalDatatype>LOGDT042</logicalDatatype>
<ownDataTypeParameters>,,</ownDataTypeParameters>
<autoIncrementCycle>false</autoIncrementCycle>
</Column>
<Column name="Peso" id="3B472254-2D78-18F1-18C6-E4C2C2D551F5">
<createdBy>xrpp</createdBy>
<createdTime>2022-11-21 19:27:00 UTC</createdTime>
<generatorID>18B518C5-DC28-D003-A00D-488ED5ADF0A1</generatorID>
<ownerDesignName>YH_magement</ownerDesignName>
<importedID>5E953CB7-7893-2724-F136-F471CD2F0238</importedID>
<useDomainConstraints>false</useDomainConstraints>
<use>1</use>
<logicalDatatype>LOGDT042</logicalDatatype>
<ownDataTypeParameters>,,</ownDataTypeParameters>
<autoIncrementCycle>false</autoIncrementCycle>
</Column>
<Column name="Genero" id="84C273D5-8DBF-D1C8-7089-27501230103A">
<createdBy>xrpp</createdBy>
<createdTime>2022-11-21 19:27:00 UTC</createdTime>
<generatorID>B9F0D65C-66BD-6799-D3B7-866E793B16C4</generatorID>
<ownerDesignName>YH_magement</ownerDesignName>
<importedID>0CBDC3D6-B809-8ABC-45C7-7DDF0D9D74B6</importedID>
<useDomainConstraints>false</useDomainConstraints>
<use>1</use>
<logicalDatatype>LOGDT024</logicalDatatype>
<dataTypeSize>12</dataTypeSize>
<ownDataTypeParameters>12,,</ownDataTypeParameters>
<autoIncrementCycle>false</autoIncrementCycle>
</Column>
<Column name="Color_ojos" id="B3DCEC97-1D09-77D5-616D-8B568AE2AA23">
<createdBy>xrpp</createdBy>
<createdTime>2022-11-21 19:27:00 UTC</createdTime>
<generatorID>7136947E-5695-4CEF-EDC7-5DF82D68962F</generatorID>
<ownerDesignName>YH_magement</ownerDesignName>
<importedID>E5CB6B0B-B9EC-475E-43D3-13D6C28692AD</importedID>
<useDomainConstraints>false</useDomainConstraints>
<use>1</use>
<logicalDatatype>LOGDT024</logicalDatatype>
<dataTypeSize>12</dataTypeSize>
<ownDataTypeParameters>12,,</ownDataTypeParameters>
<autoIncrementCycle>false</autoIncrementCycle>
</Column>
<Column name="Color_pelo" id="DED53376-64D8-F2DA-7866-9BB9C29A08E6">
<createdBy>xrpp</createdBy>
<createdTime>2022-11-21 19:27:00 UTC</createdTime>
<generatorID>FBEF893F-C2B6-0CC2-CFEA-CFD880DAE050</generatorID>
<ownerDesignName>YH_magement</ownerDesignName>
<importedID>0F327A8D-7A5F-A363-F58F-5DE98639B416</importedID>
<useDomainConstraints>false</useDomainConstraints>
<use>1</use>
<logicalDatatype>LOGDT024</logicalDatatype>
<dataTypeSize>15</dataTypeSize>
<ownDataTypeParameters>15,,</ownDataTypeParameters>
<autoIncrementCycle>false</autoIncrementCycle>
</Column>
<Column name="Talla_calzado" id="C2C0A28E-B5A5-4B56-D038-7ACFC6C9B13B">
<createdBy>xrpp</createdBy>
<createdTime>2022-11-21 19:27:00 UTC</createdTime>
<generatorID>D6D28D1C-F2CC-8229-8BD8-6993063BE840</generatorID>
<ownerDesignName>YH_magement</ownerDesignName>
<importedID>35A83D44-4D9D-C4B4-D671-328E76079E80</importedID>
<useDomainConstraints>false</useDomainConstraints>
<use>1</use>
<logicalDatatype>LOGDT042</logicalDatatype>
<ownDataTypeParameters>,,</ownDataTypeParameters>
<autoIncrementCycle>false</autoIncrementCycle>
</Column>
<Column name="Talla_busto" id="96B51C07-1DE5-3249-C05F-F710D0578B8C">
<createdBy>xrpp</createdBy>
<createdTime>2022-11-21 19:27:00 UTC</createdTime>
<generatorID>EEFF1E1D-46F2-1A1F-A561-2714BA17DCA4</generatorID>
<ownerDesignName>YH_magement</ownerDesignName>
<importedID>7821E5E7-6E5B-2E3F-EAE5-5733D8CC9207</importedID>
<useDomainConstraints>false</useDomainConstraints>
<use>1</use>
<logicalDatatype>LOGDT042</logicalDatatype>
<ownDataTypeParameters>,,</ownDataTypeParameters>
<autoIncrementCycle>false</autoIncrementCycle>
</Column>
<Column name="Talla_cintura" id="30E3765B-4F6E-0CEF-D30A-29CE1C9BFC3C">
<createdBy>xrpp</createdBy>
<createdTime>2022-11-21 19:27:00 UTC</createdTime>
<generatorID>E2CC9D56-7E14-F15C-7181-909188FD193D</generatorID>
<ownerDesignName>YH_magement</ownerDesignName>
<importedID>4BB56151-10B5-7EC0-E4A5-0A354E29F669</importedID>
<useDomainConstraints>false</useDomainConstraints>
<use>1</use>
<logicalDatatype>LOGDT042</logicalDatatype>
<ownDataTypeParameters>,,</ownDataTypeParameters>
<autoIncrementCycle>false</autoIncrementCycle>
</Column>
<Column name="Talla_caderas" id="7DB0C10C-10DC-1B05-5901-27ECE49E9DD7">
<createdBy>xrpp</createdBy>
<createdTime>2022-11-21 19:27:00 UTC</createdTime>
<generatorID>784A6B4E-A936-7C88-5424-862AC577C8E8</generatorID>
<ownerDesignName>YH_magement</ownerDesignName>
<importedID>C56765E3-C3D7-37EC-9166-488D69CFC996</importedID>
<useDomainConstraints>false</useDomainConstraints>
<use>1</use>
<logicalDatatype>LOGDT042</logicalDatatype>
<ownDataTypeParameters>,,</ownDataTypeParameters>
<autoIncrementCycle>false</autoIncrementCycle>
</Column>
<Column name="Talla_ropa" id="9E3E6E62-422F-DD8F-8180-6ABA7E2BE0AA">
<createdBy>xrpp</createdBy>
<createdTime>2022-11-21 19:27:00 UTC</createdTime>
<generatorID>1F10E4C9-4358-4E31-C1BF-E93C8A4AF652</generatorID>
<ownerDesignName>YH_magement</ownerDesignName>
<importedID>14A556D7-C87F-8246-ADB4-6286A9F7E9F3</importedID>
<useDomainConstraints>false</useDomainConstraints>
<use>1</use>
<logicalDatatype>LOGDT042</logicalDatatype>
<ownDataTypeParameters>,,</ownDataTypeParameters>
<autoIncrementCycle>false</autoIncrementCycle>
</Column>
</columns>
<indexes itemClass="oracle.dbtools.crest.model.design.relational.Index">
<ind_PK_UK id="635D676B-EB28-C511-19DD-1397FDC42F5E" name="Medidas_PK">
<createdBy>xrpp</createdBy>
<createdTime>2022-11-21 19:27:00 UTC</createdTime>
<generatorID>57305235-9F6A-EE0B-BE79-865C085AFA44</generatorID>
<ownerDesignName>YH_magement</ownerDesignName>
<importedID>F8115E63-1BC5-A7A7-7D83-F7A004D88BD1</importedID>
<pk>true</pk>
<indexState>Primary Constraint</indexState>
<isSurrogateKey>false</isSurrogateKey>
<indexColumnUsage>
<colUsage columnID="3DAFB926-8917-E03D-A375-B9926E7281E5"/>
</indexColumnUsage>
</ind_PK_UK>
</indexes>
</Table>