<?xml version = '1.0' encoding = 'UTF-8'?>
<Table class="oracle.dbtools.crest.model.design.relational.Table" directorySegmentName="seg_0" id="B11E71E8-BEA2-6A85-28F0-78899862FB02" name="DatosPersonales">
<createdBy>xrpp</createdBy>
<createdTime>2022-11-21 19:27:00 UTC</createdTime>
<generatorID>A40C5F3C-EF4A-310B-B3C3-0C3BF868B1F2</generatorID>
<ownerDesignName>YH_magement</ownerDesignName>
<importedID>D123E525-AA89-F5C1-B356-FB02475E1060</importedID>
<allowColumnReorder>false</allowColumnReorder>
<existDependencyGenerateInDDl>true</existDependencyGenerateInDDl>
<parsed>true</parsed>
<columns itemClass="oracle.dbtools.crest.model.design.relational.Column">
<Column name="DNI_NIE_NIF" id="D0A607CB-9361-CAFC-3AFE-874D8C1520E3">
<createdBy>xrpp</createdBy>
<createdTime>2022-11-21 19:27:00 UTC</createdTime>
<generatorID>534333EF-C216-77C8-F873-74D4043C2AE4</generatorID>
<ownerDesignName>YH_magement</ownerDesignName>
<importedID>DF7B68B0-E03A-26D2-DDAF-C61A11B40E93</importedID>
<useDomainConstraints>false</useDomainConstraints>
<use>1</use>
<logicalDatatype>LOGDT024</logicalDatatype>
<dataTypeSize>15</dataTypeSize>
<ownDataTypeParameters>15,,</ownDataTypeParameters>
<autoIncrementCycle>false</autoIncrementCycle>
</Column>
<Column name="Nombre" id="2CFBDB29-C1F8-712C-D56A-C50E05BBCB87">
<createdBy>xrpp</createdBy>
<createdTime>2022-11-21 19:27:00 UTC</createdTime>
<generatorID>67052749-DA5A-A722-22EF-5336A2233D35</generatorID>
<ownerDesignName>YH_magement</ownerDesignName>
<importedID>5140F032-B509-F892-B4D2-A82C58848BFD</importedID>
<useDomainConstraints>false</useDomainConstraints>
<use>1</use>
<logicalDatatype>LOGDT024</logicalDatatype>
<dataTypeSize>40</dataTypeSize>
<ownDataTypeParameters>40,,</ownDataTypeParameters>
<autoIncrementCycle>false</autoIncrementCycle>
</Column>
<Column name="Apellidos" id="246E5858-1DC6-B1B6-40CF-FDF0A10D7D0B">
<createdBy>xrpp</createdBy>
<createdTime>2022-11-21 19:27:00 UTC</createdTime>
<generatorID>80E0A41C-247C-DC35-FD00-0D64038551E4</generatorID>
<ownerDesignName>YH_magement</ownerDesignName>
<importedID>DE991068-B404-ADBA-F47B-B7CF02176838</importedID>
<nullsAllowed>true</nullsAllowed>
<useDomainConstraints>false</useDomainConstraints>
<use>1</use>
<logicalDatatype>LOGDT024</logicalDatatype>
<dataTypeSize>90</dataTypeSize>
<ownDataTypeParameters>90,,</ownDataTypeParameters>
<autoIncrementCycle>false</autoIncrementCycle>
</Column>
<Column name="Domicilio" id="74A1DBD9-6572-DE48-4110-354519FDA1C7">
<createdBy>xrpp</createdBy>
<createdTime>2022-11-21 19:27:00 UTC</createdTime>
<generatorID>56A4BD28-4566-3899-9092-93A76A51A3E4</generatorID>
<ownerDesignName>YH_magement</ownerDesignName>
<importedID>40F04203-1422-6756-53F6-552666D8C62A</importedID>
<useDomainConstraints>false</useDomainConstraints>
<use>1</use>
<logicalDatatype>LOGDT024</logicalDatatype>
<dataTypeSize>120</dataTypeSize>
<ownDataTypeParameters>120,,</ownDataTypeParameters>
<autoIncrementCycle>false</autoIncrementCycle>
</Column>
<Column name="Poblacion" id="AF24CCEC-3C9A-AB08-CB27-E3079F6AED1C">
<createdBy>xrpp</createdBy>
<createdTime>2022-11-21 19:27:00 UTC</createdTime>
<generatorID>93143B28-B36E-3025-4368-C34522D9FC78</generatorID>
<ownerDesignName>YH_magement</ownerDesignName>
<importedID>F576FC26-03E5-3327-6424-C29FF83D28A9</importedID>
<useDomainConstraints>false</useDomainConstraints>
<use>1</use>
<logicalDatatype>LOGDT024</logicalDatatype>
<dataTypeSize>90</dataTypeSize>
<ownDataTypeParameters>90,,</ownDataTypeParameters>
<autoIncrementCycle>false</autoIncrementCycle>
</Column>
<Column name="Provincia_Estado" id="49A66494-C833-8217-26C0-6F3F231BDA32">
<createdBy>xrpp</createdBy>
<createdTime>2022-11-21 19:27:00 UTC</createdTime>
<generatorID>3C35FB53-CB60-C9E0-11FA-1148B872D381</generatorID>
<ownerDesignName>YH_magement</ownerDesignName>
<importedID>FF2DBB96-699B-3585-5CFE-85363DC48289</importedID>
<useDomainConstraints>false</useDomainConstraints>
<use>1</use>
<logicalDatatype>LOGDT024</logicalDatatype>
<dataTypeSize>40</dataTypeSize>
<ownDataTypeParameters>40,,</ownDataTypeParameters>
<autoIncrementCycle>false</autoIncrementCycle>
</Column>
<Column name="Pais" id="F38DBA0A-CB0A-90C4-4FB1-F3C99DD984E3">
<createdBy>xrpp</createdBy>
<createdTime>2022-11-21 19:27:00 UTC</createdTime>
<generatorID>FF7843A0-BC82-FBDE-6C1B-8B38B78909E5</generatorID>
<ownerDesignName>YH_magement</ownerDesignName>
<importedID>7162F279-7FDD-984C-6620-798338AF6D95</importedID>
<useDomainConstraints>false</useDomainConstraints>
<use>1</use>
<logicalDatatype>LOGDT024</logicalDatatype>
<dataTypeSize>40</dataTypeSize>
<ownDataTypeParameters>40,,</ownDataTypeParameters>
<autoIncrementCycle>false</autoIncrementCycle>
</Column>
<Column name="Telefono" id="3947FF6B-EB92-626F-2214-1416C4FE1C74">
<createdBy>xrpp</createdBy>
<createdTime>2022-11-21 19:27:00 UTC</createdTime>
<generatorID>38A0BB1A-D7A4-99D3-364D-9F9DCD6D7D4B</generatorID>
<ownerDesignName>YH_magement</ownerDesignName>
<importedID>7E416B91-30E4-8F7C-9E16-B7BC9FB626FF</importedID>
<useDomainConstraints>false</useDomainConstraints>
<use>1</use>
<logicalDatatype>LOGDT024</logicalDatatype>
<dataTypeSize>15</dataTypeSize>
<ownDataTypeParameters>15,,</ownDataTypeParameters>
<autoIncrementCycle>false</autoIncrementCycle>
</Column>
<Column name="email" id="4A6663CC-AEBF-D371-3DF8-21D034E21EE0">
<createdBy>xrpp</createdBy>
<createdTime>2022-11-21 19:27:00 UTC</createdTime>
<generatorID>5E26C3B0-83D0-2C4B-69D9-7DCA26AD5F67</generatorID>
<ownerDesignName>YH_magement</ownerDesignName>
<importedID>337BAD8A-9986-50B1-02F9-8DCF3AB538EE</importedID>
<useDomainConstraints>false</useDomainConstraints>
<use>1</use>
<logicalDatatype>LOGDT024</logicalDatatype>
<dataTypeSize>150</dataTypeSize>
<ownDataTypeParameters>150,,</ownDataTypeParameters>
<autoIncrementCycle>false</autoIncrementCycle>
</Column>
</columns>
<indexes itemClass="oracle.dbtools.crest.model.design.relational.Index">
<ind_PK_UK id="E78501D7-D903-3D79-41CF-9BB9A639EC23" name="DatosPersonales_PK">
<createdBy>xrpp</createdBy>
<createdTime>2022-11-21 19:27:00 UTC</createdTime>
<generatorID>97EE987A-ACF3-A2BB-C10E-DC795D7007F4</generatorID>
<ownerDesignName>YH_magement</ownerDesignName>
<importedID>F1D2DC56-D251-0FEB-8608-A932EE8263D4</importedID>
<pk>true</pk>
<indexState>Primary Constraint</indexState>
<isSurrogateKey>false</isSurrogateKey>
<indexColumnUsage>
<colUsage columnID="D0A607CB-9361-CAFC-3AFE-874D8C1520E3"/>
</indexColumnUsage>
</ind_PK_UK>
</indexes>
</Table>