<?xml version = '1.0' encoding = 'UTF-8'?>
<Table class="oracle.dbtools.crest.model.design.relational.Table" directorySegmentName="seg_0" id="C46EC5CE-89DD-1D12-675F-015345789804" name="Relation_16">
<createdBy>xrpp</createdBy>
<createdTime>2022-11-21 19:27:00 UTC</createdTime>
<ownerDesignName>YH_magement</ownerDesignName>
<importedID>9AFFA1D7-31F8-BE04-44AB-7299948033C6</importedID>
<ordsAlias>relation_16</ordsAlias>
<allowColumnReorder>false</allowColumnReorder>
<existDependencyGenerateInDDl>true</existDependencyGenerateInDDl>
<parsed>true</parsed>
<columns itemClass="oracle.dbtools.crest.model.design.relational.Column">
<Column name="Cliente_ID_cliente" id="E6400A5D-F2AF-CD2F-7C66-32F05FB4D425">
<createdBy>xrpp</createdBy>
<createdTime>2022-11-21 19:27:00 UTC</createdTime>
<ownerDesignName>YH_magement</ownerDesignName>
<importedID>0E538C3F-1527-50C6-E8BE-41BF909FB48C</importedID>
<useDomainConstraints>false</useDomainConstraints>
<use>1</use>
<logicalDatatype>LOGDT011</logicalDatatype>
<ownDataTypeParameters>,,</ownDataTypeParameters>
<autoIncrementCycle>false</autoIncrementCycle>
<associations>
<colAssociation fkAssociation="5FA1CB10-4E3A-6C57-F3EC-C69ECB8A5B24" referredColumn="C93DF2D1-21F4-6FDE-98C8-748BFA43E6DB"/>
</associations>
</Column>
<Column name="Asiento_Caja_ID" id="F442F5C4-0296-F7FC-294A-42076DEB662B">
<createdBy>xrpp</createdBy>
<createdTime>2022-11-21 19:27:00 UTC</createdTime>
<ownerDesignName>YH_magement</ownerDesignName>
<importedID>2E287C76-0C62-CE74-584B-92BB508D8AB6</importedID>
<useDomainConstraints>false</useDomainConstraints>
<use>1</use>
<logicalDatatype>LOGDT011</logicalDatatype>
<ownDataTypeParameters>,,</ownDataTypeParameters>
<autoIncrementCycle>false</autoIncrementCycle>
<associations>
<colAssociation fkAssociation="42A35C17-58CE-DA1E-A4D9-3CCE422A69F5" referredColumn="749AA142-0B94-D43B-E51D-E2BF691D9753"/>
</associations>
</Column>
</columns>
<indexes itemClass="oracle.dbtools.crest.model.design.relational.Index">
<ind_PK_UK id="C822894A-AA23-6F2D-C030-771BE55BB1C9" name="Relation_16_PK">
<createdBy>xrpp</createdBy>
<createdTime>2022-11-21 19:27:00 UTC</createdTime>
<ownerDesignName>YH_magement</ownerDesignName>
<importedID>4EE1C1D4-B066-382B-453D-F36F165E1BCD</importedID>
<pk>true</pk>
<indexState>Primary Constraint</indexState>
<isSurrogateKey>false</isSurrogateKey>
<indexColumnUsage>
<colUsage columnID="E6400A5D-F2AF-CD2F-7C66-32F05FB4D425"/>
<colUsage columnID="F442F5C4-0296-F7FC-294A-42076DEB662B"/>
</indexColumnUsage>
</ind_PK_UK>
<ind_PK_UK id="F0A54D87-C390-95E6-E432-B612A283A7F4" name="Relation_16_Asiento_Caja_FK">
<createdBy>xrpp</createdBy>
<createdTime>2022-11-21 19:27:00 UTC</createdTime>
<generatorID>77F62DDC-434D-CF07-8A0F-288B2C0906EF</generatorID>
<ownerDesignName>YH_magement</ownerDesignName>
<indexState>Foreign Key</indexState>
<isSurrogateKey>false</isSurrogateKey>
<indexColumnUsage>
<colUsage columnID="F442F5C4-0296-F7FC-294A-42076DEB662B"/>
</indexColumnUsage>
</ind_PK_UK>
<ind_PK_UK id="6733DFB7-F30E-3EEE-AA7A-DBC660AFE7EF" name="Relation_16_Cliente_FK">
<createdBy>xrpp</createdBy>
<createdTime>2022-11-21 19:27:00 UTC</createdTime>
<generatorID>77F62DDC-434D-CF07-8A0F-288B2C0906EF</generatorID>
<ownerDesignName>YH_magement</ownerDesignName>
<indexState>Foreign Key</indexState>
<isSurrogateKey>false</isSurrogateKey>
<indexColumnUsage>
<colUsage columnID="E6400A5D-F2AF-CD2F-7C66-32F05FB4D425"/>
</indexColumnUsage>
</ind_PK_UK>
</indexes>
</Table>