<?xml version = '1.0' encoding = 'UTF-8'?>
<Table class="oracle.dbtools.crest.model.design.relational.Table" directorySegmentName="seg_0" id="DA8D6F9E-8BE0-14D4-71ED-78864D2F4EBC" name="Relation_15">
<createdBy>xrpp</createdBy>
<createdTime>2022-11-21 19:27:00 UTC</createdTime>
<ownerDesignName>YH_magement</ownerDesignName>
<importedID>BCC8CD0F-5ED9-61CD-3237-9BAE66FA9A89</importedID>
<ordsAlias>relation_15</ordsAlias>
<allowColumnReorder>false</allowColumnReorder>
<existDependencyGenerateInDDl>true</existDependencyGenerateInDDl>
<parsed>true</parsed>
<columns itemClass="oracle.dbtools.crest.model.design.relational.Column">
<Column name="Empleado_ID_empleado" id="5A058CF9-B7EF-0D33-F77D-818C32985F2B">
<createdBy>xrpp</createdBy>
<createdTime>2022-11-21 19:27:00 UTC</createdTime>
<ownerDesignName>YH_magement</ownerDesignName>
<importedID>7A1FE01F-ECEC-32EE-703A-4C1C858B9506</importedID>
<useDomainConstraints>false</useDomainConstraints>
<use>1</use>
<logicalDatatype>LOGDT011</logicalDatatype>
<ownDataTypeParameters>,,</ownDataTypeParameters>
<autoIncrementCycle>false</autoIncrementCycle>
<associations>
<colAssociation fkAssociation="BBF6BD89-F54F-B2DC-FDE2-9B290A8DBE82" referredColumn="9065E3B0-C288-7AFA-1D46-663AEED25F8D"/>
</associations>
</Column>
<Column name="Asiento_Caja_ID" id="F5F9B766-3884-098F-6059-C54D69C50657">
<createdBy>xrpp</createdBy>
<createdTime>2022-11-21 19:27:00 UTC</createdTime>
<ownerDesignName>YH_magement</ownerDesignName>
<importedID>3C015885-CF36-4356-532F-6A14BAB2EA1C</importedID>
<useDomainConstraints>false</useDomainConstraints>
<use>1</use>
<logicalDatatype>LOGDT011</logicalDatatype>
<ownDataTypeParameters>,,</ownDataTypeParameters>
<autoIncrementCycle>false</autoIncrementCycle>
<associations>
<colAssociation fkAssociation="4BD9C761-11FE-3D54-5C74-13806CCEF52B" referredColumn="749AA142-0B94-D43B-E51D-E2BF691D9753"/>
</associations>
</Column>
</columns>
<indexes itemClass="oracle.dbtools.crest.model.design.relational.Index">
<ind_PK_UK id="10344DC9-37C4-E1C6-217C-65DBC4A99CD2" name="Relation_15_PK">
<createdBy>xrpp</createdBy>
<createdTime>2022-11-21 19:27:00 UTC</createdTime>
<ownerDesignName>YH_magement</ownerDesignName>
<importedID>8A1B9672-8319-06E4-6E43-E3A41230950C</importedID>
<pk>true</pk>
<indexState>Primary Constraint</indexState>
<isSurrogateKey>false</isSurrogateKey>
<indexColumnUsage>
<colUsage columnID="5A058CF9-B7EF-0D33-F77D-818C32985F2B"/>
<colUsage columnID="F5F9B766-3884-098F-6059-C54D69C50657"/>
</indexColumnUsage>
</ind_PK_UK>
<ind_PK_UK id="C9766896-EBF1-B786-E6AC-EEECA9AFF35A" name="Relation_15_Empleado_FK">
<createdBy>xrpp</createdBy>
<createdTime>2022-11-21 19:27:00 UTC</createdTime>
<generatorID>2F660879-D8FA-ADE1-9BEC-9C2016941F27</generatorID>
<ownerDesignName>YH_magement</ownerDesignName>
<indexState>Foreign Key</indexState>
<isSurrogateKey>false</isSurrogateKey>
<indexColumnUsage>
<colUsage columnID="5A058CF9-B7EF-0D33-F77D-818C32985F2B"/>
</indexColumnUsage>
</ind_PK_UK>
<ind_PK_UK id="C7F6D89C-2EB6-0921-254F-4FE3C2F951A0" name="Relation_15_Asiento_Caja_FK">
<createdBy>xrpp</createdBy>
<createdTime>2022-11-21 19:27:00 UTC</createdTime>
<generatorID>2F660879-D8FA-ADE1-9BEC-9C2016941F27</generatorID>
<ownerDesignName>YH_magement</ownerDesignName>
<indexState>Foreign Key</indexState>
<isSurrogateKey>false</isSurrogateKey>
<indexColumnUsage>
<colUsage columnID="F5F9B766-3884-098F-6059-C54D69C50657"/>
</indexColumnUsage>
</ind_PK_UK>
</indexes>
</Table>