<?xml version = '1.0' encoding = 'UTF-8'?>
<Table class="oracle.dbtools.crest.model.design.relational.Table" directorySegmentName="seg_0" id="DF363159-4C81-5B6C-1F9D-2830F2A8473B" name="Aptitudes">
<createdBy>xrpp</createdBy>
<createdTime>2022-11-21 19:27:00 UTC</createdTime>
<generatorID>049046E1-9608-340A-9E92-5E2F5401236B</generatorID>
<ownerDesignName>YH_magement</ownerDesignName>
<importedID>926AE540-3635-9723-8FDA-EB29FC2C67D1</importedID>
<allowColumnReorder>false</allowColumnReorder>
<existDependencyGenerateInDDl>true</existDependencyGenerateInDDl>
<parsed>true</parsed>
<columns itemClass="oracle.dbtools.crest.model.design.relational.Column">
<Column name="ID_apt" id="5E66538D-0837-4808-BA19-47204EEE15E3">
<createdBy>xrpp</createdBy>
<createdTime>2022-11-21 19:27:00 UTC</createdTime>
<generatorID>A5146F37-87C1-67D8-0553-78CDD61E5EEA</generatorID>
<ownerDesignName>YH_magement</ownerDesignName>
<importedID>3BCF7A57-8529-17CB-EDCD-A195DE6510CA</importedID>
<useDomainConstraints>false</useDomainConstraints>
<use>1</use>
<logicalDatatype>LOGDT011</logicalDatatype>
<ownDataTypeParameters>,,</ownDataTypeParameters>
<autoIncrementCycle>false</autoIncrementCycle>
</Column>
<Column name="Idiomas" id="5F420F1C-747D-D8B5-7964-B12A029CD9A7">
<createdBy>xrpp</createdBy>
<createdTime>2022-11-21 19:27:00 UTC</createdTime>
<generatorID>6C7BB998-320D-A9BC-6DC3-71CF94A5F7A8</generatorID>
<ownerDesignName>YH_magement</ownerDesignName>
<importedID>3FE1C34B-8963-D6B2-5781-05715AF57D1A</importedID>
<useDomainConstraints>false</useDomainConstraints>
<use>1</use>
<logicalDatatype>LOGDT024</logicalDatatype>
<dataTypeSize>255</dataTypeSize>
<ownDataTypeParameters>255,,</ownDataTypeParameters>
<autoIncrementCycle>false</autoIncrementCycle>
</Column>
<Column name="Deporte" id="4ED7A248-2FBC-B9C3-3720-C1197AF79FFD">
<createdBy>xrpp</createdBy>
<createdTime>2022-11-21 19:27:00 UTC</createdTime>
<generatorID>136C0CA7-214A-AB60-1250-803E90E58633</generatorID>
<ownerDesignName>YH_magement</ownerDesignName>
<importedID>6EA749DF-2974-631D-52C0-F1A50A3DD8DE</importedID>
<nullsAllowed>true</nullsAllowed>
<useDomainConstraints>false</useDomainConstraints>
<use>1</use>
<logicalDatatype>LOGDT024</logicalDatatype>
<dataTypeSize>255</dataTypeSize>
<ownDataTypeParameters>255,,</ownDataTypeParameters>
<autoIncrementCycle>false</autoIncrementCycle>
</Column>
<Column name="Baile" id="188D9C50-1812-8951-3C5C-F0CE9E41BD99">
<createdBy>xrpp</createdBy>
<createdTime>2022-11-21 19:27:00 UTC</createdTime>
<generatorID>2570B63B-A2AC-CC92-2D56-5CA9C11BC3A5</generatorID>
<ownerDesignName>YH_magement</ownerDesignName>
<importedID>F5A7A5A0-4B65-72AA-3121-66DEEB1D979C</importedID>
<nullsAllowed>true</nullsAllowed>
<useDomainConstraints>false</useDomainConstraints>
<use>1</use>
<logicalDatatype>LOGDT024</logicalDatatype>
<dataTypeSize>255</dataTypeSize>
<ownDataTypeParameters>255,,</ownDataTypeParameters>
<autoIncrementCycle>false</autoIncrementCycle>
</Column>
<Column name="Actuacion" id="5BC3FB46-EE53-F579-2F24-B732737EB210">
<createdBy>xrpp</createdBy>
<createdTime>2022-11-21 19:27:00 UTC</createdTime>
<generatorID>C8AA3AAB-2BC6-9C73-6489-515CC2F32DF6</generatorID>
<ownerDesignName>YH_magement</ownerDesignName>
<importedID>449EBA7D-8F8F-FB39-2A53-D79BA58863C1</importedID>
<nullsAllowed>true</nullsAllowed>
<useDomainConstraints>false</useDomainConstraints>
<use>1</use>
<logicalDatatype>LOGDT024</logicalDatatype>
<dataTypeSize>255</dataTypeSize>
<ownDataTypeParameters>255,,</ownDataTypeParameters>
<autoIncrementCycle>false</autoIncrementCycle>
</Column>
<Column name="Canto" id="61CC1EE7-F130-C4BC-ACFD-0D6689B9D8FB">
<createdBy>xrpp</createdBy>
<createdTime>2022-11-21 19:27:00 UTC</createdTime>
<generatorID>54EA4F2B-99ED-58BF-29A1-E1259A2A48A0</generatorID>
<ownerDesignName>YH_magement</ownerDesignName>
<importedID>E187E435-A722-2352-275C-F6D96472728E</importedID>
<nullsAllowed>true</nullsAllowed>
<useDomainConstraints>false</useDomainConstraints>
<use>1</use>
<logicalDatatype>LOGDT024</logicalDatatype>
<dataTypeSize>255</dataTypeSize>
<ownDataTypeParameters>255,,</ownDataTypeParameters>
<autoIncrementCycle>false</autoIncrementCycle>
</Column>
<Column name="Musica" id="9F1EF73F-E866-7F9E-A40B-97233F3A78E9">
<createdBy>xrpp</createdBy>
<createdTime>2022-11-21 19:27:00 UTC</createdTime>
<generatorID>F8786283-716D-8C01-3ACD-CBB258EE0D4A</generatorID>
<ownerDesignName>YH_magement</ownerDesignName>
<importedID>7228F7CE-780B-D56F-A90E-9C29FFAD19ED</importedID>
<nullsAllowed>true</nullsAllowed>
<useDomainConstraints>false</useDomainConstraints>
<use>1</use>
<logicalDatatype>LOGDT024</logicalDatatype>
<dataTypeSize>255</dataTypeSize>
<ownDataTypeParameters>255,,</ownDataTypeParameters>
<autoIncrementCycle>false</autoIncrementCycle>
</Column>
<Column name="Escritura" id="09868F1E-0099-243C-44EB-9C32F7D9B908">
<createdBy>xrpp</createdBy>
<createdTime>2022-11-21 19:27:00 UTC</createdTime>
<generatorID>0BA7EB18-C2B0-57ED-494F-683D0F5F35FB</generatorID>
<ownerDesignName>YH_magement</ownerDesignName>
<importedID>475DA00E-B74B-00F4-6F44-98895E9B2902</importedID>
<nullsAllowed>true</nullsAllowed>
<useDomainConstraints>false</useDomainConstraints>
<use>1</use>
<logicalDatatype>LOGDT024</logicalDatatype>
<dataTypeSize>255</dataTypeSize>
<ownDataTypeParameters>255,,</ownDataTypeParameters>
<autoIncrementCycle>false</autoIncrementCycle>
</Column>
</columns>
<indexes itemClass="oracle.dbtools.crest.model.design.relational.Index">
<ind_PK_UK id="5E98E561-438F-44D6-D16F-AB988B256C9C" name="Aptitudes_PK">
<createdBy>xrpp</createdBy>
<createdTime>2022-11-21 19:27:00 UTC</createdTime>
<generatorID>87254C35-EFCA-422E-E118-6194634A7E1A</generatorID>
<ownerDesignName>YH_magement</ownerDesignName>
<importedID>775A343C-66E8-A4C5-E27E-42914321468F</importedID>
<pk>true</pk>
<indexState>Primary Constraint</indexState>
<isSurrogateKey>false</isSurrogateKey>
<indexColumnUsage>
<colUsage columnID="5E66538D-0837-4808-BA19-47204EEE15E3"/>
</indexColumnUsage>
</ind_PK_UK>
</indexes>
</Table>