<?xml version = '1.0' encoding = 'UTF-8'?>
<Table class="oracle.dbtools.crest.model.design.relational.Table" directorySegmentName="seg_0" id="F1966D23-681F-75A1-985E-B8038426B40A" name="Evento">
<createdBy>xrpp</createdBy>
<createdTime>2022-11-21 19:27:00 UTC</createdTime>
<generatorID>00E39604-E73D-FAC3-78FD-9F4BDBD5D2AF</generatorID>
<ownerDesignName>YH_magement</ownerDesignName>
<importedID>E6989D96-AD4E-478C-0687-5C2A63FED976</importedID>
<allowColumnReorder>false</allowColumnReorder>
<existDependencyGenerateInDDl>true</existDependencyGenerateInDDl>
<parsed>true</parsed>
<columns itemClass="oracle.dbtools.crest.model.design.relational.Column">
<Column name="ID" id="2B4D83F8-96BF-9F1E-6AD2-7CEBFD27BE0A">
<createdBy>xrpp</createdBy>
<createdTime>2022-11-21 19:27:00 UTC</createdTime>
<generatorID>1F2F4F2C-0DF9-EC7D-E976-8F7131BB0F4D</generatorID>
<ownerDesignName>YH_magement</ownerDesignName>
<importedID>468B0BBF-F6E7-1513-0756-D5A04AF09CC4</importedID>
<useDomainConstraints>false</useDomainConstraints>
<use>1</use>
<logicalDatatype>LOGDT011</logicalDatatype>
<ownDataTypeParameters>,,</ownDataTypeParameters>
<autoIncrementCycle>false</autoIncrementCycle>
</Column>
<Column name="Tipo_evento" id="1DD093F8-EE52-DE36-A0CC-E5B8F00A5A5B">
<createdBy>xrpp</createdBy>
<createdTime>2022-11-21 19:27:00 UTC</createdTime>
<generatorID>2F95060F-F775-31FE-7FEA-CDA2D6D7D06A</generatorID>
<ownerDesignName>YH_magement</ownerDesignName>
<importedID>9559F5C5-A258-1F2F-F6EE-09E7A03203A1</importedID>
<useDomainConstraints>false</useDomainConstraints>
<use>1</use>
<logicalDatatype>LOGDT024</logicalDatatype>
<dataTypeSize>60</dataTypeSize>
<ownDataTypeParameters>60,,</ownDataTypeParameters>
<autoIncrementCycle>false</autoIncrementCycle>
</Column>
<Column name="Fecha" id="0171120D-6ED5-5F24-7FFB-6CB875FEE720">
<createdBy>xrpp</createdBy>
<createdTime>2022-11-21 19:27:00 UTC</createdTime>
<generatorID>901115BD-D51C-B95C-5F05-D3FF4628E8EE</generatorID>
<ownerDesignName>YH_magement</ownerDesignName>
<importedID>974A1267-E340-F577-8339-21CEB06569FF</importedID>
<useDomainConstraints>false</useDomainConstraints>
<use>1</use>
<logicalDatatype>LOGDT007</logicalDatatype>
<ownDataTypeParameters>,,</ownDataTypeParameters>
<autoIncrementCycle>false</autoIncrementCycle>
</Column>
<Column name="Hora" id="65B0A0D4-B2A5-0376-C6B6-CB816EC50845">
<createdBy>xrpp</createdBy>
<createdTime>2022-11-21 19:27:00 UTC</createdTime>
<generatorID>10C0D649-ECDD-C3F7-DE84-AA3AAF74AB99</generatorID>
<ownerDesignName>YH_magement</ownerDesignName>
<importedID>56813ECB-687E-681E-1261-3C59DBCF6CBE</importedID>
<useDomainConstraints>false</useDomainConstraints>
<use>1</use>
<logicalDatatype>LOGDT014</logicalDatatype>
<ownDataTypeParameters>,,</ownDataTypeParameters>
<autoIncrementCycle>false</autoIncrementCycle>
</Column>
<Column name="Duracion" id="C6753552-1F8D-3BBF-97E0-0BB870E3F3E5">
<createdBy>xrpp</createdBy>
<createdTime>2022-11-21 19:27:00 UTC</createdTime>
<generatorID>BA96F2CA-0A89-13A5-022A-3B979C027A10</generatorID>
<ownerDesignName>YH_magement</ownerDesignName>
<importedID>45AFC71C-0CD1-C787-ACC4-00971CE0DC28</importedID>
<useDomainConstraints>false</useDomainConstraints>
<use>1</use>
<logicalDatatype>LOGDT024</logicalDatatype>
<dataTypeSize>30</dataTypeSize>
<ownDataTypeParameters>30,,</ownDataTypeParameters>
<autoIncrementCycle>false</autoIncrementCycle>
</Column>
<Column name="lugar" id="17935780-EBD0-C9C8-BEEF-28C121C97EDE">
<createdBy>xrpp</createdBy>
<createdTime>2022-11-21 19:27:00 UTC</createdTime>
<generatorID>D290DD6D-85F0-F96B-B506-DCC5FC81BB16</generatorID>
<ownerDesignName>YH_magement</ownerDesignName>
<importedID>93DC8B8C-FC1B-41A3-5323-DF6A553B3334</importedID>
<useDomainConstraints>false</useDomainConstraints>
<use>1</use>
<logicalDatatype>LOGDT024</logicalDatatype>
<dataTypeSize>200</dataTypeSize>
<ownDataTypeParameters>200,,</ownDataTypeParameters>
<autoIncrementCycle>false</autoIncrementCycle>
</Column>
</columns>
<indexes itemClass="oracle.dbtools.crest.model.design.relational.Index">
<ind_PK_UK id="31BA4862-A063-0EE4-B06C-11852193908E" name="Evento_PK">
<createdBy>xrpp</createdBy>
<createdTime>2022-11-21 19:27:00 UTC</createdTime>
<generatorID>104F553C-639E-38FA-5746-CAA9AA36A450</generatorID>
<ownerDesignName>YH_magement</ownerDesignName>
<importedID>23C36641-1305-F757-5405-CC71D5821D99</importedID>
<pk>true</pk>
<indexState>Primary Constraint</indexState>
<isSurrogateKey>false</isSurrogateKey>
<indexColumnUsage>
<colUsage columnID="2B4D83F8-96BF-9F1E-6AD2-7CEBFD27BE0A"/>
</indexColumnUsage>
</ind_PK_UK>
</indexes>
</Table>