<?xml version = '1.0' encoding = 'UTF-8'?>
<Table class="oracle.dbtools.crest.model.design.relational.Table" directorySegmentName="seg_0" id="F541BB3D-98E6-BC1A-68A5-DBF6CA537FAD" name="Relation_6">
<createdBy>xrpp</createdBy>
<createdTime>2022-11-21 19:27:00 UTC</createdTime>
<ownerDesignName>YH_magement</ownerDesignName>
<importedID>62709059-CEBB-69BB-F14A-7F42523F0ACD</importedID>
<ordsAlias>relation_6</ordsAlias>
<allowColumnReorder>false</allowColumnReorder>
<existDependencyGenerateInDDl>true</existDependencyGenerateInDDl>
<parsed>true</parsed>
<columns itemClass="oracle.dbtools.crest.model.design.relational.Column">
<Column name="Evento_ID" id="ECDCA6FC-1300-B73C-D342-94FF22ADB401">
<createdBy>xrpp</createdBy>
<createdTime>2022-11-21 19:27:00 UTC</createdTime>
<ownerDesignName>YH_magement</ownerDesignName>
<importedID>07F63442-2904-EBCD-7945-E9CE1F6F9565</importedID>
<useDomainConstraints>false</useDomainConstraints>
<use>1</use>
<logicalDatatype>LOGDT011</logicalDatatype>
<ownDataTypeParameters>,,</ownDataTypeParameters>
<autoIncrementCycle>false</autoIncrementCycle>
<associations>
<colAssociation fkAssociation="EE53A811-2F65-D61A-D800-A0EC2F75A7CE" referredColumn="2B4D83F8-96BF-9F1E-6AD2-7CEBFD27BE0A"/>
</associations>
</Column>
<Column name="Representado_ID" id="D15E0225-CAB7-000F-530E-B2E6E12BAAFF">
<createdBy>xrpp</createdBy>
<createdTime>2022-11-21 19:27:00 UTC</createdTime>
<ownerDesignName>YH_magement</ownerDesignName>
<importedID>8A8CB5BF-D4C8-512B-4380-75C4AA335BAA</importedID>
<useDomainConstraints>false</useDomainConstraints>
<use>1</use>
<logicalDatatype>LOGDT011</logicalDatatype>
<ownDataTypeParameters>,,</ownDataTypeParameters>
<autoIncrementCycle>false</autoIncrementCycle>
<associations>
<colAssociation fkAssociation="2C1DE513-57D9-B6C8-9679-49E770ECE120" referredColumn="2B35F4E6-F863-DA41-7860-79004ED76551"/>
</associations>
</Column>
</columns>
<indexes itemClass="oracle.dbtools.crest.model.design.relational.Index">
<ind_PK_UK id="0DA429F8-1B6C-EC66-9691-4D2F3CBEA8BE" name="Relation_6_PK">
<createdBy>xrpp</createdBy>
<createdTime>2022-11-21 19:27:00 UTC</createdTime>
<ownerDesignName>YH_magement</ownerDesignName>
<importedID>D7AE04A9-270D-94C4-0A93-6FA4FDDD4FED</importedID>
<pk>true</pk>
<indexState>Primary Constraint</indexState>
<isSurrogateKey>false</isSurrogateKey>
<indexColumnUsage>
<colUsage columnID="ECDCA6FC-1300-B73C-D342-94FF22ADB401"/>
<colUsage columnID="D15E0225-CAB7-000F-530E-B2E6E12BAAFF"/>
</indexColumnUsage>
</ind_PK_UK>
<ind_PK_UK id="1245DCC1-353F-89E2-D3AA-B864B8E47D63" name="Relation_6_Evento_FK">
<createdBy>xrpp</createdBy>
<createdTime>2022-11-21 19:27:00 UTC</createdTime>
<generatorID>59015E42-1DDC-B313-CEDC-818CB70DE24C</generatorID>
<ownerDesignName>YH_magement</ownerDesignName>
<indexState>Foreign Key</indexState>
<isSurrogateKey>false</isSurrogateKey>
<indexColumnUsage>
<colUsage columnID="ECDCA6FC-1300-B73C-D342-94FF22ADB401"/>
</indexColumnUsage>
</ind_PK_UK>
<ind_PK_UK id="AA24324A-006F-EC02-9370-A34B388622CB" name="Relation_6_Representado_FK">
<createdBy>xrpp</createdBy>
<createdTime>2022-11-21 19:27:00 UTC</createdTime>
<generatorID>59015E42-1DDC-B313-CEDC-818CB70DE24C</generatorID>
<ownerDesignName>YH_magement</ownerDesignName>
<indexState>Foreign Key</indexState>
<isSurrogateKey>false</isSurrogateKey>
<indexColumnUsage>
<colUsage columnID="D15E0225-CAB7-000F-530E-B2E6E12BAAFF"/>
</indexColumnUsage>
</ind_PK_UK>
</indexes>
</Table>