<?xml version = '1.0' encoding = 'UTF-8'?>
<Relation class="oracle.dbtools.crest.model.design.logical.Relation" name="Relation_7" directorySegmentName="seg_0" id="04F165C3-AD48-85FB-2B0C-AC8CFA86BF47">
<createdBy>xrpp</createdBy>
<createdTime>2022-11-21 19:27:00 UTC</createdTime>
<ownerDesignName>YH_magement</ownerDesignName>
<importedID>EAC72427-8FCF-ED20-32E9-1FE66427C5CD</importedID>
<engineerTo>
<item key="102C726D-E865-C16E-1A3E-68C24D8F16E6" value="true"/>
<item key="BD7CFEA6-D8E2-6E97-2A8F-E37400418898" value="true"/>
</engineerTo>
<sourcePk>97EE987A-ACF3-A2BB-C10E-DC795D7007F4</sourcePk>
<identifying>false</identifying>
<optionalSource>true</optionalSource>
<optionalTarget>false</optionalTarget>
<sourceCardinality>1</sourceCardinality>
<sourceEntity>A40C5F3C-EF4A-310B-B3C3-0C3BF868B1F2</sourceEntity>
<targetCardinalityString>*</targetCardinalityString>
<targetEntity>B235D4B9-B048-4088-68B9-58B52D2A4CD3</targetEntity>
<transferable>true</transferable>
<deleteRule>NO ACTION</deleteRule>
</Relation>