<?xml version = '1.0' encoding = 'UTF-8'?>
<Relation class="oracle.dbtools.crest.model.design.logical.Relation" name="Relation_3" directorySegmentName="seg_0" id="06BFACC1-F48F-D2EC-C0A4-EE2370EB03BA">
<createdBy>xrpp</createdBy>
<createdTime>2022-11-21 19:27:00 UTC</createdTime>
<ownerDesignName>YH_magement</ownerDesignName>
<importedID>C8421E9C-5F4E-A13D-800E-94477F2DAFF9</importedID>
<engineerTo>
<item key="102C726D-E865-C16E-1A3E-68C24D8F16E6" value="true"/>
<item key="BD7CFEA6-D8E2-6E97-2A8F-E37400418898" value="true"/>
</engineerTo>
<sourcePk>87254C35-EFCA-422E-E118-6194634A7E1A</sourcePk>
<identifying>false</identifying>
<optionalSource>true</optionalSource>
<optionalTarget>false</optionalTarget>
<sourceCardinality>1</sourceCardinality>
<sourceEntity>049046E1-9608-340A-9E92-5E2F5401236B</sourceEntity>
<targetCardinalityString>*</targetCardinalityString>
<targetEntity>1AAAD478-09DB-9CBF-D94E-28FF626504C0</targetEntity>
<transferable>true</transferable>
<deleteRule>NO ACTION</deleteRule>
</Relation>