<?xml version = '1.0' encoding = 'UTF-8'?>
<Relation class="oracle.dbtools.crest.model.design.logical.Relation" name="Relation_14" directorySegmentName="seg_0" id="796EF197-18B4-8813-66FE-D01D8ACB67EB">
<createdBy>xrpp</createdBy>
<createdTime>2022-11-21 19:27:00 UTC</createdTime>
<ownerDesignName>YH_magement</ownerDesignName>
<importedID>3D55B74C-E51D-FF15-C28F-862A86F05A11</importedID>
<engineerTo>
<item key="102C726D-E865-C16E-1A3E-68C24D8F16E6" value="true"/>
<item key="BD7CFEA6-D8E2-6E97-2A8F-E37400418898" value="true"/>
</engineerTo>
<identifying>false</identifying>
<optionalSource>true</optionalSource>
<optionalTarget>false</optionalTarget>
<sourceCardinality>*</sourceCardinality>
<sourceEntity>B235D4B9-B048-4088-68B9-58B52D2A4CD3</sourceEntity>
<targetCardinalityString>*</targetCardinalityString>
<targetEntity>A3B6D052-F371-3CC0-3327-CE080A557A67</targetEntity>
<transferable>true</transferable>
<deleteRule>NO ACTION</deleteRule>
</Relation>