<?xml version = '1.0' encoding = 'UTF-8'?>
<Relation class="oracle.dbtools.crest.model.design.logical.Relation" name="Relation_8" directorySegmentName="seg_0" id="926778D4-87C2-44C5-66A8-A2DC85A0C25A">
<createdBy>xrpp</createdBy>
<createdTime>2022-11-21 19:27:00 UTC</createdTime>
<ownerDesignName>YH_magement</ownerDesignName>
<importedID>5C69AE1B-37F2-DF0A-D71E-B1E9998F2A7E</importedID>
<engineerTo>
<item key="102C726D-E865-C16E-1A3E-68C24D8F16E6" value="true"/>
<item key="BD7CFEA6-D8E2-6E97-2A8F-E37400418898" value="true"/>
</engineerTo>
<sourcePk>72CDC01C-670A-8E31-0FC4-F6429116A4B7</sourcePk>
<targetPk>97EE987A-ACF3-A2BB-C10E-DC795D7007F4</targetPk>
<identifying>false</identifying>
<optionalSource>true</optionalSource>
<optionalTarget>false</optionalTarget>
<sourceCardinality>*</sourceCardinality>
<sourceEntity>C94BD484-0F0A-E1C0-62C3-2E946E68FB17</sourceEntity>
<targetCardinalityString>1</targetCardinalityString>
<targetEntity>A40C5F3C-EF4A-310B-B3C3-0C3BF868B1F2</targetEntity>
<transferable>true</transferable>
<deleteRule>NO ACTION</deleteRule>
</Relation>