<?xml version = '1.0' encoding = 'UTF-8'?>
<Relation class="oracle.dbtools.crest.model.design.logical.Relation" name="Relation_9" directorySegmentName="seg_0" id="99E4DE16-F38D-1655-7F32-9DC3AAA71BE5">
<createdBy>xrpp</createdBy>
<createdTime>2022-11-21 19:27:00 UTC</createdTime>
<ownerDesignName>YH_magement</ownerDesignName>
<importedID>1E08D81B-5293-CAD1-CEBF-AE38596957C5</importedID>
<engineerTo>
<item key="102C726D-E865-C16E-1A3E-68C24D8F16E6" value="true"/>
<item key="BD7CFEA6-D8E2-6E97-2A8F-E37400418898" value="true"/>
</engineerTo>
<sourcePk>CDEE56F2-8B3C-979F-78E4-031DEE284FBC</sourcePk>
<targetPk>97EE987A-ACF3-A2BB-C10E-DC795D7007F4</targetPk>
<identifying>false</identifying>
<optionalSource>true</optionalSource>
<optionalTarget>false</optionalTarget>
<sourceCardinality>*</sourceCardinality>
<sourceEntity>F8E6CA6F-31E6-712C-1A87-A17BC34B5BC9</sourceEntity>
<targetCardinalityString>1</targetCardinalityString>
<targetEntity>A40C5F3C-EF4A-310B-B3C3-0C3BF868B1F2</targetEntity>
<transferable>true</transferable>
<deleteRule>NO ACTION</deleteRule>
</Relation>