<?xml version = '1.0' encoding = 'UTF-8'?>
<Relation class="oracle.dbtools.crest.model.design.logical.Relation" name="Relation_2" directorySegmentName="seg_0" id="EE2F3E29-9790-514F-930E-E714354A05AA">
<createdBy>xrpp</createdBy>
<createdTime>2022-11-21 19:27:00 UTC</createdTime>
<ownerDesignName>YH_magement</ownerDesignName>
<importedID>03C98A19-1637-A59D-F9B9-FB5928015577</importedID>
<engineerTo>
<item key="102C726D-E865-C16E-1A3E-68C24D8F16E6" value="true"/>
<item key="BD7CFEA6-D8E2-6E97-2A8F-E37400418898" value="true"/>
</engineerTo>
<sourcePk>57305235-9F6A-EE0B-BE79-865C085AFA44</sourcePk>
<identifying>false</identifying>
<optionalSource>true</optionalSource>
<optionalTarget>false</optionalTarget>
<sourceCardinality>1</sourceCardinality>
<sourceEntity>0C9EAF37-034C-C16E-B3F8-250CB1EA5A72</sourceEntity>
<targetCardinalityString>*</targetCardinalityString>
<targetEntity>1AAAD478-09DB-9CBF-D94E-28FF626504C0</targetEntity>
<transferable>true</transferable>
<deleteRule>NO ACTION</deleteRule>
</Relation>