<?xml version = '1.0' encoding = 'UTF-8'?>
<Diagram class="oracle.dbtools.crest.swingui.logical.DPVLogical" name="Logical" id="093A9617-FAEC-F83B-27A6-01679F357D0F">
<createdBy>xrpp</createdBy>
<modifiedBy>xrpp</modifiedBy>
<createdTime>2022-11-21 20:44:42 UTC</createdTime>
<autoRoute>false</autoRoute>
<boxInbox>true</boxInbox>
<showLegend>false</showLegend>
<showLabels>false</showLabels>
<showRelAttributes>false</showRelAttributes>
<gridEnabled>false</gridEnabled>
<showGrid>false</showGrid>
<diagramColor>-1</diagramColor>
<display>false</display>
<notation>2</notation>
<objectViews>
<OView class="oracle.dbtools.crest.swingui.logical.TVEntity" oid="00A05F8D-FC10-75FC-4E74-B4C83D4B5551" otype="Entity" vid="3FD20331-E8A1-4DCD-83CC-0C9743898DB5">
<hideElementsInCurrentOnly>false</hideElementsInCurrentOnly>
<bounds x="1186" y="516" width="215" height="136"/>
</OView>
<OView class="oracle.dbtools.crest.swingui.logical.TVEntity" oid="0CB00105-9701-9EBF-C56A-71514ACC19F0" otype="Entity" vid="EA033E20-04E1-0D2C-3C9E-DC63115215DC">
<hideElementsInCurrentOnly>false</hideElementsInCurrentOnly>
<bounds x="338" y="13" width="177" height="192"/>
</OView>
<OView class="oracle.dbtools.crest.swingui.logical.TVEntity" oid="0FD719CC-60A7-A169-E8DB-3C138A21CDD0" otype="Entity" vid="E3E0F842-E623-3949-ADD5-A661E3A96AA7">
<hideElementsInCurrentOnly>false</hideElementsInCurrentOnly>
<bounds x="770" y="15" width="185" height="155"/>
</OView>
<OView class="oracle.dbtools.crest.swingui.logical.TVEntity" oid="2BCE3E14-AD2F-433A-37B5-B7A9D507F7B5" otype="Entity" vid="5DFD89BC-C344-A306-8AA2-1E4E6B0FCC70">
<hideElementsInCurrentOnly>false</hideElementsInCurrentOnly>
<bounds x="524" y="321" width="187" height="155"/>
</OView>
<OView class="oracle.dbtools.crest.swingui.logical.TVEntity" oid="2C9225C2-DD2B-FA54-7738-E8EBF90F4736" otype="Entity" vid="5DB91BAF-69A0-F8EF-EC4A-8CE7936F9C98">
<hideElementsInCurrentOnly>false</hideElementsInCurrentOnly>
<bounds x="43" y="46" width="168" height="156"/>
</OView>
<OView class="oracle.dbtools.crest.swingui.logical.TVEntity" oid="4501E951-4788-33C6-5606-ABD3AE697174" otype="Entity" vid="E25DC57B-B7FE-542D-F8EF-9B982E303104">
<hideElementsInCurrentOnly>false</hideElementsInCurrentOnly>
<bounds x="1121" y="13" width="259" height="189"/>
</OView>
<OView class="oracle.dbtools.crest.swingui.logical.TVEntity" oid="56F1A3B9-DA55-BAAF-E968-41050B6A0E78" otype="Entity" vid="A2AD5ECC-99E2-C3A6-BBA6-29DDA6042C55">
<hideElementsInCurrentOnly>false</hideElementsInCurrentOnly>
<bounds x="58" y="344" width="162" height="105"/>
</OView>
<OView class="oracle.dbtools.crest.swingui.logical.TVEntity" oid="5DABAC91-EFB3-A4E4-9D38-72BCBD0844AD" otype="Entity" vid="00750D2E-8570-2C27-483C-9BC19879E088">
<hideElementsInCurrentOnly>false</hideElementsInCurrentOnly>
<bounds x="269" y="336" width="170" height="110"/>
</OView>
<OView class="oracle.dbtools.crest.swingui.logical.TVEntity" oid="94C779B5-0E67-F214-CF36-599211F424B7" otype="Entity" vid="884B0904-703F-32C6-1AC8-D496F6DC4316">
<hideElementsInCurrentOnly>false</hideElementsInCurrentOnly>
<bounds x="808" y="293" width="170" height="110"/>
</OView>
<OView class="oracle.dbtools.crest.swingui.logical.TVEntity" oid="C46A0CE0-D529-3D12-CED1-2EBD03588063" otype="Entity" vid="0F524199-74A5-F273-E6FC-FE54FA9B8E6F">
<hideElementsInCurrentOnly>false</hideElementsInCurrentOnly>
<bounds x="1088" y="243" width="170" height="110"/>
</OView>
<OView class="oracle.dbtools.crest.swingui.logical.TVEntity" oid="E9186401-5BBE-74CE-CC97-4E00491148B1" otype="Entity" vid="FA98C5AB-ABDC-76EB-F48A-A6CDEEF54D32">
<hideElementsInCurrentOnly>false</hideElementsInCurrentOnly>
<bounds x="1094" y="391" width="198" height="124"/>
</OView>
</objectViews>
<connectors>
<Connector class="oracle.dbtools.crest.swingui.logical.TVRelation" oid="1F9DB051-BA12-6C07-C121-C07C5ECB5205" otype="Relation" vid_source="E25DC57B-B7FE-542D-F8EF-9B982E303104" vid_target="E3E0F842-E623-3949-ADD5-A661E3A96AA7">
<hideElementsInCurrentOnly>false</hideElementsInCurrentOnly>
<backgroundColor>-16777216</backgroundColor>
<lineWidth>1</lineWidth>
<points>
<point x="1121" y="92"/>
<point x="955" y="92"/>
</points>
</Connector>
<Connector class="oracle.dbtools.crest.swingui.logical.TVRelation" oid="20A02AF6-4053-FB6C-4269-21212DB94AF5" otype="Relation" vid_source="5DB91BAF-69A0-F8EF-EC4A-8CE7936F9C98" vid_target="E3E0F842-E623-3949-ADD5-A661E3A96AA7">
<hideElementsInCurrentOnly>false</hideElementsInCurrentOnly>
<backgroundColor>-16777216</backgroundColor>
<lineWidth>1</lineWidth>
<points>
<point x="211" y="108"/>
<point x="770" y="108"/>
</points>
</Connector>
<Connector class="oracle.dbtools.crest.swingui.logical.TVRelation" oid="26926CFA-2132-DEB5-4E4A-77BB1F6D4FD2" otype="Relation" vid_source="5DFD89BC-C344-A306-8AA2-1E4E6B0FCC70" vid_target="E3E0F842-E623-3949-ADD5-A661E3A96AA7">
<hideElementsInCurrentOnly>false</hideElementsInCurrentOnly>
<backgroundColor>-16777216</backgroundColor>
<lineWidth>1</lineWidth>
<points>
<point x="679" y="321"/>
<point x="800" y="170"/>
</points>
</Connector>
<Connector class="oracle.dbtools.crest.swingui.logical.TVRelation" oid="2BB46ADD-A16A-2292-96B7-4F9C60A95DDC" otype="Relation" vid_source="FA98C5AB-ABDC-76EB-F48A-A6CDEEF54D32" vid_target="5DFD89BC-C344-A306-8AA2-1E4E6B0FCC70">
<hideElementsInCurrentOnly>false</hideElementsInCurrentOnly>
<backgroundColor>-16777216</backgroundColor>
<lineWidth>1</lineWidth>
<points>
<point x="1094" y="433"/>
<point x="711" y="433"/>
</points>
</Connector>
<Connector class="oracle.dbtools.crest.swingui.logical.TVRelation" oid="2DA833D0-D5C1-AE18-D97C-ABA81AC45DF4" otype="Relation" vid_source="A2AD5ECC-99E2-C3A6-BBA6-29DDA6042C55" vid_target="00750D2E-8570-2C27-483C-9BC19879E088">
<hideElementsInCurrentOnly>false</hideElementsInCurrentOnly>
<backgroundColor>-16777216</backgroundColor>
<lineWidth>1</lineWidth>
<points>
<point x="220" y="395"/>
<point x="269" y="395"/>
</points>
</Connector>
<Connector class="oracle.dbtools.crest.swingui.logical.TVRelation" oid="495AB10A-254F-A7F8-664E-4A5522D4415F" otype="Relation" vid_source="3FD20331-E8A1-4DCD-83CC-0C9743898DB5" vid_target="5DFD89BC-C344-A306-8AA2-1E4E6B0FCC70">
<hideElementsInCurrentOnly>false</hideElementsInCurrentOnly>
<backgroundColor>-16777216</backgroundColor>
<lineWidth>1</lineWidth>
<points>
<point x="1186" y="554"/>
<point x="711" y="409"/>
</points>
</Connector>
<Connector class="oracle.dbtools.crest.swingui.logical.TVRelation" oid="5A028D37-D94B-E39E-6DE6-379BE2CE2F42" otype="Relation" vid_source="0F524199-74A5-F273-E6FC-FE54FA9B8E6F" vid_target="5DFD89BC-C344-A306-8AA2-1E4E6B0FCC70">
<hideElementsInCurrentOnly>false</hideElementsInCurrentOnly>
<backgroundColor>-16777216</backgroundColor>
<lineWidth>1</lineWidth>
<points>
<point x="1088" y="337"/>
<point x="711" y="337"/>
</points>
</Connector>
<Connector class="oracle.dbtools.crest.swingui.logical.TVRelation" oid="5C1E511F-36DC-6A69-7C1B-57D8011C5179" otype="Relation" vid_source="FA98C5AB-ABDC-76EB-F48A-A6CDEEF54D32" vid_target="884B0904-703F-32C6-1AC8-D496F6DC4316">
<hideElementsInCurrentOnly>false</hideElementsInCurrentOnly>
<backgroundColor>-16777216</backgroundColor>
<lineWidth>1</lineWidth>
<points>
<point x="1094" y="397"/>
<point x="978" y="397"/>
</points>
</Connector>
<Connector class="oracle.dbtools.crest.swingui.logical.TVRelation" oid="70154A36-0C9E-C9A8-1054-A93ED642DE0A" otype="Relation" vid_source="EA033E20-04E1-0D2C-3C9E-DC63115215DC" vid_target="E3E0F842-E623-3949-ADD5-A661E3A96AA7">
<hideElementsInCurrentOnly>false</hideElementsInCurrentOnly>
<backgroundColor>-16777216</backgroundColor>
<lineWidth>1</lineWidth>
<points>
<point x="515" y="92"/>
<point x="770" y="92"/>
</points>
</Connector>
<Connector class="oracle.dbtools.crest.swingui.logical.TVRelation" oid="89A57309-0274-72DD-BA8C-B5764679C77E" otype="Relation" vid_source="E25DC57B-B7FE-542D-F8EF-9B982E303104" vid_target="0F524199-74A5-F273-E6FC-FE54FA9B8E6F">
<hideElementsInCurrentOnly>false</hideElementsInCurrentOnly>
<backgroundColor>-16777216</backgroundColor>
<lineWidth>1</lineWidth>
<points>
<point x="1159" y="202"/>
<point x="1159" y="243"/>
</points>
</Connector>
<Connector class="oracle.dbtools.crest.swingui.logical.TVRelation" oid="990D30DC-DB36-70DE-25F7-D5C856755470" otype="Relation" vid_source="0F524199-74A5-F273-E6FC-FE54FA9B8E6F" vid_target="884B0904-703F-32C6-1AC8-D496F6DC4316">
<hideElementsInCurrentOnly>false</hideElementsInCurrentOnly>
<backgroundColor>-16777216</backgroundColor>
<lineWidth>1</lineWidth>
<points>
<point x="1088" y="323"/>
<point x="978" y="323"/>
</points>
</Connector>
<Connector class="oracle.dbtools.crest.swingui.logical.TVRelation" oid="AB9D42C0-BEBB-F64B-ECCB-C3EDE7098F8F" otype="Relation" vid_source="FA98C5AB-ABDC-76EB-F48A-A6CDEEF54D32" vid_target="E25DC57B-B7FE-542D-F8EF-9B982E303104">
<hideElementsInCurrentOnly>false</hideElementsInCurrentOnly>
<backgroundColor>-16777216</backgroundColor>
<lineWidth>1</lineWidth>
<points>
<point x="1206" y="391"/>
<point x="1206" y="202"/>
</points>
</Connector>
<Connector class="oracle.dbtools.crest.swingui.logical.TVRelation" oid="BBC1A3A4-7322-6325-AB2C-8DB7E0EFCB60" otype="Relation" vid_source="E3E0F842-E623-3949-ADD5-A661E3A96AA7" vid_target="884B0904-703F-32C6-1AC8-D496F6DC4316">
<hideElementsInCurrentOnly>false</hideElementsInCurrentOnly>
<backgroundColor>-16777216</backgroundColor>
<lineWidth>1</lineWidth>
<points>
<point x="881" y="170"/>
<point x="881" y="293"/>
</points>
</Connector>
<Connector class="oracle.dbtools.crest.swingui.logical.TVRelation" oid="D6207D07-D939-99B5-ECFB-985C85EA4348" otype="Relation" vid_source="3FD20331-E8A1-4DCD-83CC-0C9743898DB5" vid_target="E25DC57B-B7FE-542D-F8EF-9B982E303104">
<hideElementsInCurrentOnly>false</hideElementsInCurrentOnly>
<backgroundColor>-16777216</backgroundColor>
<lineWidth>1</lineWidth>
<points>
<point x="1283" y="516"/>
<point x="1283" y="202"/>
</points>
</Connector>
<Connector class="oracle.dbtools.crest.swingui.logical.TVRelation" oid="E24752B3-026A-8D3C-907A-274D2F985946" otype="Relation" vid_source="3FD20331-E8A1-4DCD-83CC-0C9743898DB5" vid_target="884B0904-703F-32C6-1AC8-D496F6DC4316">
<hideElementsInCurrentOnly>false</hideElementsInCurrentOnly>
<backgroundColor>-16777216</backgroundColor>
<lineWidth>1</lineWidth>
<points>
<point x="1186" y="520"/>
<point x="978" y="383"/>
</points>
</Connector>
<Connector class="oracle.dbtools.crest.swingui.logical.TVRelation" oid="F02DEEDC-D9FB-56AD-24A6-A40AE447B905" otype="Relation" vid_source="00750D2E-8570-2C27-483C-9BC19879E088" vid_target="E3E0F842-E623-3949-ADD5-A661E3A96AA7">
<hideElementsInCurrentOnly>false</hideElementsInCurrentOnly>
<backgroundColor>-16777216</backgroundColor>
<lineWidth>1</lineWidth>
<points>
<point x="439" y="341"/>
<point x="770" y="146"/>
</points>
</Connector>
</connectors>
</Diagram>