<?xml version = '1.0' encoding = 'UTF-8'?>
<Diagram class="oracle.dbtools.crest.swingui.relational.DPVRelational" name="Relational_1(2)" id="D3F0BD2A-7CA3-2458-EF54-F63BD7821B46">
<createdBy>xrpp</createdBy>
<modifiedBy>xrpp</modifiedBy>
<createdTime>2022-11-21 20:44:42 UTC</createdTime>
<autoRoute>false</autoRoute>
<boxInbox>true</boxInbox>
<showLegend>false</showLegend>
<showLabels>false</showLabels>
<showRelAttributes>false</showRelAttributes>
<gridEnabled>false</gridEnabled>
<showGrid>false</showGrid>
<diagramColor>-1</diagramColor>
<display>false</display>
<notation>1</notation>
<objectViews>
<OView class="oracle.dbtools.crest.swingui.relational.TVTable" oid="007AB498-1A60-B4E2-4B0F-8E0FA2D2A36F" otype="Table" vid="5E443A19-D7B1-00D2-D220-D81952EA4A5F">
<hideElementsInCurrentOnly>false</hideElementsInCurrentOnly>
<bounds x="1094" y="391" width="198" height="124"/>
</OView>
<OView class="oracle.dbtools.crest.swingui.relational.TVTable" oid="07AF04C1-8950-3102-B7A3-6F1EBEAF52B2" otype="Table" vid="A2951968-04E8-3975-14DD-80222FA00D60">
<hideElementsInCurrentOnly>false</hideElementsInCurrentOnly>
<bounds x="338" y="13" width="177" height="192"/>
</OView>
<OView class="oracle.dbtools.crest.swingui.relational.TVTable" oid="15673572-19AE-5F71-4B89-8915546D9B0E" otype="Table" vid="D3CC594E-B2F0-71A0-7CD7-434BB8D9D9B1">
<hideElementsInCurrentOnly>false</hideElementsInCurrentOnly>
<bounds x="166" y="573" width="170" height="110"/>
</OView>
<OView class="oracle.dbtools.crest.swingui.relational.TVTable" oid="1C1ED955-3AEE-2F52-B206-7B1342679898" otype="Table" vid="19142A50-F489-AF3F-F699-985368FA22BB">
<hideElementsInCurrentOnly>false</hideElementsInCurrentOnly>
<bounds x="1088" y="243" width="170" height="110"/>
</OView>
<OView class="oracle.dbtools.crest.swingui.relational.TVTable" oid="2071207C-FD01-86A0-8CC5-FA38E1EFFB34" otype="Table" vid="AA0E1EF4-1651-D9D1-9CCF-6C6A08016B45">
<hideElementsInCurrentOnly>false</hideElementsInCurrentOnly>
<bounds x="947" y="583" width="170" height="110"/>
</OView>
<OView class="oracle.dbtools.crest.swingui.relational.TVTable" oid="28E4D22E-B291-935E-CEF8-38AA644D4F04" otype="Table" vid="7F110067-9C8F-60C9-A6E2-EE1A0CEE9092">
<hideElementsInCurrentOnly>false</hideElementsInCurrentOnly>
<bounds x="1121" y="13" width="259" height="189"/>
</OView>
<OView class="oracle.dbtools.crest.swingui.relational.TVTable" oid="2E3E09DB-3EFA-D77C-82C7-64CD16D38546" otype="Table" vid="B01CB9CB-63C5-10A9-4CC8-9E9FCD5114A5">
<hideElementsInCurrentOnly>false</hideElementsInCurrentOnly>
<bounds x="43" y="46" width="168" height="156"/>
</OView>
<OView class="oracle.dbtools.crest.swingui.relational.TVTable" oid="41872413-1628-9970-19F7-ABF5A67840F2" otype="Table" vid="C789F560-4A98-34D9-02B1-C34E32F4B6A6">
<hideElementsInCurrentOnly>false</hideElementsInCurrentOnly>
<bounds x="269" y="336" width="170" height="110"/>
</OView>
<OView class="oracle.dbtools.crest.swingui.relational.TVTable" oid="5125F7FD-86B4-C82C-A159-1B8ED35E0AA3" otype="Table" vid="211DC282-F3E6-5CD3-927A-5647FB6E6C74">
<hideElementsInCurrentOnly>false</hideElementsInCurrentOnly>
<bounds x="1186" y="516" width="215" height="136"/>
</OView>
<OView class="oracle.dbtools.crest.swingui.relational.TVTable" oid="7C629CBF-8FDF-B315-0E8A-ECF8519B04AE" otype="Table" vid="6FB174C5-186D-2A3F-4541-5EE8D456058A">
<hideElementsInCurrentOnly>false</hideElementsInCurrentOnly>
<bounds x="58" y="344" width="162" height="105"/>
</OView>
<OView class="oracle.dbtools.crest.swingui.relational.TVTable" oid="7E574610-0590-1C22-016F-72A85CC14B89" otype="Table" vid="4D85057B-6E4B-C8C3-C22B-6D602F580D4C">
<hideElementsInCurrentOnly>false</hideElementsInCurrentOnly>
<bounds x="687" y="480" width="170" height="110"/>
</OView>
<OView class="oracle.dbtools.crest.swingui.relational.TVTable" oid="85A72F6C-565E-02B0-32D8-8097A27DBE3E" otype="Table" vid="C862853D-DBE1-4EF6-EEDB-9F022C12ED1C">
<hideElementsInCurrentOnly>false</hideElementsInCurrentOnly>
<bounds x="419" y="700" width="170" height="110"/>
</OView>
<OView class="oracle.dbtools.crest.swingui.relational.TVTable" oid="891BCD93-10F4-0632-CBFE-A59643E973EA" otype="Table" vid="C175A375-D49C-4DF4-0D5D-70FF6BD709D2">
<hideElementsInCurrentOnly>false</hideElementsInCurrentOnly>
<bounds x="868" y="386" width="170" height="110"/>
</OView>
<OView class="oracle.dbtools.crest.swingui.relational.TVTable" oid="C20E6F62-8919-6346-0A4A-F45B93398329" otype="Table" vid="08009997-AD54-73F2-F53E-42424FA68C5B">
<hideElementsInCurrentOnly>false</hideElementsInCurrentOnly>
<bounds x="758" y="274" width="170" height="110"/>
</OView>
<OView class="oracle.dbtools.crest.swingui.relational.TVTable" oid="C97B8862-6C3A-0D68-860F-FDE85E6373D6" otype="Table" vid="4D87DD3D-A757-B7BD-DAB4-C3D73EC2E263">
<hideElementsInCurrentOnly>false</hideElementsInCurrentOnly>
<bounds x="722" y="6" width="368" height="207"/>
</OView>
<OView class="oracle.dbtools.crest.swingui.relational.TVTable" oid="D1A69E62-8F89-E9D5-E5A5-3622E1B01CDF" otype="Table" vid="7CE7D8E8-6429-DF1D-CF65-97BE2EAA59F9">
<hideElementsInCurrentOnly>false</hideElementsInCurrentOnly>
<bounds x="520" y="164" width="170" height="110"/>
</OView>
<OView class="oracle.dbtools.crest.swingui.relational.TVTable" oid="F5BF9729-7A4C-6601-2672-01ED8A6503DD" otype="Table" vid="6863FD16-FFA7-95E1-6CC1-DEFF9A976FC0">
<hideElementsInCurrentOnly>false</hideElementsInCurrentOnly>
<bounds x="744" y="837" width="170" height="110"/>
</OView>
<OView class="oracle.dbtools.crest.swingui.relational.TVTable" oid="F8EC15D8-060A-7D52-B484-815B55AB2977" otype="Table" vid="28B4F0AB-A8E9-7336-B196-18FBE3E1AE98">
<hideElementsInCurrentOnly>false</hideElementsInCurrentOnly>
<bounds x="524" y="321" width="187" height="155"/>
</OView>
<OView class="oracle.dbtools.crest.swingui.relational.TVTable" oid="FDA73B72-02B9-4DE0-7828-F73A550D2736" otype="Table" vid="38409BC9-46FD-C97A-DD46-3A7D2C506D51">
<hideElementsInCurrentOnly>false</hideElementsInCurrentOnly>
<bounds x="697" y="656" width="170" height="110"/>
</OView>
</objectViews>
<connectors>
<Connector class="oracle.dbtools.crest.swingui.relational.TVFKRelation" oid="06C374DB-153B-D936-5A9A-E24FF2EB5CC5" otype="FKIndexAssociation" vid_source="4D87DD3D-A757-B7BD-DAB4-C3D73EC2E263" vid_target="C862853D-DBE1-4EF6-EEDB-9F022C12ED1C">
<hideElementsInCurrentOnly>false</hideElementsInCurrentOnly>
<backgroundColor>-16777216</backgroundColor>
<lineWidth>1</lineWidth>
<points>
<point x="841" y="213"/>
<point x="538" y="700"/>
</points>
</Connector>
<Connector class="oracle.dbtools.crest.swingui.relational.TVFKRelation" oid="0AFE6012-A873-2305-0DC6-DACD53258CC0" otype="FKIndexAssociation" vid_source="38409BC9-46FD-C97A-DD46-3A7D2C506D51" vid_target="C862853D-DBE1-4EF6-EEDB-9F022C12ED1C">
<hideElementsInCurrentOnly>false</hideElementsInCurrentOnly>
<backgroundColor>-16777216</backgroundColor>
<lineWidth>1</lineWidth>
<points>
<point x="697" y="748"/>
<point x="589" y="748"/>
</points>
</Connector>
<Connector class="oracle.dbtools.crest.swingui.relational.TVFKRelation" oid="1EAA79C6-3C3E-B3FE-5147-FF48B2B7B060" otype="FKIndexAssociation" vid_source="C789F560-4A98-34D9-02B1-C34E32F4B6A6" vid_target="4D87DD3D-A757-B7BD-DAB4-C3D73EC2E263">
<hideElementsInCurrentOnly>false</hideElementsInCurrentOnly>
<backgroundColor>-16777216</backgroundColor>
<lineWidth>1</lineWidth>
<points>
<point x="439" y="341"/>
<point x="722" y="131"/>
</points>
</Connector>
<Connector class="oracle.dbtools.crest.swingui.relational.TVFKRelation" oid="2481040B-48F3-8E6D-6B96-D61F1FCAFACB" otype="FKIndexAssociation" vid_source="4D87DD3D-A757-B7BD-DAB4-C3D73EC2E263" vid_target="7CE7D8E8-6429-DF1D-CF65-97BE2EAA59F9">
<hideElementsInCurrentOnly>false</hideElementsInCurrentOnly>
<backgroundColor>-16777216</backgroundColor>
<lineWidth>1</lineWidth>
<points>
<point x="722" y="188"/>
<point x="690" y="188"/>
</points>
</Connector>
<Connector class="oracle.dbtools.crest.swingui.relational.TVFKRelation" oid="3485126F-0B29-0570-AFBE-EEBDA5E4A73A" otype="FKIndexAssociation" vid_source="19142A50-F489-AF3F-F699-985368FA22BB" vid_target="6863FD16-FFA7-95E1-6CC1-DEFF9A976FC0">
<hideElementsInCurrentOnly>false</hideElementsInCurrentOnly>
<backgroundColor>-16777216</backgroundColor>
<lineWidth>1</lineWidth>
<points>
<point x="1141" y="353"/>
<point x="860" y="837"/>
</points>
</Connector>
<Connector class="oracle.dbtools.crest.swingui.relational.TVFKRelation" oid="4599A675-18E1-8A40-743D-0CE503D591EF" otype="FKIndexAssociation" vid_source="38409BC9-46FD-C97A-DD46-3A7D2C506D51" vid_target="6863FD16-FFA7-95E1-6CC1-DEFF9A976FC0">
<hideElementsInCurrentOnly>false</hideElementsInCurrentOnly>
<backgroundColor>-16777216</backgroundColor>
<lineWidth>1</lineWidth>
<points>
<point x="805" y="766"/>
<point x="805" y="837"/>
</points>
</Connector>
<Connector class="oracle.dbtools.crest.swingui.relational.TVFKRelation" oid="5A20D809-ADF0-C11E-C571-03EB7D957354" otype="FKIndexAssociation" vid_source="B01CB9CB-63C5-10A9-4CC8-9E9FCD5114A5" vid_target="4D87DD3D-A757-B7BD-DAB4-C3D73EC2E263">
<hideElementsInCurrentOnly>false</hideElementsInCurrentOnly>
<backgroundColor>-16777216</backgroundColor>
<lineWidth>1</lineWidth>
<points>
<point x="211" y="124"/>
<point x="722" y="124"/>
</points>
</Connector>
<Connector class="oracle.dbtools.crest.swingui.relational.TVFKRelation" oid="5C49F3DA-F54C-1503-DF58-A220D8BE26DF" otype="FKIndexAssociation" vid_source="7F110067-9C8F-60C9-A6E2-EE1A0CEE9092" vid_target="19142A50-F489-AF3F-F699-985368FA22BB">
<hideElementsInCurrentOnly>false</hideElementsInCurrentOnly>
<backgroundColor>-16777216</backgroundColor>
<lineWidth>1</lineWidth>
<points>
<point x="1159" y="202"/>
<point x="1159" y="243"/>
</points>
</Connector>
<Connector class="oracle.dbtools.crest.swingui.relational.TVFKRelation" oid="7DAF18FE-210B-0B01-6E47-5157116C889D" otype="FKIndexAssociation" vid_source="38409BC9-46FD-C97A-DD46-3A7D2C506D51" vid_target="4D85057B-6E4B-C8C3-C22B-6D602F580D4C">
<hideElementsInCurrentOnly>false</hideElementsInCurrentOnly>
<backgroundColor>-16777216</backgroundColor>
<lineWidth>1</lineWidth>
<points>
<point x="777" y="656"/>
<point x="777" y="590"/>
</points>
</Connector>
<Connector class="oracle.dbtools.crest.swingui.relational.TVFKRelation" oid="83E9F391-9CE7-246B-DC92-D01EA2663563" otype="FKIndexAssociation" vid_source="28B4F0AB-A8E9-7336-B196-18FBE3E1AE98" vid_target="08009997-AD54-73F2-F53E-42424FA68C5B">
<hideElementsInCurrentOnly>false</hideElementsInCurrentOnly>
<backgroundColor>-16777216</backgroundColor>
<lineWidth>1</lineWidth>
<points>
<point x="711" y="352"/>
<point x="758" y="352"/>
</points>
</Connector>
<Connector class="oracle.dbtools.crest.swingui.relational.TVFKRelation" oid="86310993-5332-BE72-506A-E48DD49B78E7" otype="FKIndexAssociation" vid_source="28B4F0AB-A8E9-7336-B196-18FBE3E1AE98" vid_target="C175A375-D49C-4DF4-0D5D-70FF6BD709D2">
<hideElementsInCurrentOnly>false</hideElementsInCurrentOnly>
<backgroundColor>-16777216</backgroundColor>
<lineWidth>1</lineWidth>
<points>
<point x="711" y="431"/>
<point x="868" y="431"/>
</points>
</Connector>
<Connector class="oracle.dbtools.crest.swingui.relational.TVFKRelation" oid="8777D66D-051B-5C60-BDF7-592809A3077E" otype="FKIndexAssociation" vid_source="211DC282-F3E6-5CD3-927A-5647FB6E6C74" vid_target="D3CC594E-B2F0-71A0-7CD7-434BB8D9D9B1">
<hideElementsInCurrentOnly>false</hideElementsInCurrentOnly>
<backgroundColor>-16777216</backgroundColor>
<lineWidth>1</lineWidth>
<points>
<point x="1186" y="652"/>
<point x="336" y="640"/>
</points>
</Connector>
<Connector class="oracle.dbtools.crest.swingui.relational.TVFKRelation" oid="AAFBAF8B-8261-4F3B-BAEC-10A392C53A8C" otype="FKIndexAssociation" vid_source="6FB174C5-186D-2A3F-4541-5EE8D456058A" vid_target="C789F560-4A98-34D9-02B1-C34E32F4B6A6">
<hideElementsInCurrentOnly>false</hideElementsInCurrentOnly>
<backgroundColor>-16777216</backgroundColor>
<lineWidth>1</lineWidth>
<points>
<point x="220" y="395"/>
<point x="269" y="395"/>
</points>
</Connector>
<Connector class="oracle.dbtools.crest.swingui.relational.TVFKRelation" oid="AC23471E-499D-ECA8-0913-2C448B71018E" otype="FKIndexAssociation" vid_source="38409BC9-46FD-C97A-DD46-3A7D2C506D51" vid_target="AA0E1EF4-1651-D9D1-9CCF-6C6A08016B45">
<hideElementsInCurrentOnly>false</hideElementsInCurrentOnly>
<backgroundColor>-16777216</backgroundColor>
<lineWidth>1</lineWidth>
<points>
<point x="867" y="674"/>
<point x="947" y="674"/>
</points>
</Connector>
<Connector class="oracle.dbtools.crest.swingui.relational.TVFKRelation" oid="BBDF92F9-43C9-8EBB-7EE6-70A96B0BD53F" otype="FKIndexAssociation" vid_source="A2951968-04E8-3975-14DD-80222FA00D60" vid_target="4D87DD3D-A757-B7BD-DAB4-C3D73EC2E263">
<hideElementsInCurrentOnly>false</hideElementsInCurrentOnly>
<backgroundColor>-16777216</backgroundColor>
<lineWidth>1</lineWidth>
<points>
<point x="515" y="109"/>
<point x="722" y="109"/>
</points>
</Connector>
<Connector class="oracle.dbtools.crest.swingui.relational.TVFKRelation" oid="BC02E59A-236A-411A-F63C-6820A4043EF2" otype="FKIndexAssociation" vid_source="7F110067-9C8F-60C9-A6E2-EE1A0CEE9092" vid_target="4D87DD3D-A757-B7BD-DAB4-C3D73EC2E263">
<hideElementsInCurrentOnly>false</hideElementsInCurrentOnly>
<backgroundColor>-16777216</backgroundColor>
<lineWidth>1</lineWidth>
<points>
<point x="1121" y="107"/>
<point x="955" y="6"/>
</points>
</Connector>
<Connector class="oracle.dbtools.crest.swingui.relational.TVFKRelation" oid="C4CB3253-D18E-56E5-6503-6468854326AB" otype="FKIndexAssociation" vid_source="7F110067-9C8F-60C9-A6E2-EE1A0CEE9092" vid_target="5E443A19-D7B1-00D2-D220-D81952EA4A5F">
<hideElementsInCurrentOnly>false</hideElementsInCurrentOnly>
<backgroundColor>-16777216</backgroundColor>
<lineWidth>1</lineWidth>
<points>
<point x="1206" y="202"/>
<point x="1206" y="391"/>
</points>
</Connector>
<Connector class="oracle.dbtools.crest.swingui.relational.TVFKRelation" oid="D1E35013-76EC-030B-D0B7-3640D143D9D6" otype="FKIndexAssociation" vid_source="28B4F0AB-A8E9-7336-B196-18FBE3E1AE98" vid_target="7CE7D8E8-6429-DF1D-CF65-97BE2EAA59F9">
<hideElementsInCurrentOnly>false</hideElementsInCurrentOnly>
<backgroundColor>-16777216</backgroundColor>
<lineWidth>1</lineWidth>
<points>
<point x="549" y="476"/>
<point x="549" y="274"/>
</points>
</Connector>
<Connector class="oracle.dbtools.crest.swingui.relational.TVFKRelation" oid="D4C68431-65A1-DC2B-5935-3B33F946B8E9" otype="FKIndexAssociation" vid_source="5E443A19-D7B1-00D2-D220-D81952EA4A5F" vid_target="08009997-AD54-73F2-F53E-42424FA68C5B">
<hideElementsInCurrentOnly>false</hideElementsInCurrentOnly>
<backgroundColor>-16777216</backgroundColor>
<lineWidth>1</lineWidth>
<points>
<point x="1094" y="417"/>
<point x="928" y="359"/>
</points>
</Connector>
<Connector class="oracle.dbtools.crest.swingui.relational.TVFKRelation" oid="DC5857D7-595D-A363-EE17-4CA86FD0ACD6" otype="FKIndexAssociation" vid_source="28B4F0AB-A8E9-7336-B196-18FBE3E1AE98" vid_target="D3CC594E-B2F0-71A0-7CD7-434BB8D9D9B1">
<hideElementsInCurrentOnly>false</hideElementsInCurrentOnly>
<backgroundColor>-16777216</backgroundColor>
<lineWidth>1</lineWidth>
<points>
<point x="524" y="476"/>
<point x="336" y="592"/>
</points>
</Connector>
<Connector class="oracle.dbtools.crest.swingui.relational.TVFKRelation" oid="EAFE21AF-9A8B-654F-299E-EFB9664137BF" otype="FKIndexAssociation" vid_source="211DC282-F3E6-5CD3-927A-5647FB6E6C74" vid_target="AA0E1EF4-1651-D9D1-9CCF-6C6A08016B45">
<hideElementsInCurrentOnly>false</hideElementsInCurrentOnly>
<backgroundColor>-16777216</backgroundColor>
<lineWidth>1</lineWidth>
<points>
<point x="1186" y="652"/>
<point x="1117" y="687"/>
</points>
</Connector>
<Connector class="oracle.dbtools.crest.swingui.relational.TVFKRelation" oid="F18A949B-4267-0BBC-8A59-D00FB533FE56" otype="FKIndexAssociation" vid_source="5E443A19-D7B1-00D2-D220-D81952EA4A5F" vid_target="4D85057B-6E4B-C8C3-C22B-6D602F580D4C">
<hideElementsInCurrentOnly>false</hideElementsInCurrentOnly>
<backgroundColor>-16777216</backgroundColor>
<lineWidth>1</lineWidth>
<points>
<point x="1094" y="497"/>
<point x="857" y="497"/>
</points>
</Connector>
<Connector class="oracle.dbtools.crest.swingui.relational.TVFKRelation" oid="F29DED6D-592D-201D-0DA4-8D9105615778" otype="FKIndexAssociation" vid_source="19142A50-F489-AF3F-F699-985368FA22BB" vid_target="C175A375-D49C-4DF4-0D5D-70FF6BD709D2">
<hideElementsInCurrentOnly>false</hideElementsInCurrentOnly>
<backgroundColor>-16777216</backgroundColor>
<lineWidth>1</lineWidth>
<points>
<point x="1088" y="353"/>
<point x="1037" y="386"/>
</points>
</Connector>
<Connector class="oracle.dbtools.crest.swingui.relational.TVFKRelation" oid="F92AB8E7-DB49-0644-4735-D381AC61D192" otype="FKIndexAssociation" vid_source="7F110067-9C8F-60C9-A6E2-EE1A0CEE9092" vid_target="211DC282-F3E6-5CD3-927A-5647FB6E6C74">
<hideElementsInCurrentOnly>false</hideElementsInCurrentOnly>
<backgroundColor>-16777216</backgroundColor>
<lineWidth>1</lineWidth>
<points>
<point x="1283" y="202"/>
<point x="1283" y="516"/>
</points>
</Connector>
</connectors>
</Diagram>