<?xml version = '1.0' encoding = 'UTF-8'?>
<Diagram class="oracle.dbtools.crest.swingui.relational.DPVRelational" name="Relational_1(2)" id="CF8735D6-3D1B-0810-2951-6114E096C364">
<createdBy>xrpp</createdBy>
<modifiedBy>xrpp</modifiedBy>
<createdTime>2022-11-28 19:35:02 UTC</createdTime>
<autoRoute>false</autoRoute>
<boxInbox>true</boxInbox>
<showLegend>false</showLegend>
<showLabels>false</showLabels>
<showRelAttributes>false</showRelAttributes>
<gridEnabled>false</gridEnabled>
<showGrid>false</showGrid>
<diagramColor>-1</diagramColor>
<display>false</display>
<notation>1</notation>
<objectViews>
<OView class="oracle.dbtools.crest.swingui.relational.TVTable" oid="11C9E355-CE56-4749-C826-E676F7E51FD5" otype="Table" vid="D1B3A870-E802-369C-1D37-DFB7DCDF5C08">
<hideElementsInCurrentOnly>false</hideElementsInCurrentOnly>
<bounds x="1186" y="516" width="215" height="136"/>
</OView>
<OView class="oracle.dbtools.crest.swingui.relational.TVTable" oid="152C6D5E-C3DC-B73D-B09E-66FE445E241B" otype="Table" vid="F5F3D4CF-D3C5-CF4E-AAB0-6648675745D2">
<hideElementsInCurrentOnly>false</hideElementsInCurrentOnly>
<bounds x="687" y="480" width="170" height="110"/>
</OView>
<OView class="oracle.dbtools.crest.swingui.relational.TVTable" oid="1712A8C3-0DCE-3C1F-A348-FEE04C4E8E5E" otype="Table" vid="A0CB319E-9FC1-F3D6-541E-A8B4C3220251">
<hideElementsInCurrentOnly>false</hideElementsInCurrentOnly>
<bounds x="1121" y="13" width="259" height="189"/>
</OView>
<OView class="oracle.dbtools.crest.swingui.relational.TVTable" oid="22C6483C-AD04-50A8-6D14-6256C216C733" otype="Table" vid="155C946E-BC55-615C-F502-98FED7C7CD10">
<hideElementsInCurrentOnly>false</hideElementsInCurrentOnly>
<bounds x="524" y="321" width="187" height="155"/>
</OView>
<OView class="oracle.dbtools.crest.swingui.relational.TVTable" oid="3270211C-8ABC-D1DE-EA8E-2F24B448DCC5" otype="Table" vid="9CCDC2B5-584A-1F20-27EA-0593207FA33A">
<hideElementsInCurrentOnly>false</hideElementsInCurrentOnly>
<bounds x="1094" y="391" width="198" height="124"/>
</OView>
<OView class="oracle.dbtools.crest.swingui.relational.TVTable" oid="3324973D-BBC3-46F7-29E4-2F0EBE624186" otype="Table" vid="0FFC1AB1-5491-2744-DA06-ED32218346FC">
<hideElementsInCurrentOnly>false</hideElementsInCurrentOnly>
<bounds x="338" y="13" width="177" height="192"/>
</OView>
<OView class="oracle.dbtools.crest.swingui.relational.TVTable" oid="4369B4CA-06C7-D4C2-677B-B863225EB4CE" otype="Table" vid="6D47FBB0-AF78-C6F9-0F85-714429FF873F">
<hideElementsInCurrentOnly>false</hideElementsInCurrentOnly>
<bounds x="947" y="583" width="170" height="110"/>
</OView>
<OView class="oracle.dbtools.crest.swingui.relational.TVTable" oid="59BF17C2-C6D3-5AD3-69D9-0979F9EB726F" otype="Table" vid="E01DE7BB-239B-DA18-1D51-8B203DB72718">
<hideElementsInCurrentOnly>false</hideElementsInCurrentOnly>
<bounds x="520" y="164" width="170" height="110"/>
</OView>
<OView class="oracle.dbtools.crest.swingui.relational.TVTable" oid="842ABAD3-836D-D592-1930-14D903362DD0" otype="Table" vid="81879BEC-DC86-F492-6A77-ABC3776E3736">
<hideElementsInCurrentOnly>false</hideElementsInCurrentOnly>
<bounds x="868" y="386" width="170" height="110"/>
</OView>
<OView class="oracle.dbtools.crest.swingui.relational.TVTable" oid="892BA449-A4AE-3190-FDA6-56A3DDB9FD51" otype="Table" vid="A395FAAA-488F-A904-7AFA-FD16735CFEB1">
<hideElementsInCurrentOnly>false</hideElementsInCurrentOnly>
<bounds x="43" y="46" width="168" height="156"/>
</OView>
<OView class="oracle.dbtools.crest.swingui.relational.TVTable" oid="8A2DC5A3-A7F2-FB7A-4DA3-EE7D40475B49" otype="Table" vid="86285FFA-3445-16D8-B31B-2207396B80B1">
<hideElementsInCurrentOnly>false</hideElementsInCurrentOnly>
<bounds x="419" y="700" width="170" height="110"/>
</OView>
<OView class="oracle.dbtools.crest.swingui.relational.TVTable" oid="9D03651E-ECCD-DBBD-B887-4A5671F26FC3" otype="Table" vid="AB75D215-61B5-DFEC-4C05-6370ADF5A1CD">
<hideElementsInCurrentOnly>false</hideElementsInCurrentOnly>
<bounds x="758" y="274" width="170" height="110"/>
</OView>
<OView class="oracle.dbtools.crest.swingui.relational.TVTable" oid="B2129DA6-481D-955D-03A4-2EF8AE114F2B" otype="Table" vid="704A1721-C5DA-9F7E-9108-7C2038D18F54">
<hideElementsInCurrentOnly>false</hideElementsInCurrentOnly>
<bounds x="722" y="6" width="368" height="207"/>
</OView>
<OView class="oracle.dbtools.crest.swingui.relational.TVTable" oid="D3264696-D393-566E-8E30-02311987FAF1" otype="Table" vid="6D0CAB59-27EE-A4EE-8933-FADD802D5064">
<hideElementsInCurrentOnly>false</hideElementsInCurrentOnly>
<bounds x="1088" y="243" width="170" height="110"/>
</OView>
<OView class="oracle.dbtools.crest.swingui.relational.TVTable" oid="E170B6C4-8D08-E4B8-53AC-37E8D12358BE" otype="Table" vid="32A154BE-B1BC-B246-111F-39E70D36B8D9">
<hideElementsInCurrentOnly>false</hideElementsInCurrentOnly>
<bounds x="744" y="837" width="170" height="110"/>
</OView>
<OView class="oracle.dbtools.crest.swingui.relational.TVTable" oid="E580E301-570E-1430-F618-69D6E3832D61" otype="Table" vid="039A5379-17CE-AE47-B0AC-DD5E20A523A1">
<hideElementsInCurrentOnly>false</hideElementsInCurrentOnly>
<bounds x="166" y="573" width="170" height="110"/>
</OView>
<OView class="oracle.dbtools.crest.swingui.relational.TVTable" oid="E7B7FBEC-3A20-D33F-5BC2-EBBEFD83BE7B" otype="Table" vid="7C532448-4C0B-5D19-109C-E0E005066887">
<hideElementsInCurrentOnly>false</hideElementsInCurrentOnly>
<bounds x="697" y="656" width="170" height="110"/>
</OView>
<OView class="oracle.dbtools.crest.swingui.relational.TVTable" oid="EAEB79E2-F437-3DD8-1EF4-5DE3A6CC0F87" otype="Table" vid="07108789-4590-0623-8E55-DEC08E114C64">
<hideElementsInCurrentOnly>false</hideElementsInCurrentOnly>
<bounds x="269" y="336" width="170" height="110"/>
</OView>
<OView class="oracle.dbtools.crest.swingui.relational.TVTable" oid="FC3E097A-930A-C64B-B2E6-8606F07EC187" otype="Table" vid="82173270-709E-136C-5B50-F6B518DA0950">
<hideElementsInCurrentOnly>false</hideElementsInCurrentOnly>
<bounds x="58" y="344" width="162" height="105"/>
</OView>
</objectViews>
<connectors>
<Connector class="oracle.dbtools.crest.swingui.relational.TVFKRelation" oid="04947DB3-DAC0-22C2-5216-42B2FAE38984" otype="FKIndexAssociation" vid_source="07108789-4590-0623-8E55-DEC08E114C64" vid_target="704A1721-C5DA-9F7E-9108-7C2038D18F54">
<hideElementsInCurrentOnly>false</hideElementsInCurrentOnly>
<backgroundColor>-16777216</backgroundColor>
<lineWidth>1</lineWidth>
<points>
<point x="439" y="341"/>
<point x="722" y="131"/>
</points>
</Connector>
<Connector class="oracle.dbtools.crest.swingui.relational.TVFKRelation" oid="0CC6E455-0111-FE70-2125-9AD68C30EA2A" otype="FKIndexAssociation" vid_source="A0CB319E-9FC1-F3D6-541E-A8B4C3220251" vid_target="9CCDC2B5-584A-1F20-27EA-0593207FA33A">
<hideElementsInCurrentOnly>false</hideElementsInCurrentOnly>
<backgroundColor>-16777216</backgroundColor>
<lineWidth>1</lineWidth>
<points>
<point x="1206" y="202"/>
<point x="1206" y="391"/>
</points>
</Connector>
<Connector class="oracle.dbtools.crest.swingui.relational.TVFKRelation" oid="0FBD3ED4-94B0-79C3-96FD-F3395C739539" otype="FKIndexAssociation" vid_source="7C532448-4C0B-5D19-109C-E0E005066887" vid_target="86285FFA-3445-16D8-B31B-2207396B80B1">
<hideElementsInCurrentOnly>false</hideElementsInCurrentOnly>
<backgroundColor>-16777216</backgroundColor>
<lineWidth>1</lineWidth>
<points>
<point x="697" y="748"/>
<point x="589" y="748"/>
</points>
</Connector>
<Connector class="oracle.dbtools.crest.swingui.relational.TVFKRelation" oid="19720A46-55B0-3824-E499-7D5EC2E485B5" otype="FKIndexAssociation" vid_source="704A1721-C5DA-9F7E-9108-7C2038D18F54" vid_target="E01DE7BB-239B-DA18-1D51-8B203DB72718">
<hideElementsInCurrentOnly>false</hideElementsInCurrentOnly>
<backgroundColor>-16777216</backgroundColor>
<lineWidth>1</lineWidth>
<points>
<point x="722" y="188"/>
<point x="690" y="188"/>
</points>
</Connector>
<Connector class="oracle.dbtools.crest.swingui.relational.TVFKRelation" oid="199BEAB4-3060-874E-D773-AB21B89F998D" otype="FKIndexAssociation" vid_source="155C946E-BC55-615C-F502-98FED7C7CD10" vid_target="039A5379-17CE-AE47-B0AC-DD5E20A523A1">
<hideElementsInCurrentOnly>false</hideElementsInCurrentOnly>
<backgroundColor>-16777216</backgroundColor>
<lineWidth>1</lineWidth>
<points>
<point x="524" y="476"/>
<point x="336" y="592"/>
</points>
</Connector>
<Connector class="oracle.dbtools.crest.swingui.relational.TVFKRelation" oid="22A783A6-E380-E319-E888-35EB36CAC3E2" otype="FKIndexAssociation" vid_source="7C532448-4C0B-5D19-109C-E0E005066887" vid_target="6D47FBB0-AF78-C6F9-0F85-714429FF873F">
<hideElementsInCurrentOnly>false</hideElementsInCurrentOnly>
<backgroundColor>-16777216</backgroundColor>
<lineWidth>1</lineWidth>
<points>
<point x="867" y="674"/>
<point x="947" y="674"/>
</points>
</Connector>
<Connector class="oracle.dbtools.crest.swingui.relational.TVFKRelation" oid="243AE317-06CF-977E-C520-92EC421C46C7" otype="FKIndexAssociation" vid_source="D1B3A870-E802-369C-1D37-DFB7DCDF5C08" vid_target="039A5379-17CE-AE47-B0AC-DD5E20A523A1">
<hideElementsInCurrentOnly>false</hideElementsInCurrentOnly>
<backgroundColor>-16777216</backgroundColor>
<lineWidth>1</lineWidth>
<points>
<point x="1186" y="652"/>
<point x="336" y="640"/>
</points>
</Connector>
<Connector class="oracle.dbtools.crest.swingui.relational.TVFKRelation" oid="34662BA0-CBC9-A158-4F73-AB6D1D77860B" otype="FKIndexAssociation" vid_source="6D0CAB59-27EE-A4EE-8933-FADD802D5064" vid_target="32A154BE-B1BC-B246-111F-39E70D36B8D9">
<hideElementsInCurrentOnly>false</hideElementsInCurrentOnly>
<backgroundColor>-16777216</backgroundColor>
<lineWidth>1</lineWidth>
<points>
<point x="1141" y="353"/>
<point x="860" y="837"/>
</points>
</Connector>
<Connector class="oracle.dbtools.crest.swingui.relational.TVFKRelation" oid="40EAC1E3-0B7F-BFA7-C708-AEF958800D98" otype="FKIndexAssociation" vid_source="6D0CAB59-27EE-A4EE-8933-FADD802D5064" vid_target="81879BEC-DC86-F492-6A77-ABC3776E3736">
<hideElementsInCurrentOnly>false</hideElementsInCurrentOnly>
<backgroundColor>-16777216</backgroundColor>
<lineWidth>1</lineWidth>
<points>
<point x="1088" y="353"/>
<point x="1037" y="386"/>
</points>
</Connector>
<Connector class="oracle.dbtools.crest.swingui.relational.TVFKRelation" oid="41F11150-60DF-CFA1-5033-0EF0C3EFF1F0" otype="FKIndexAssociation" vid_source="9CCDC2B5-584A-1F20-27EA-0593207FA33A" vid_target="F5F3D4CF-D3C5-CF4E-AAB0-6648675745D2">
<hideElementsInCurrentOnly>false</hideElementsInCurrentOnly>
<backgroundColor>-16777216</backgroundColor>
<lineWidth>1</lineWidth>
<points>
<point x="1094" y="497"/>
<point x="857" y="497"/>
</points>
</Connector>
<Connector class="oracle.dbtools.crest.swingui.relational.TVFKRelation" oid="4DF4AE63-E93F-2280-F0B3-E23158905003" otype="FKIndexAssociation" vid_source="155C946E-BC55-615C-F502-98FED7C7CD10" vid_target="81879BEC-DC86-F492-6A77-ABC3776E3736">
<hideElementsInCurrentOnly>false</hideElementsInCurrentOnly>
<backgroundColor>-16777216</backgroundColor>
<lineWidth>1</lineWidth>
<points>
<point x="711" y="431"/>
<point x="868" y="431"/>
</points>
</Connector>
<Connector class="oracle.dbtools.crest.swingui.relational.TVFKRelation" oid="5E09C520-FC83-4F75-8535-A3CCF8E5BBA1" otype="FKIndexAssociation" vid_source="0FFC1AB1-5491-2744-DA06-ED32218346FC" vid_target="704A1721-C5DA-9F7E-9108-7C2038D18F54">
<hideElementsInCurrentOnly>false</hideElementsInCurrentOnly>
<backgroundColor>-16777216</backgroundColor>
<lineWidth>1</lineWidth>
<points>
<point x="515" y="109"/>
<point x="722" y="109"/>
</points>
</Connector>
<Connector class="oracle.dbtools.crest.swingui.relational.TVFKRelation" oid="652AA3B0-AB4E-CE7C-211F-744AD5445E44" otype="FKIndexAssociation" vid_source="A0CB319E-9FC1-F3D6-541E-A8B4C3220251" vid_target="D1B3A870-E802-369C-1D37-DFB7DCDF5C08">
<hideElementsInCurrentOnly>false</hideElementsInCurrentOnly>
<backgroundColor>-16777216</backgroundColor>
<lineWidth>1</lineWidth>
<points>
<point x="1283" y="202"/>
<point x="1283" y="516"/>
</points>
</Connector>
<Connector class="oracle.dbtools.crest.swingui.relational.TVFKRelation" oid="78BF765D-CCBC-C12D-7002-EAF3EEB3B260" otype="FKIndexAssociation" vid_source="704A1721-C5DA-9F7E-9108-7C2038D18F54" vid_target="86285FFA-3445-16D8-B31B-2207396B80B1">
<hideElementsInCurrentOnly>false</hideElementsInCurrentOnly>
<backgroundColor>-16777216</backgroundColor>
<lineWidth>1</lineWidth>
<points>
<point x="841" y="213"/>
<point x="538" y="700"/>
</points>
</Connector>
<Connector class="oracle.dbtools.crest.swingui.relational.TVFKRelation" oid="7AE8F33C-0FDF-6B83-79F9-FBD1B280C9D0" otype="FKIndexAssociation" vid_source="82173270-709E-136C-5B50-F6B518DA0950" vid_target="07108789-4590-0623-8E55-DEC08E114C64">
<hideElementsInCurrentOnly>false</hideElementsInCurrentOnly>
<backgroundColor>-16777216</backgroundColor>
<lineWidth>1</lineWidth>
<points>
<point x="220" y="395"/>
<point x="269" y="395"/>
</points>
</Connector>
<Connector class="oracle.dbtools.crest.swingui.relational.TVFKRelation" oid="894AF693-B541-E678-2A0B-76BCF74A9386" otype="FKIndexAssociation" vid_source="155C946E-BC55-615C-F502-98FED7C7CD10" vid_target="E01DE7BB-239B-DA18-1D51-8B203DB72718">
<hideElementsInCurrentOnly>false</hideElementsInCurrentOnly>
<backgroundColor>-16777216</backgroundColor>
<lineWidth>1</lineWidth>
<points>
<point x="549" y="476"/>
<point x="549" y="274"/>
</points>
</Connector>
<Connector class="oracle.dbtools.crest.swingui.relational.TVFKRelation" oid="8A3E13B0-1C8B-977D-CD7C-61D37B7701D8" otype="FKIndexAssociation" vid_source="7C532448-4C0B-5D19-109C-E0E005066887" vid_target="32A154BE-B1BC-B246-111F-39E70D36B8D9">
<hideElementsInCurrentOnly>false</hideElementsInCurrentOnly>
<backgroundColor>-16777216</backgroundColor>
<lineWidth>1</lineWidth>
<points>
<point x="805" y="766"/>
<point x="805" y="837"/>
</points>
</Connector>
<Connector class="oracle.dbtools.crest.swingui.relational.TVFKRelation" oid="8DAD7E0E-6A8B-FBA6-55F6-C949147AEFC2" otype="FKIndexAssociation" vid_source="D1B3A870-E802-369C-1D37-DFB7DCDF5C08" vid_target="6D47FBB0-AF78-C6F9-0F85-714429FF873F">
<hideElementsInCurrentOnly>false</hideElementsInCurrentOnly>
<backgroundColor>-16777216</backgroundColor>
<lineWidth>1</lineWidth>
<points>
<point x="1186" y="652"/>
<point x="1117" y="687"/>
</points>
</Connector>
<Connector class="oracle.dbtools.crest.swingui.relational.TVFKRelation" oid="AF663B8E-A86F-8AD6-2AE0-6002E5A00F2D" otype="FKIndexAssociation" vid_source="7C532448-4C0B-5D19-109C-E0E005066887" vid_target="F5F3D4CF-D3C5-CF4E-AAB0-6648675745D2">
<hideElementsInCurrentOnly>false</hideElementsInCurrentOnly>
<backgroundColor>-16777216</backgroundColor>
<lineWidth>1</lineWidth>
<points>
<point x="777" y="656"/>
<point x="777" y="590"/>
</points>
</Connector>
<Connector class="oracle.dbtools.crest.swingui.relational.TVFKRelation" oid="C4237348-6F55-9839-E880-820A70393D37" otype="FKIndexAssociation" vid_source="9CCDC2B5-584A-1F20-27EA-0593207FA33A" vid_target="AB75D215-61B5-DFEC-4C05-6370ADF5A1CD">
<hideElementsInCurrentOnly>false</hideElementsInCurrentOnly>
<backgroundColor>-16777216</backgroundColor>
<lineWidth>1</lineWidth>
<points>
<point x="1094" y="417"/>
<point x="928" y="359"/>
</points>
</Connector>
<Connector class="oracle.dbtools.crest.swingui.relational.TVFKRelation" oid="E0F43017-78CC-6566-EAF9-292FFE3C05E1" otype="FKIndexAssociation" vid_source="A0CB319E-9FC1-F3D6-541E-A8B4C3220251" vid_target="6D0CAB59-27EE-A4EE-8933-FADD802D5064">
<hideElementsInCurrentOnly>false</hideElementsInCurrentOnly>
<backgroundColor>-16777216</backgroundColor>
<lineWidth>1</lineWidth>
<points>
<point x="1159" y="202"/>
<point x="1159" y="243"/>
</points>
</Connector>
<Connector class="oracle.dbtools.crest.swingui.relational.TVFKRelation" oid="F5119393-FEF4-629B-2B0A-4F54C9DEAABD" otype="FKIndexAssociation" vid_source="A0CB319E-9FC1-F3D6-541E-A8B4C3220251" vid_target="704A1721-C5DA-9F7E-9108-7C2038D18F54">
<hideElementsInCurrentOnly>false</hideElementsInCurrentOnly>
<backgroundColor>-16777216</backgroundColor>
<lineWidth>1</lineWidth>
<points>
<point x="1121" y="107"/>
<point x="955" y="6"/>
</points>
</Connector>
<Connector class="oracle.dbtools.crest.swingui.relational.TVFKRelation" oid="F853C4B7-C297-64BD-0D47-916FA4C3599C" otype="FKIndexAssociation" vid_source="A395FAAA-488F-A904-7AFA-FD16735CFEB1" vid_target="704A1721-C5DA-9F7E-9108-7C2038D18F54">
<hideElementsInCurrentOnly>false</hideElementsInCurrentOnly>
<backgroundColor>-16777216</backgroundColor>
<lineWidth>1</lineWidth>
<points>
<point x="211" y="124"/>
<point x="722" y="124"/>
</points>
</Connector>
<Connector class="oracle.dbtools.crest.swingui.relational.TVFKRelation" oid="F9BC1FE1-8F98-1F32-1AFE-5AAEC56F9AF6" otype="FKIndexAssociation" vid_source="155C946E-BC55-615C-F502-98FED7C7CD10" vid_target="AB75D215-61B5-DFEC-4C05-6370ADF5A1CD">
<hideElementsInCurrentOnly>false</hideElementsInCurrentOnly>
<backgroundColor>-16777216</backgroundColor>
<lineWidth>1</lineWidth>
<points>
<point x="711" y="352"/>
<point x="758" y="352"/>
</points>
</Connector>
</connectors>
</Diagram>