<?xml version = '1.0' encoding = 'UTF-8'?>
<relationalModel class="oracle.dbtools.crest.model.design.relational.RelationalDesign" name="Relational_1(2)" id="536F7406-9FA5-DCB7-CFCA-529BE80FE55D" mainViewID="CF8735D6-3D1B-0810-2951-6114E096C364">
<createdBy>xrpp</createdBy>
<createdTime>2022-11-28 19:34:58 UTC</createdTime>
<ownerDesignName>YH_magement3</ownerDesignName>
<shouldBeOpen>false</shouldBeOpen>
<selectedRDBMSSite>32076570-2523-435C-2E92-BF29817DFF70</selectedRDBMSSite>
</relationalModel>