<?xml version = '1.0' encoding = 'UTF-8'?>
<relationalModel class="oracle.dbtools.crest.model.design.relational.RelationalDesign" name="Relational_1(4)" id="8067C762-B31A-7AC2-550B-62D60EC6BFE2" mainViewID="D2ADCEB2-D7CB-EC14-923B-0238F1A53463">
<createdBy>xrpp</createdBy>
<createdTime>2022-11-28 19:34:58 UTC</createdTime>
<ownerDesignName>YH_magement3</ownerDesignName>
<shouldBeOpen>false</shouldBeOpen>
<selectedRDBMSSite>32076570-2523-435C-2E92-BF29817DFF70</selectedRDBMSSite>
</relationalModel>