<?xml version = '1.0' encoding = 'UTF-8'?>
<relationalModel class="oracle.dbtools.crest.model.design.relational.RelationalDesign" name="Relational_1(3)" id="A3C8AF6E-A773-0F46-3A77-6F04D241405E" mainViewID="C87100F6-4F8A-A5A1-B364-B4687CEA12B1">
<createdBy>xrpp</createdBy>
<createdTime>2022-11-28 19:34:58 UTC</createdTime>
<ownerDesignName>YH_magement3</ownerDesignName>
<shouldBeOpen>false</shouldBeOpen>
<selectedRDBMSSite>32076570-2523-435C-2E92-BF29817DFF70</selectedRDBMSSite>
</relationalModel>