<?xml version = '1.0' encoding = 'UTF-8'?>
<Relation class="oracle.dbtools.crest.model.design.logical.Relation" name="DatosPersonales Empleado FK" directorySegmentName="seg_0" id="17F49AB7-BBB3-2E6D-7D0F-5768BDBC828C">
<createdBy>xrpp</createdBy>
<createdTime>2022-11-28 19:35:02 UTC</createdTime>
<ownerDesignName>YH_magement3</ownerDesignName>
<importedID>AB9D42C0-BEBB-F64B-ECCB-C3EDE7098F8F</importedID>
<engineerTo>
<item key="BE489D97-C574-C67B-6326-78BC154D47C0" value="true"/>
<item key="8067C762-B31A-7AC2-550B-62D60EC6BFE2" value="true"/>
<item key="536F7406-9FA5-DCB7-CFCA-529BE80FE55D" value="true"/>
<item key="A3C8AF6E-A773-0F46-3A77-6F04D241405E" value="true"/>
</engineerTo>
<sourcePk>F324DCDD-C799-07B4-119D-1133EB7B5684</sourcePk>
<targetPk>E4C0ED10-0311-D68E-5E61-7344B06165AF</targetPk>
<identifying>false</identifying>
<optionalSource>true</optionalSource>
<optionalTarget>false</optionalTarget>
<sourceCardinality>1</sourceCardinality>
<sourceEntity>E9E453BB-D119-E4A1-8CE6-CBB87923F266</sourceEntity>
<targetCardinalityString>1</targetCardinalityString>
<targetEntity>BA9A45A6-168F-11A1-1932-7CE8120CFB52</targetEntity>
<transferable>true</transferable>
<deleteRule>NO ACTION</deleteRule>
</Relation>