<?xml version = '1.0' encoding = 'UTF-8'?>
<Relation class="oracle.dbtools.crest.model.design.logical.Relation" name="Representado Media FK" directorySegmentName="seg_0" id="7960DEBA-6D5D-7782-83A3-F4C437A68099">
<createdBy>xrpp</createdBy>
<createdTime>2022-11-28 19:35:02 UTC</createdTime>
<ownerDesignName>YH_magement3</ownerDesignName>
<importedID>F02DEEDC-D9FB-56AD-24A6-A40AE447B905</importedID>
<engineerTo>
<item key="BE489D97-C574-C67B-6326-78BC154D47C0" value="true"/>
<item key="8067C762-B31A-7AC2-550B-62D60EC6BFE2" value="true"/>
<item key="536F7406-9FA5-DCB7-CFCA-529BE80FE55D" value="true"/>
<item key="A3C8AF6E-A773-0F46-3A77-6F04D241405E" value="true"/>
</engineerTo>
<sourcePk>47BC39F5-3A6C-38EF-8EDD-F14CB864E1C2</sourcePk>
<identifying>false</identifying>
<optionalSource>true</optionalSource>
<optionalTarget>false</optionalTarget>
<sourceCardinality>1</sourceCardinality>
<sourceEntity>2374E2BE-FA04-5B6C-D8C7-3D1E1FFF101B</sourceEntity>
<targetCardinalityString>*</targetCardinalityString>
<targetEntity>3E9919DA-6DB4-2607-D628-C8F693D2134A</targetEntity>
<transferable>true</transferable>
<deleteRule>NO ACTION</deleteRule>
</Relation>