<?xml version = '1.0' encoding = 'UTF-8'?>
<Relation class="oracle.dbtools.crest.model.design.logical.Relation" name="Media Entrevista FK" directorySegmentName="seg_0" id="7D62BCB0-0776-79E2-BD3A-5BA8BB1518A5">
<createdBy>xrpp</createdBy>
<createdTime>2022-11-28 19:35:02 UTC</createdTime>
<ownerDesignName>YH_magement3</ownerDesignName>
<importedID>2DA833D0-D5C1-AE18-D97C-ABA81AC45DF4</importedID>
<engineerTo>
<item key="BE489D97-C574-C67B-6326-78BC154D47C0" value="true"/>
<item key="8067C762-B31A-7AC2-550B-62D60EC6BFE2" value="true"/>
<item key="536F7406-9FA5-DCB7-CFCA-529BE80FE55D" value="true"/>
<item key="A3C8AF6E-A773-0F46-3A77-6F04D241405E" value="true"/>
</engineerTo>
<sourcePk>7D7F8C2D-2EFA-9A32-CAAE-A0CDE95F62DB</sourcePk>
<identifying>false</identifying>
<optionalSource>true</optionalSource>
<optionalTarget>false</optionalTarget>
<sourceCardinality>1</sourceCardinality>
<sourceEntity>79A33594-26CD-EB5C-6505-B07C0E3C0050</sourceEntity>
<targetCardinalityString>*</targetCardinalityString>
<targetEntity>2374E2BE-FA04-5B6C-D8C7-3D1E1FFF101B</targetEntity>
<transferable>true</transferable>
<deleteRule>NO ACTION</deleteRule>
</Relation>