<?xml version = '1.0' encoding = 'UTF-8'?>
<Relation class="oracle.dbtools.crest.model.design.logical.Relation" name="Representado Datos Aspecto FK" directorySegmentName="seg_0" id="9D0E0607-532C-7CB6-478B-CEDDA17AAF7F">
<createdBy>xrpp</createdBy>
<createdTime>2022-11-28 19:45:33 UTC</createdTime>
<ownerDesignName>YH_magement3</ownerDesignName>
<engineerTo>
<item key="BE489D97-C574-C67B-6326-78BC154D47C0" value="true"/>
<item key="8067C762-B31A-7AC2-550B-62D60EC6BFE2" value="true"/>
<item key="536F7406-9FA5-DCB7-CFCA-529BE80FE55D" value="true"/>
<item key="A3C8AF6E-A773-0F46-3A77-6F04D241405E" value="true"/>
</engineerTo>
<sourcePk>CC9929C1-227E-FC2D-3944-C7FAAC91DDD9</sourcePk>
<identifying>false</identifying>
<optionalSource>true</optionalSource>
<optionalTarget>false</optionalTarget>
<sourceCardinality>1</sourceCardinality>
<sourceEntity>DE221FF6-2DFB-8FC9-E011-3E97DE06E144</sourceEntity>
<targetCardinalityString>*</targetCardinalityString>
<targetEntity>3E9919DA-6DB4-2607-D628-C8F693D2134A</targetEntity>
<transferable>true</transferable>
<deleteRule>NO ACTION</deleteRule>
</Relation>