<?xml version = '1.0' encoding = 'UTF-8'?>
<Relation class="oracle.dbtools.crest.model.design.logical.Relation" name="Pago_Nomina" directorySegmentName="seg_0" id="A9097E0B-B8A2-0C96-5EC9-74B2AFDFBA42">
<createdBy>xrpp</createdBy>
<createdTime>2022-11-28 19:35:02 UTC</createdTime>
<ownerDesignName>YH_magement3</ownerDesignName>
<importedID>5C1E511F-36DC-6A69-7C1B-57D8011C5179</importedID>
<engineerTo>
<item key="BE489D97-C574-C67B-6326-78BC154D47C0" value="true"/>
<item key="8067C762-B31A-7AC2-550B-62D60EC6BFE2" value="true"/>
<item key="536F7406-9FA5-DCB7-CFCA-529BE80FE55D" value="true"/>
<item key="A3C8AF6E-A773-0F46-3A77-6F04D241405E" value="true"/>
</engineerTo>
<identifying>false</identifying>
<optionalSource>true</optionalSource>
<optionalTarget>false</optionalTarget>
<sourceCardinality>*</sourceCardinality>
<sourceEntity>E9E453BB-D119-E4A1-8CE6-CBB87923F266</sourceEntity>
<targetCardinalityString>*</targetCardinalityString>
<targetEntity>0C81B477-D9E5-FCD9-1998-EF08B3462445</targetEntity>
<transferable>true</transferable>
<deleteRule>NO ACTION</deleteRule>
</Relation>