<?xml version = '1.0' encoding = 'UTF-8'?>
<Relation class="oracle.dbtools.crest.model.design.logical.Relation" name="Representado Aptitudes FK" directorySegmentName="seg_0" id="B56D9900-40F2-01FA-CDEC-51474D617A1C">
<createdBy>xrpp</createdBy>
<createdTime>2022-11-28 19:35:02 UTC</createdTime>
<ownerDesignName>YH_magement3</ownerDesignName>
<importedID>20A02AF6-4053-FB6C-4269-21212DB94AF5</importedID>
<engineerTo>
<item key="BE489D97-C574-C67B-6326-78BC154D47C0" value="true"/>
<item key="8067C762-B31A-7AC2-550B-62D60EC6BFE2" value="true"/>
<item key="536F7406-9FA5-DCB7-CFCA-529BE80FE55D" value="true"/>
<item key="A3C8AF6E-A773-0F46-3A77-6F04D241405E" value="true"/>
</engineerTo>
<sourcePk>5A9568F7-8E97-047D-2F17-AC705C36333C</sourcePk>
<identifying>false</identifying>
<optionalSource>true</optionalSource>
<optionalTarget>false</optionalTarget>
<sourceCardinality>1</sourceCardinality>
<sourceEntity>2C5C4071-979C-F0DE-3C11-0CF63E2C22CF</sourceEntity>
<targetCardinalityString>*</targetCardinalityString>
<targetEntity>3E9919DA-6DB4-2607-D628-C8F693D2134A</targetEntity>
<transferable>true</transferable>
<deleteRule>NO ACTION</deleteRule>
</Relation>