<?xml version = '1.0' encoding = 'UTF-8'?>
<Relation class="oracle.dbtools.crest.model.design.logical.Relation" name="DatosPersonales Localización FK" directorySegmentName="seg_0" id="D6424052-125E-F391-5CE3-74FBA3A75521">
<createdBy>xrpp</createdBy>
<createdTime>2022-11-28 19:50:04 UTC</createdTime>
<ownerDesignName>YH_magement3</ownerDesignName>
<engineerTo>
<item key="BE489D97-C574-C67B-6326-78BC154D47C0" value="true"/>
<item key="8067C762-B31A-7AC2-550B-62D60EC6BFE2" value="true"/>
<item key="536F7406-9FA5-DCB7-CFCA-529BE80FE55D" value="true"/>
<item key="A3C8AF6E-A773-0F46-3A77-6F04D241405E" value="true"/>
</engineerTo>
<sourcePk>E2EC52FB-38E9-2853-C8C0-F2A48124F330</sourcePk>
<identifying>false</identifying>
<optionalSource>true</optionalSource>
<optionalTarget>false</optionalTarget>
<sourceCardinality>1</sourceCardinality>
<sourceEntity>2404208A-E2E0-534B-AE8E-153D0EB7FCC9</sourceEntity>
<targetCardinalityString>*</targetCardinalityString>
<targetEntity>BA9A45A6-168F-11A1-1932-7CE8120CFB52</targetEntity>
<transferable>true</transferable>
<deleteRule>NO ACTION</deleteRule>
</Relation>