<?xml version = '1.0' encoding = 'UTF-8'?>
<Relation class="oracle.dbtools.crest.model.design.logical.Relation" name="Pago" directorySegmentName="seg_0" id="E88AF3B5-AA7F-0285-4335-DD2BBED5F991">
<createdBy>xrpp</createdBy>
<createdTime>2022-11-28 19:35:02 UTC</createdTime>
<ownerDesignName>YH_magement3</ownerDesignName>
<importedID>BBC1A3A4-7322-6325-AB2C-8DB7E0EFCB60</importedID>
<engineerTo>
<item key="BE489D97-C574-C67B-6326-78BC154D47C0" value="true"/>
<item key="8067C762-B31A-7AC2-550B-62D60EC6BFE2" value="true"/>
<item key="536F7406-9FA5-DCB7-CFCA-529BE80FE55D" value="true"/>
<item key="A3C8AF6E-A773-0F46-3A77-6F04D241405E" value="true"/>
</engineerTo>
<identifying>false</identifying>
<optionalSource>true</optionalSource>
<optionalTarget>false</optionalTarget>
<sourceCardinality>*</sourceCardinality>
<sourceEntity>3E9919DA-6DB4-2607-D628-C8F693D2134A</sourceEntity>
<targetCardinalityString>*</targetCardinalityString>
<targetEntity>0C81B477-D9E5-FCD9-1998-EF08B3462445</targetEntity>
<transferable>true</transferable>
<deleteRule>NO ACTION</deleteRule>
</Relation>