<?xml version = '1.0' encoding = 'UTF-8'?>
<Relation class="oracle.dbtools.crest.model.design.logical.Relation" name="Datos Aspecto Medidas FK" directorySegmentName="seg_0" id="FAB47509-B433-F362-D107-474E234EC1EF">
<createdBy>xrpp</createdBy>
<createdTime>2022-11-28 19:35:02 UTC</createdTime>
<ownerDesignName>YH_magement3</ownerDesignName>
<importedID>70154A36-0C9E-C9A8-1054-A93ED642DE0A</importedID>
<engineerTo>
<item key="BE489D97-C574-C67B-6326-78BC154D47C0" value="true"/>
<item key="8067C762-B31A-7AC2-550B-62D60EC6BFE2" value="true"/>
<item key="536F7406-9FA5-DCB7-CFCA-529BE80FE55D" value="true"/>
<item key="A3C8AF6E-A773-0F46-3A77-6F04D241405E" value="true"/>
</engineerTo>
<sourcePk>4C16511E-4671-CA7B-BBB6-41DEDEA325B2</sourcePk>
<identifying>false</identifying>
<optionalSource>true</optionalSource>
<optionalTarget>false</optionalTarget>
<sourceCardinality>1</sourceCardinality>
<sourceEntity>98D17F9F-5B76-3A26-F509-6D041A85DCF8</sourceEntity>
<targetCardinalityString>*</targetCardinalityString>
<targetEntity>DE221FF6-2DFB-8FC9-E011-3E97DE06E144</targetEntity>
<transferable>true</transferable>
<deleteRule>NO ACTION</deleteRule>
</Relation>