<?xml version = '1.0' encoding = 'UTF-8'?>
<Table class="oracle.dbtools.crest.model.design.relational.Table" directorySegmentName="seg_0" id="007AB498-1A60-B4E2-4B0F-8E0FA2D2A36F" name="Empleado">
<createdBy>xrpp</createdBy>
<createdTime>2022-11-21 20:44:42 UTC</createdTime>
<generatorID>E9186401-5BBE-74CE-CC97-4E00491148B1</generatorID>
<ownerDesignName>YH_magement2</ownerDesignName>
<importedID>55833BD8-053A-5092-814E-176F7906BB16</importedID>
<allowColumnReorder>false</allowColumnReorder>
<existDependencyGenerateInDDl>true</existDependencyGenerateInDDl>
<parsed>true</parsed>
<columns itemClass="oracle.dbtools.crest.model.design.relational.Column">
<Column name="ID_empleado" id="AC452C45-1AFE-E905-B33C-FEE49B0134A7">
<createdBy>xrpp</createdBy>
<createdTime>2022-11-21 20:44:42 UTC</createdTime>
<generatorID>2418F3EC-B13D-18FA-4A41-64495FFD3A1B</generatorID>
<ownerDesignName>YH_magement2</ownerDesignName>
<importedID>9065E3B0-C288-7AFA-1D46-663AEED25F8D</importedID>
<useDomainConstraints>false</useDomainConstraints>
<use>1</use>
<logicalDatatype>LOGDT011</logicalDatatype>
<ownDataTypeParameters>,,</ownDataTypeParameters>
<autoIncrementCycle>false</autoIncrementCycle>
</Column>
<Column name="Puesto" id="C9C1C912-AD2B-0A94-E3D9-C40107379FD9">
<createdBy>xrpp</createdBy>
<createdTime>2022-11-21 20:44:42 UTC</createdTime>
<generatorID>304B8727-931F-94D9-F9E5-3DDA3E3FD049</generatorID>
<ownerDesignName>YH_magement2</ownerDesignName>
<importedID>5B3F1403-A7DF-8980-EF64-34BDD8C80AC9</importedID>
<useDomainConstraints>false</useDomainConstraints>
<use>1</use>
<logicalDatatype>LOGDT024</logicalDatatype>
<dataTypeSize>30</dataTypeSize>
<ownDataTypeParameters>30,,</ownDataTypeParameters>
<autoIncrementCycle>false</autoIncrementCycle>
</Column>
<Column name="Nivel_acceso" id="43B553FE-A8B0-4435-E85F-285A8EFF9E59">
<createdBy>xrpp</createdBy>
<createdTime>2022-11-21 20:44:42 UTC</createdTime>
<generatorID>2673729C-A8BC-BF76-C275-7C48411FFA19</generatorID>
<ownerDesignName>YH_magement2</ownerDesignName>
<importedID>C836BD04-C9F0-745C-B585-5A97243FA61E</importedID>
<useDomainConstraints>false</useDomainConstraints>
<use>1</use>
<logicalDatatype>LOGDT024</logicalDatatype>
<dataTypeSize>30</dataTypeSize>
<ownDataTypeParameters>30,,</ownDataTypeParameters>
<autoIncrementCycle>false</autoIncrementCycle>
</Column>
<Column name="Contraseña" id="FE068B70-D021-E81F-E6A9-F32CCA1B7A91">
<createdBy>xrpp</createdBy>
<createdTime>2022-11-21 20:44:42 UTC</createdTime>
<generatorID>AF8E17D6-861E-D29E-E2E5-C69CD0312141</generatorID>
<ownerDesignName>YH_magement2</ownerDesignName>
<importedID>FC06F15C-0939-A300-AF40-C3DA9F24CFA6</importedID>
<useDomainConstraints>false</useDomainConstraints>
<use>1</use>
<logicalDatatype>LOGDT024</logicalDatatype>
<dataTypeSize>255</dataTypeSize>
<ownDataTypeParameters>255,,</ownDataTypeParameters>
<autoIncrementCycle>false</autoIncrementCycle>
</Column>
<Column name="DatosPersonales_DNI_NIE_NIF" id="91F49C74-B2C2-5EC3-0415-3562E4A7E3E0">
<createdBy>xrpp</createdBy>
<createdTime>2022-11-21 20:44:42 UTC</createdTime>
<generatorID>750241FB-5447-8553-A7B1-08D4AF9E0E86</generatorID>
<ownerDesignName>YH_magement2</ownerDesignName>
<importedID>26E8328C-3236-2F87-A024-6130FD4AB797</importedID>
<nullsAllowed>true</nullsAllowed>
<useDomainConstraints>false</useDomainConstraints>
<use>1</use>
<logicalDatatype>LOGDT024</logicalDatatype>
<dataTypeSize>15</dataTypeSize>
<ownDataTypeParameters>15,,</ownDataTypeParameters>
<autoIncrementCycle>false</autoIncrementCycle>
<associations>
<colAssociation fkAssociation="C4CB3253-D18E-56E5-6503-6468854326AB" referredColumn="6CB0C9B5-2F12-2A26-73F4-8BDF7D9D8E6D"/>
</associations>
</Column>
</columns>
<indexes itemClass="oracle.dbtools.crest.model.design.relational.Index">
<ind_PK_UK id="0C97B582-F823-2B35-13BB-AE4D178848CE" name="Empleado_PK">
<createdBy>xrpp</createdBy>
<createdTime>2022-11-21 20:44:42 UTC</createdTime>
<generatorID>3127C71A-42E3-D605-CEF2-1658DCDEAD1D</generatorID>
<ownerDesignName>YH_magement2</ownerDesignName>
<importedID>17511C16-1D53-F78A-FF92-20FA3B051AFC</importedID>
<pk>true</pk>
<indexState>Primary Constraint</indexState>
<isSurrogateKey>false</isSurrogateKey>
<indexColumnUsage>
<colUsage columnID="AC452C45-1AFE-E905-B33C-FEE49B0134A7"/>
</indexColumnUsage>
</ind_PK_UK>
<ind_PK_UK id="CE2E238E-7AF5-218C-EAAF-3DA155E6D078" name="Empleado_DatosPersonales_FK">
<createdBy>xrpp</createdBy>
<createdTime>2022-11-21 20:44:42 UTC</createdTime>
<generatorID>AB9D42C0-BEBB-F64B-ECCB-C3EDE7098F8F</generatorID>
<ownerDesignName>YH_magement2</ownerDesignName>
<indexState>Foreign Key</indexState>
<isSurrogateKey>false</isSurrogateKey>
<indexColumnUsage>
<colUsage columnID="91F49C74-B2C2-5EC3-0415-3562E4A7E3E0"/>
</indexColumnUsage>
</ind_PK_UK>
</indexes>
</Table>