<?xml version = '1.0' encoding = 'UTF-8'?>
<Table class="oracle.dbtools.crest.model.design.relational.Table" directorySegmentName="seg_0" id="07AF04C1-8950-3102-B7A3-6F1EBEAF52B2" name="Medidas">
<createdBy>xrpp</createdBy>
<createdTime>2022-11-21 20:44:42 UTC</createdTime>
<generatorID>0CB00105-9701-9EBF-C56A-71514ACC19F0</generatorID>
<ownerDesignName>YH_magement2</ownerDesignName>
<importedID>B01099E2-510E-5151-C8FA-EB3397BEE2B1</importedID>
<allowColumnReorder>false</allowColumnReorder>
<existDependencyGenerateInDDl>true</existDependencyGenerateInDDl>
<parsed>true</parsed>
<columns itemClass="oracle.dbtools.crest.model.design.relational.Column">
<Column name="ID_med" id="79023E4B-7848-2287-7F3A-8BEE19B50C2C">
<createdBy>xrpp</createdBy>
<createdTime>2022-11-21 20:44:42 UTC</createdTime>
<generatorID>598D9D87-5478-2394-DFD3-3673E15D9FA8</generatorID>
<ownerDesignName>YH_magement2</ownerDesignName>
<importedID>3DAFB926-8917-E03D-A375-B9926E7281E5</importedID>
<useDomainConstraints>false</useDomainConstraints>
<use>1</use>
<logicalDatatype>LOGDT011</logicalDatatype>
<ownDataTypeParameters>,,</ownDataTypeParameters>
<autoIncrementCycle>false</autoIncrementCycle>
</Column>
<Column name="Altura_cm" id="69B2CE48-11EF-970E-DBAE-438D71D65222">
<createdBy>xrpp</createdBy>
<createdTime>2022-11-21 20:44:42 UTC</createdTime>
<generatorID>EF1AD568-C767-129E-7685-08D85C5AF26F</generatorID>
<ownerDesignName>YH_magement2</ownerDesignName>
<importedID>A46BB8B8-DE30-C4F8-711A-0C2544F70E13</importedID>
<useDomainConstraints>false</useDomainConstraints>
<use>1</use>
<logicalDatatype>LOGDT042</logicalDatatype>
<ownDataTypeParameters>,,</ownDataTypeParameters>
<autoIncrementCycle>false</autoIncrementCycle>
</Column>
<Column name="Peso" id="5D31732F-E4B1-7A59-87DA-B63B7A217724">
<createdBy>xrpp</createdBy>
<createdTime>2022-11-21 20:44:42 UTC</createdTime>
<generatorID>56D55E21-58F4-F398-5E3A-BCB527D845D0</generatorID>
<ownerDesignName>YH_magement2</ownerDesignName>
<importedID>3B472254-2D78-18F1-18C6-E4C2C2D551F5</importedID>
<useDomainConstraints>false</useDomainConstraints>
<use>1</use>
<logicalDatatype>LOGDT042</logicalDatatype>
<ownDataTypeParameters>,,</ownDataTypeParameters>
<autoIncrementCycle>false</autoIncrementCycle>
</Column>
<Column name="Genero" id="55E6903F-4314-F299-F7C4-0F22987EA5CC">
<createdBy>xrpp</createdBy>
<createdTime>2022-11-21 20:44:42 UTC</createdTime>
<generatorID>4D47FDCA-F20B-C315-C8FB-E54F3C43A619</generatorID>
<ownerDesignName>YH_magement2</ownerDesignName>
<importedID>84C273D5-8DBF-D1C8-7089-27501230103A</importedID>
<useDomainConstraints>false</useDomainConstraints>
<use>1</use>
<logicalDatatype>LOGDT024</logicalDatatype>
<dataTypeSize>12</dataTypeSize>
<ownDataTypeParameters>12,,</ownDataTypeParameters>
<autoIncrementCycle>false</autoIncrementCycle>
</Column>
<Column name="Color_ojos" id="3488D815-65B7-C9E5-0F87-919C59AEF328">
<createdBy>xrpp</createdBy>
<createdTime>2022-11-21 20:44:42 UTC</createdTime>
<generatorID>FC9EDA50-6A5F-7EAB-0D49-2180304093C5</generatorID>
<ownerDesignName>YH_magement2</ownerDesignName>
<importedID>B3DCEC97-1D09-77D5-616D-8B568AE2AA23</importedID>
<useDomainConstraints>false</useDomainConstraints>
<use>1</use>
<logicalDatatype>LOGDT024</logicalDatatype>
<dataTypeSize>12</dataTypeSize>
<ownDataTypeParameters>12,,</ownDataTypeParameters>
<autoIncrementCycle>false</autoIncrementCycle>
</Column>
<Column name="Color_pelo" id="DDF74B38-7B02-5D8C-70CF-3A881DF9D726">
<createdBy>xrpp</createdBy>
<createdTime>2022-11-21 20:44:42 UTC</createdTime>
<generatorID>1D06CDF3-F8FB-EA51-CB61-4B508E876FDE</generatorID>
<ownerDesignName>YH_magement2</ownerDesignName>
<importedID>DED53376-64D8-F2DA-7866-9BB9C29A08E6</importedID>
<useDomainConstraints>false</useDomainConstraints>
<use>1</use>
<logicalDatatype>LOGDT024</logicalDatatype>
<dataTypeSize>15</dataTypeSize>
<ownDataTypeParameters>15,,</ownDataTypeParameters>
<autoIncrementCycle>false</autoIncrementCycle>
</Column>
<Column name="Talla_calzado" id="5A4E038E-79B7-0971-D074-FB5AAB244D4F">
<createdBy>xrpp</createdBy>
<createdTime>2022-11-21 20:44:42 UTC</createdTime>
<generatorID>4B3D5925-824C-D2DB-9867-6AD4B84D1682</generatorID>
<ownerDesignName>YH_magement2</ownerDesignName>
<importedID>C2C0A28E-B5A5-4B56-D038-7ACFC6C9B13B</importedID>
<useDomainConstraints>false</useDomainConstraints>
<use>1</use>
<logicalDatatype>LOGDT042</logicalDatatype>
<ownDataTypeParameters>,,</ownDataTypeParameters>
<autoIncrementCycle>false</autoIncrementCycle>
</Column>
<Column name="Talla_busto" id="C9BA0C35-196F-ACAB-737C-BE3472C2426B">
<createdBy>xrpp</createdBy>
<createdTime>2022-11-21 20:44:42 UTC</createdTime>
<generatorID>1D01268E-1800-C519-310A-565CACB0A5BA</generatorID>
<ownerDesignName>YH_magement2</ownerDesignName>
<importedID>96B51C07-1DE5-3249-C05F-F710D0578B8C</importedID>
<useDomainConstraints>false</useDomainConstraints>
<use>1</use>
<logicalDatatype>LOGDT042</logicalDatatype>
<ownDataTypeParameters>,,</ownDataTypeParameters>
<autoIncrementCycle>false</autoIncrementCycle>
</Column>
<Column name="Talla_cintura" id="CC82B628-6E1B-85B1-9C80-E4FFEE03A74B">
<createdBy>xrpp</createdBy>
<createdTime>2022-11-21 20:44:42 UTC</createdTime>
<generatorID>2FC959BC-F45B-1B9B-CD57-529BAB3B7B03</generatorID>
<ownerDesignName>YH_magement2</ownerDesignName>
<importedID>30E3765B-4F6E-0CEF-D30A-29CE1C9BFC3C</importedID>
<useDomainConstraints>false</useDomainConstraints>
<use>1</use>
<logicalDatatype>LOGDT042</logicalDatatype>
<ownDataTypeParameters>,,</ownDataTypeParameters>
<autoIncrementCycle>false</autoIncrementCycle>
</Column>
<Column name="Talla_caderas" id="378E4E94-CF57-15E2-73A9-5FC790D8AA93">
<createdBy>xrpp</createdBy>
<createdTime>2022-11-21 20:44:42 UTC</createdTime>
<generatorID>AD759385-0BB6-31B5-5947-2AC671AB81B4</generatorID>
<ownerDesignName>YH_magement2</ownerDesignName>
<importedID>7DB0C10C-10DC-1B05-5901-27ECE49E9DD7</importedID>
<useDomainConstraints>false</useDomainConstraints>
<use>1</use>
<logicalDatatype>LOGDT042</logicalDatatype>
<ownDataTypeParameters>,,</ownDataTypeParameters>
<autoIncrementCycle>false</autoIncrementCycle>
</Column>
<Column name="Talla_ropa" id="20D63C3A-29E7-FE46-CC22-744569E188CE">
<createdBy>xrpp</createdBy>
<createdTime>2022-11-21 20:44:42 UTC</createdTime>
<generatorID>3602F95E-B381-8ABF-3325-F9141C0A3A4A</generatorID>
<ownerDesignName>YH_magement2</ownerDesignName>
<importedID>9E3E6E62-422F-DD8F-8180-6ABA7E2BE0AA</importedID>
<useDomainConstraints>false</useDomainConstraints>
<use>1</use>
<logicalDatatype>LOGDT042</logicalDatatype>
<ownDataTypeParameters>,,</ownDataTypeParameters>
<autoIncrementCycle>false</autoIncrementCycle>
</Column>
</columns>
<indexes itemClass="oracle.dbtools.crest.model.design.relational.Index">
<ind_PK_UK id="E62F204B-6194-AD7F-C1B4-E25DA8249D08" name="Medidas_PK">
<createdBy>xrpp</createdBy>
<createdTime>2022-11-21 20:44:42 UTC</createdTime>
<generatorID>0E65B2BE-57BD-E1B9-0299-E314556A575B</generatorID>
<ownerDesignName>YH_magement2</ownerDesignName>
<importedID>635D676B-EB28-C511-19DD-1397FDC42F5E</importedID>
<pk>true</pk>
<indexState>Primary Constraint</indexState>
<isSurrogateKey>false</isSurrogateKey>
<indexColumnUsage>
<colUsage columnID="79023E4B-7848-2287-7F3A-8BEE19B50C2C"/>
</indexColumnUsage>
</ind_PK_UK>
</indexes>
</Table>