<?xml version = '1.0' encoding = 'UTF-8'?>
<Table class="oracle.dbtools.crest.model.design.relational.Table" directorySegmentName="seg_0" id="15673572-19AE-5F71-4B89-8915546D9B0E" name="Relation_12">
<createdBy>xrpp</createdBy>
<createdTime>2022-11-21 20:44:42 UTC</createdTime>
<ownerDesignName>YH_magement2</ownerDesignName>
<importedID>555E5B8B-2775-E04F-24EA-DB5C35767D96</importedID>
<allowColumnReorder>false</allowColumnReorder>
<existDependencyGenerateInDDl>true</existDependencyGenerateInDDl>
<parsed>true</parsed>
<columns itemClass="oracle.dbtools.crest.model.design.relational.Column">
<Column name="Cliente_ID_cliente" id="7576F280-9251-D049-179C-E50B33FCE440">
<createdBy>xrpp</createdBy>
<createdTime>2022-11-21 20:44:42 UTC</createdTime>
<ownerDesignName>YH_magement2</ownerDesignName>
<importedID>B13CDBA8-A21D-BBB3-3F95-4DFED9D0A26F</importedID>
<useDomainConstraints>false</useDomainConstraints>
<use>1</use>
<logicalDatatype>LOGDT011</logicalDatatype>
<ownDataTypeParameters>,,</ownDataTypeParameters>
<autoIncrementCycle>false</autoIncrementCycle>
<associations>
<colAssociation fkAssociation="8777D66D-051B-5C60-BDF7-592809A3077E" referredColumn="101C65EA-B94D-1AFD-84B3-6BC3A63E1DC3"/>
</associations>
</Column>
<Column name="Evento_ID" id="6E7472C6-347D-1FB3-6E62-24791B359DB0">
<createdBy>xrpp</createdBy>
<createdTime>2022-11-21 20:44:42 UTC</createdTime>
<ownerDesignName>YH_magement2</ownerDesignName>
<importedID>BFC27517-C71F-DDED-E334-F444A4EB22CE</importedID>
<useDomainConstraints>false</useDomainConstraints>
<use>1</use>
<logicalDatatype>LOGDT011</logicalDatatype>
<ownDataTypeParameters>,,</ownDataTypeParameters>
<autoIncrementCycle>false</autoIncrementCycle>
<associations>
<colAssociation fkAssociation="DC5857D7-595D-A363-EE17-4CA86FD0ACD6" referredColumn="F8AF5EEE-7E0B-ABB1-3F3E-49B30258BCD8"/>
</associations>
</Column>
</columns>
<indexes itemClass="oracle.dbtools.crest.model.design.relational.Index">
<ind_PK_UK id="166B3A15-A70C-7EB9-23EA-81C1B0DCD00B" name="Relation_12_PK">
<createdBy>xrpp</createdBy>
<createdTime>2022-11-21 20:44:42 UTC</createdTime>
<ownerDesignName>YH_magement2</ownerDesignName>
<importedID>16270B53-56D8-3D9E-8199-B36AB98C02E5</importedID>
<pk>true</pk>
<indexState>Primary Constraint</indexState>
<isSurrogateKey>false</isSurrogateKey>
<indexColumnUsage>
<colUsage columnID="7576F280-9251-D049-179C-E50B33FCE440"/>
<colUsage columnID="6E7472C6-347D-1FB3-6E62-24791B359DB0"/>
</indexColumnUsage>
</ind_PK_UK>
<ind_PK_UK id="2B91AF6F-1A74-6C1D-934B-7AD6503B4661" name="Relation_12_Cliente_FK">
<createdBy>xrpp</createdBy>
<createdTime>2022-11-21 20:44:42 UTC</createdTime>
<generatorID>495AB10A-254F-A7F8-664E-4A5522D4415F</generatorID>
<ownerDesignName>YH_magement2</ownerDesignName>
<indexState>Foreign Key</indexState>
<isSurrogateKey>false</isSurrogateKey>
<indexColumnUsage>
<colUsage columnID="7576F280-9251-D049-179C-E50B33FCE440"/>
</indexColumnUsage>
</ind_PK_UK>
<ind_PK_UK id="C38D7242-B96E-1A79-8814-BA9272957828" name="Relation_12_Evento_FK">
<createdBy>xrpp</createdBy>
<createdTime>2022-11-21 20:44:42 UTC</createdTime>
<generatorID>495AB10A-254F-A7F8-664E-4A5522D4415F</generatorID>
<ownerDesignName>YH_magement2</ownerDesignName>
<indexState>Foreign Key</indexState>
<isSurrogateKey>false</isSurrogateKey>
<indexColumnUsage>
<colUsage columnID="6E7472C6-347D-1FB3-6E62-24791B359DB0"/>
</indexColumnUsage>
</ind_PK_UK>
</indexes>
</Table>