<?xml version = '1.0' encoding = 'UTF-8'?>
<Table class="oracle.dbtools.crest.model.design.relational.Table" directorySegmentName="seg_0" id="1C1ED955-3AEE-2F52-B206-7B1342679898" name="Colaborador">
<createdBy>xrpp</createdBy>
<createdTime>2022-11-21 20:44:42 UTC</createdTime>
<generatorID>C46A0CE0-D529-3D12-CED1-2EBD03588063</generatorID>
<ownerDesignName>YH_magement2</ownerDesignName>
<importedID>A82A1C8B-E18F-59A5-5769-BAF30724EADC</importedID>
<allowColumnReorder>false</allowColumnReorder>
<existDependencyGenerateInDDl>true</existDependencyGenerateInDDl>
<parsed>true</parsed>
<columns itemClass="oracle.dbtools.crest.model.design.relational.Column">
<Column name="ID_colaborador" id="99DF8EA8-0546-7302-760C-B4E34B92CDE9">
<createdBy>xrpp</createdBy>
<createdTime>2022-11-21 20:44:42 UTC</createdTime>
<generatorID>F0D0E8CE-F4E4-122C-941E-F4270C8A8580</generatorID>
<ownerDesignName>YH_magement2</ownerDesignName>
<importedID>F6B0CC21-1A2B-D453-5CDA-770E75D28294</importedID>
<useDomainConstraints>false</useDomainConstraints>
<use>1</use>
<logicalDatatype>LOGDT011</logicalDatatype>
<ownDataTypeParameters>,,</ownDataTypeParameters>
<autoIncrementCycle>false</autoIncrementCycle>
</Column>
<Column name="Sector" id="168032DC-FCC5-371D-F0FA-CE35E5CC2C37">
<createdBy>xrpp</createdBy>
<createdTime>2022-11-21 20:44:42 UTC</createdTime>
<generatorID>6745BC34-338F-0A98-B0A9-270208DDA56E</generatorID>
<ownerDesignName>YH_magement2</ownerDesignName>
<importedID>5AD3E76C-F8F2-8C9F-FD1E-672227A308CE</importedID>
<useDomainConstraints>false</useDomainConstraints>
<use>1</use>
<logicalDatatype>LOGDT024</logicalDatatype>
<dataTypeSize>80</dataTypeSize>
<ownDataTypeParameters>80,,</ownDataTypeParameters>
<autoIncrementCycle>false</autoIncrementCycle>
</Column>
<Column name="Web" id="1491DE68-F7A7-2EB1-2CA5-6C152800F4AD">
<createdBy>xrpp</createdBy>
<createdTime>2022-11-21 20:44:42 UTC</createdTime>
<generatorID>0A54495E-F88F-6D93-F166-7EF7BE26F401</generatorID>
<ownerDesignName>YH_magement2</ownerDesignName>
<importedID>A88567AE-C74A-81C4-B91B-BA445DA42CC1</importedID>
<useDomainConstraints>false</useDomainConstraints>
<use>1</use>
<logicalDatatype>LOGDT024</logicalDatatype>
<dataTypeSize>150</dataTypeSize>
<ownDataTypeParameters>150,,</ownDataTypeParameters>
<autoIncrementCycle>false</autoIncrementCycle>
</Column>
<Column name="Contraseña" id="AB6536EE-F54C-879A-E714-9BA2D7F202C1">
<createdBy>xrpp</createdBy>
<createdTime>2022-11-21 20:44:42 UTC</createdTime>
<generatorID>ADCDB55F-C400-363D-39BF-8E509AFEBB24</generatorID>
<ownerDesignName>YH_magement2</ownerDesignName>
<importedID>AB239D69-20F9-2D54-A1E1-630870C268A2</importedID>
<useDomainConstraints>false</useDomainConstraints>
<use>1</use>
<logicalDatatype>LOGDT024</logicalDatatype>
<dataTypeSize>255</dataTypeSize>
<ownDataTypeParameters>255,,</ownDataTypeParameters>
<autoIncrementCycle>false</autoIncrementCycle>
</Column>
<Column name="DatosPersonales_DNI_NIE_NIF" id="8F94660E-2FAC-DAB2-53F8-3EB37A6CCAE6">
<createdBy>xrpp</createdBy>
<createdTime>2022-11-21 20:44:42 UTC</createdTime>
<generatorID>CB37F721-6577-7ED1-0D26-594159B053CE</generatorID>
<ownerDesignName>YH_magement2</ownerDesignName>
<importedID>01F0D67B-479F-C274-91D3-ABFE4644B9E3</importedID>
<useDomainConstraints>false</useDomainConstraints>
<use>1</use>
<logicalDatatype>LOGDT024</logicalDatatype>
<dataTypeSize>15</dataTypeSize>
<ownDataTypeParameters>15,,</ownDataTypeParameters>
<autoIncrementCycle>false</autoIncrementCycle>
<associations>
<colAssociation fkAssociation="5C49F3DA-F54C-1503-DF58-A220D8BE26DF" referredColumn="6CB0C9B5-2F12-2A26-73F4-8BDF7D9D8E6D"/>
</associations>
</Column>
</columns>
<indexes itemClass="oracle.dbtools.crest.model.design.relational.Index">
<ind_PK_UK id="466F4E59-A919-83B2-BA95-FE486BB2FF74" name="Colaborador_PK">
<createdBy>xrpp</createdBy>
<createdTime>2022-11-21 20:44:42 UTC</createdTime>
<generatorID>5F6F24C2-4222-FB8B-F1D9-5973448B51B0</generatorID>
<ownerDesignName>YH_magement2</ownerDesignName>
<importedID>922D650B-B888-C868-8C7C-4E23F60033DF</importedID>
<pk>true</pk>
<indexState>Primary Constraint</indexState>
<isSurrogateKey>false</isSurrogateKey>
<indexColumnUsage>
<colUsage columnID="99DF8EA8-0546-7302-760C-B4E34B92CDE9"/>
</indexColumnUsage>
</ind_PK_UK>
<ind_PK_UK id="A1F6BD27-B762-8FC2-CD8D-A1C4A43A0813" name="Colaborador_DatosPersonales_FK">
<createdBy>xrpp</createdBy>
<createdTime>2022-11-21 20:44:42 UTC</createdTime>
<generatorID>89A57309-0274-72DD-BA8C-B5764679C77E</generatorID>
<ownerDesignName>YH_magement2</ownerDesignName>
<indexState>Foreign Key</indexState>
<isSurrogateKey>false</isSurrogateKey>
<indexColumnUsage>
<colUsage columnID="8F94660E-2FAC-DAB2-53F8-3EB37A6CCAE6"/>
</indexColumnUsage>
</ind_PK_UK>
</indexes>
</Table>