<?xml version = '1.0' encoding = 'UTF-8'?>
<Table class="oracle.dbtools.crest.model.design.relational.Table" directorySegmentName="seg_0" id="2071207C-FD01-86A0-8CC5-FA38E1EFFB34" name="Relation_16">
<createdBy>xrpp</createdBy>
<createdTime>2022-11-21 20:44:42 UTC</createdTime>
<ownerDesignName>YH_magement2</ownerDesignName>
<importedID>C46EC5CE-89DD-1D12-675F-015345789804</importedID>
<allowColumnReorder>false</allowColumnReorder>
<existDependencyGenerateInDDl>true</existDependencyGenerateInDDl>
<parsed>true</parsed>
<columns itemClass="oracle.dbtools.crest.model.design.relational.Column">
<Column name="Cliente_ID_cliente" id="EFA7D9F8-D9AF-27B7-D605-FB6F33D40F05">
<createdBy>xrpp</createdBy>
<createdTime>2022-11-21 20:44:42 UTC</createdTime>
<ownerDesignName>YH_magement2</ownerDesignName>
<importedID>E6400A5D-F2AF-CD2F-7C66-32F05FB4D425</importedID>
<useDomainConstraints>false</useDomainConstraints>
<use>1</use>
<logicalDatatype>LOGDT011</logicalDatatype>
<ownDataTypeParameters>,,</ownDataTypeParameters>
<autoIncrementCycle>false</autoIncrementCycle>
<associations>
<colAssociation fkAssociation="EAFE21AF-9A8B-654F-299E-EFB9664137BF" referredColumn="101C65EA-B94D-1AFD-84B3-6BC3A63E1DC3"/>
</associations>
</Column>
<Column name="Asiento_Caja_ID" id="3AA6CB6A-9EFC-A7FE-5241-2E34775E0EB4">
<createdBy>xrpp</createdBy>
<createdTime>2022-11-21 20:44:42 UTC</createdTime>
<ownerDesignName>YH_magement2</ownerDesignName>
<importedID>F442F5C4-0296-F7FC-294A-42076DEB662B</importedID>
<useDomainConstraints>false</useDomainConstraints>
<use>1</use>
<logicalDatatype>LOGDT011</logicalDatatype>
<ownDataTypeParameters>,,</ownDataTypeParameters>
<autoIncrementCycle>false</autoIncrementCycle>
<associations>
<colAssociation fkAssociation="AC23471E-499D-ECA8-0913-2C448B71018E" referredColumn="AE8A9D24-78E4-BA34-4536-6C664B9D5B8D"/>
</associations>
</Column>
</columns>
<indexes itemClass="oracle.dbtools.crest.model.design.relational.Index">
<ind_PK_UK id="82C4BC78-7CD9-66D2-DD65-136F7C52A5E8" name="Relation_16_PK">
<createdBy>xrpp</createdBy>
<createdTime>2022-11-21 20:44:42 UTC</createdTime>
<ownerDesignName>YH_magement2</ownerDesignName>
<importedID>C822894A-AA23-6F2D-C030-771BE55BB1C9</importedID>
<pk>true</pk>
<indexState>Primary Constraint</indexState>
<isSurrogateKey>false</isSurrogateKey>
<indexColumnUsage>
<colUsage columnID="EFA7D9F8-D9AF-27B7-D605-FB6F33D40F05"/>
<colUsage columnID="3AA6CB6A-9EFC-A7FE-5241-2E34775E0EB4"/>
</indexColumnUsage>
</ind_PK_UK>
<ind_PK_UK id="DA8C6EFD-7135-8688-BF08-B1D065D67980" name="Relation_16_Asiento_Caja_FK">
<createdBy>xrpp</createdBy>
<createdTime>2022-11-21 20:44:42 UTC</createdTime>
<generatorID>E24752B3-026A-8D3C-907A-274D2F985946</generatorID>
<ownerDesignName>YH_magement2</ownerDesignName>
<indexState>Foreign Key</indexState>
<isSurrogateKey>false</isSurrogateKey>
<indexColumnUsage>
<colUsage columnID="3AA6CB6A-9EFC-A7FE-5241-2E34775E0EB4"/>
</indexColumnUsage>
</ind_PK_UK>
<ind_PK_UK id="D8D24296-09A4-8486-8255-215D667EE0A4" name="Relation_16_Cliente_FK">
<createdBy>xrpp</createdBy>
<createdTime>2022-11-21 20:44:42 UTC</createdTime>
<generatorID>E24752B3-026A-8D3C-907A-274D2F985946</generatorID>
<ownerDesignName>YH_magement2</ownerDesignName>
<indexState>Foreign Key</indexState>
<isSurrogateKey>false</isSurrogateKey>
<indexColumnUsage>
<colUsage columnID="EFA7D9F8-D9AF-27B7-D605-FB6F33D40F05"/>
</indexColumnUsage>
</ind_PK_UK>
</indexes>
</Table>