<?xml version = '1.0' encoding = 'UTF-8'?>
<Table class="oracle.dbtools.crest.model.design.relational.Table" directorySegmentName="seg_0" id="28E4D22E-B291-935E-CEF8-38AA644D4F04" name="DatosPersonales">
<createdBy>xrpp</createdBy>
<createdTime>2022-11-21 20:44:42 UTC</createdTime>
<generatorID>4501E951-4788-33C6-5606-ABD3AE697174</generatorID>
<ownerDesignName>YH_magement2</ownerDesignName>
<importedID>B11E71E8-BEA2-6A85-28F0-78899862FB02</importedID>
<allowColumnReorder>false</allowColumnReorder>
<existDependencyGenerateInDDl>true</existDependencyGenerateInDDl>
<parsed>true</parsed>
<columns itemClass="oracle.dbtools.crest.model.design.relational.Column">
<Column name="DNI_NIE_NIF" id="6CB0C9B5-2F12-2A26-73F4-8BDF7D9D8E6D">
<createdBy>xrpp</createdBy>
<createdTime>2022-11-21 20:44:42 UTC</createdTime>
<generatorID>4B147D38-7006-3F24-30C3-293790DB85A7</generatorID>
<ownerDesignName>YH_magement2</ownerDesignName>
<importedID>D0A607CB-9361-CAFC-3AFE-874D8C1520E3</importedID>
<useDomainConstraints>false</useDomainConstraints>
<use>1</use>
<logicalDatatype>LOGDT024</logicalDatatype>
<dataTypeSize>15</dataTypeSize>
<ownDataTypeParameters>15,,</ownDataTypeParameters>
<autoIncrementCycle>false</autoIncrementCycle>
</Column>
<Column name="Nombre" id="80AE8EC4-B584-6D7F-1E2A-24360A28613E">
<createdBy>xrpp</createdBy>
<createdTime>2022-11-21 20:44:42 UTC</createdTime>
<generatorID>200958A8-103E-3CFE-5B60-9AD56274EC30</generatorID>
<ownerDesignName>YH_magement2</ownerDesignName>
<importedID>2CFBDB29-C1F8-712C-D56A-C50E05BBCB87</importedID>
<useDomainConstraints>false</useDomainConstraints>
<use>1</use>
<logicalDatatype>LOGDT024</logicalDatatype>
<dataTypeSize>40</dataTypeSize>
<ownDataTypeParameters>40,,</ownDataTypeParameters>
<autoIncrementCycle>false</autoIncrementCycle>
</Column>
<Column name="Apellidos" id="50A83F78-8FCF-2AB1-908D-F8B46EACBB82">
<createdBy>xrpp</createdBy>
<createdTime>2022-11-21 20:44:42 UTC</createdTime>
<generatorID>7E68A88F-3C47-24BD-154F-7FE13644C42E</generatorID>
<ownerDesignName>YH_magement2</ownerDesignName>
<importedID>246E5858-1DC6-B1B6-40CF-FDF0A10D7D0B</importedID>
<nullsAllowed>true</nullsAllowed>
<useDomainConstraints>false</useDomainConstraints>
<use>1</use>
<logicalDatatype>LOGDT024</logicalDatatype>
<dataTypeSize>90</dataTypeSize>
<ownDataTypeParameters>90,,</ownDataTypeParameters>
<autoIncrementCycle>false</autoIncrementCycle>
</Column>
<Column name="Domicilio" id="DBDFBE1E-740F-91C9-C128-DBCE6784FC45">
<createdBy>xrpp</createdBy>
<createdTime>2022-11-21 20:44:42 UTC</createdTime>
<generatorID>7B32B1E6-4339-CDDF-65A2-CFD1C77F5F08</generatorID>
<ownerDesignName>YH_magement2</ownerDesignName>
<importedID>74A1DBD9-6572-DE48-4110-354519FDA1C7</importedID>
<useDomainConstraints>false</useDomainConstraints>
<use>1</use>
<logicalDatatype>LOGDT024</logicalDatatype>
<dataTypeSize>120</dataTypeSize>
<ownDataTypeParameters>120,,</ownDataTypeParameters>
<autoIncrementCycle>false</autoIncrementCycle>
</Column>
<Column name="Poblacion" id="231DA0DD-CB82-4418-38F5-1F95DB2D742E">
<createdBy>xrpp</createdBy>
<createdTime>2022-11-21 20:44:42 UTC</createdTime>
<generatorID>3E3BFCDB-11FF-D37B-32C1-795E8A038245</generatorID>
<ownerDesignName>YH_magement2</ownerDesignName>
<importedID>AF24CCEC-3C9A-AB08-CB27-E3079F6AED1C</importedID>
<useDomainConstraints>false</useDomainConstraints>
<use>1</use>
<logicalDatatype>LOGDT024</logicalDatatype>
<dataTypeSize>90</dataTypeSize>
<ownDataTypeParameters>90,,</ownDataTypeParameters>
<autoIncrementCycle>false</autoIncrementCycle>
</Column>
<Column name="Provincia_Estado" id="BFDC22CF-7D7A-B32A-F715-0FC09BF2E9BF">
<createdBy>xrpp</createdBy>
<createdTime>2022-11-21 20:44:42 UTC</createdTime>
<generatorID>FF4340C4-BB02-C133-2E10-98B62B19B84D</generatorID>
<ownerDesignName>YH_magement2</ownerDesignName>
<importedID>49A66494-C833-8217-26C0-6F3F231BDA32</importedID>
<useDomainConstraints>false</useDomainConstraints>
<use>1</use>
<logicalDatatype>LOGDT024</logicalDatatype>
<dataTypeSize>40</dataTypeSize>
<ownDataTypeParameters>40,,</ownDataTypeParameters>
<autoIncrementCycle>false</autoIncrementCycle>
</Column>
<Column name="Pais" id="FA281739-B309-4A3F-2301-32BAC9F7349A">
<createdBy>xrpp</createdBy>
<createdTime>2022-11-21 20:44:42 UTC</createdTime>
<generatorID>340F9616-5156-D3B1-0980-739DAC7ED020</generatorID>
<ownerDesignName>YH_magement2</ownerDesignName>
<importedID>F38DBA0A-CB0A-90C4-4FB1-F3C99DD984E3</importedID>
<useDomainConstraints>false</useDomainConstraints>
<use>1</use>
<logicalDatatype>LOGDT024</logicalDatatype>
<dataTypeSize>40</dataTypeSize>
<ownDataTypeParameters>40,,</ownDataTypeParameters>
<autoIncrementCycle>false</autoIncrementCycle>
</Column>
<Column name="Telefono" id="A45419EC-A5C3-DCE9-BD7B-7B2CC8DF1312">
<createdBy>xrpp</createdBy>
<createdTime>2022-11-21 20:44:42 UTC</createdTime>
<generatorID>05EDA578-4F15-4395-AA5B-CD7B3ECFF2CB</generatorID>
<ownerDesignName>YH_magement2</ownerDesignName>
<importedID>3947FF6B-EB92-626F-2214-1416C4FE1C74</importedID>
<useDomainConstraints>false</useDomainConstraints>
<use>1</use>
<logicalDatatype>LOGDT024</logicalDatatype>
<dataTypeSize>15</dataTypeSize>
<ownDataTypeParameters>15,,</ownDataTypeParameters>
<autoIncrementCycle>false</autoIncrementCycle>
</Column>
<Column name="email" id="E9E395B6-474E-9CB1-BEE1-E81EC84DE66F">
<createdBy>xrpp</createdBy>
<createdTime>2022-11-21 20:44:42 UTC</createdTime>
<generatorID>8059F3CE-AA82-9A35-B8C1-92692AFD928F</generatorID>
<ownerDesignName>YH_magement2</ownerDesignName>
<importedID>4A6663CC-AEBF-D371-3DF8-21D034E21EE0</importedID>
<useDomainConstraints>false</useDomainConstraints>
<use>1</use>
<logicalDatatype>LOGDT024</logicalDatatype>
<dataTypeSize>150</dataTypeSize>
<ownDataTypeParameters>150,,</ownDataTypeParameters>
<autoIncrementCycle>false</autoIncrementCycle>
</Column>
</columns>
<indexes itemClass="oracle.dbtools.crest.model.design.relational.Index">
<ind_PK_UK id="D3CA84C0-4779-CDE8-6643-B887F730358A" name="DatosPersonales_PK">
<createdBy>xrpp</createdBy>
<createdTime>2022-11-21 20:44:42 UTC</createdTime>
<generatorID>86D1D319-77E9-D23A-0525-9899559FD3CF</generatorID>
<ownerDesignName>YH_magement2</ownerDesignName>
<importedID>E78501D7-D903-3D79-41CF-9BB9A639EC23</importedID>
<pk>true</pk>
<indexState>Primary Constraint</indexState>
<isSurrogateKey>false</isSurrogateKey>
<indexColumnUsage>
<colUsage columnID="6CB0C9B5-2F12-2A26-73F4-8BDF7D9D8E6D"/>
</indexColumnUsage>
</ind_PK_UK>
</indexes>
</Table>