<?xml version = '1.0' encoding = 'UTF-8'?>
<Table class="oracle.dbtools.crest.model.design.relational.Table" directorySegmentName="seg_0" id="2E3E09DB-3EFA-D77C-82C7-64CD16D38546" name="Aptitudes">
<createdBy>xrpp</createdBy>
<createdTime>2022-11-21 20:44:42 UTC</createdTime>
<generatorID>2C9225C2-DD2B-FA54-7738-E8EBF90F4736</generatorID>
<ownerDesignName>YH_magement2</ownerDesignName>
<importedID>DF363159-4C81-5B6C-1F9D-2830F2A8473B</importedID>
<allowColumnReorder>false</allowColumnReorder>
<existDependencyGenerateInDDl>true</existDependencyGenerateInDDl>
<parsed>true</parsed>
<columns itemClass="oracle.dbtools.crest.model.design.relational.Column">
<Column name="ID_apt" id="DB736B2F-CBA7-9391-4959-5FF8A06D56AE">
<createdBy>xrpp</createdBy>
<createdTime>2022-11-21 20:44:42 UTC</createdTime>
<generatorID>F7292AC8-EBBD-0E7A-884B-0979749112AD</generatorID>
<ownerDesignName>YH_magement2</ownerDesignName>
<importedID>5E66538D-0837-4808-BA19-47204EEE15E3</importedID>
<useDomainConstraints>false</useDomainConstraints>
<use>1</use>
<logicalDatatype>LOGDT011</logicalDatatype>
<ownDataTypeParameters>,,</ownDataTypeParameters>
<autoIncrementCycle>false</autoIncrementCycle>
</Column>
<Column name="Idiomas" id="463E256E-E26A-9825-1E9C-11BD7CF785CE">
<createdBy>xrpp</createdBy>
<createdTime>2022-11-21 20:44:42 UTC</createdTime>
<generatorID>427DABC6-A92B-85AB-29D1-3DC64743166C</generatorID>
<ownerDesignName>YH_magement2</ownerDesignName>
<importedID>5F420F1C-747D-D8B5-7964-B12A029CD9A7</importedID>
<useDomainConstraints>false</useDomainConstraints>
<use>1</use>
<logicalDatatype>LOGDT024</logicalDatatype>
<dataTypeSize>255</dataTypeSize>
<ownDataTypeParameters>255,,</ownDataTypeParameters>
<autoIncrementCycle>false</autoIncrementCycle>
</Column>
<Column name="Deporte" id="AAC27AB4-BBA6-5268-6C95-2F4023A2CE1F">
<createdBy>xrpp</createdBy>
<createdTime>2022-11-21 20:44:42 UTC</createdTime>
<generatorID>0ACDEB9E-FD34-54DE-6896-D4F8E9439963</generatorID>
<ownerDesignName>YH_magement2</ownerDesignName>
<importedID>4ED7A248-2FBC-B9C3-3720-C1197AF79FFD</importedID>
<nullsAllowed>true</nullsAllowed>
<useDomainConstraints>false</useDomainConstraints>
<use>1</use>
<logicalDatatype>LOGDT024</logicalDatatype>
<dataTypeSize>255</dataTypeSize>
<ownDataTypeParameters>255,,</ownDataTypeParameters>
<autoIncrementCycle>false</autoIncrementCycle>
</Column>
<Column name="Baile" id="025E9A36-3D4B-72D7-F750-442875E8D8A6">
<createdBy>xrpp</createdBy>
<createdTime>2022-11-21 20:44:42 UTC</createdTime>
<generatorID>94DEF8CF-B3A7-BF66-898D-2AC7F87BE393</generatorID>
<ownerDesignName>YH_magement2</ownerDesignName>
<importedID>188D9C50-1812-8951-3C5C-F0CE9E41BD99</importedID>
<nullsAllowed>true</nullsAllowed>
<useDomainConstraints>false</useDomainConstraints>
<use>1</use>
<logicalDatatype>LOGDT024</logicalDatatype>
<dataTypeSize>255</dataTypeSize>
<ownDataTypeParameters>255,,</ownDataTypeParameters>
<autoIncrementCycle>false</autoIncrementCycle>
</Column>
<Column name="Actuacion" id="7284FF8B-05BD-FBAF-FF4D-6945F742F3C5">
<createdBy>xrpp</createdBy>
<createdTime>2022-11-21 20:44:42 UTC</createdTime>
<generatorID>7CEC6320-8E03-D9E7-B126-17B37358159B</generatorID>
<ownerDesignName>YH_magement2</ownerDesignName>
<importedID>5BC3FB46-EE53-F579-2F24-B732737EB210</importedID>
<nullsAllowed>true</nullsAllowed>
<useDomainConstraints>false</useDomainConstraints>
<use>1</use>
<logicalDatatype>LOGDT024</logicalDatatype>
<dataTypeSize>255</dataTypeSize>
<ownDataTypeParameters>255,,</ownDataTypeParameters>
<autoIncrementCycle>false</autoIncrementCycle>
</Column>
<Column name="Canto" id="C599A240-5E6E-6DED-40B3-477C0C3FD0D5">
<createdBy>xrpp</createdBy>
<createdTime>2022-11-21 20:44:42 UTC</createdTime>
<generatorID>1C0D034E-154A-A75F-F953-DAE1A0C76948</generatorID>
<ownerDesignName>YH_magement2</ownerDesignName>
<importedID>61CC1EE7-F130-C4BC-ACFD-0D6689B9D8FB</importedID>
<nullsAllowed>true</nullsAllowed>
<useDomainConstraints>false</useDomainConstraints>
<use>1</use>
<logicalDatatype>LOGDT024</logicalDatatype>
<dataTypeSize>255</dataTypeSize>
<ownDataTypeParameters>255,,</ownDataTypeParameters>
<autoIncrementCycle>false</autoIncrementCycle>
</Column>
<Column name="Musica" id="62FB7CF7-77FF-CC00-49D6-2053320DEC61">
<createdBy>xrpp</createdBy>
<createdTime>2022-11-21 20:44:42 UTC</createdTime>
<generatorID>5B03CBE7-467F-C769-E5DC-BDA611D8C14F</generatorID>
<ownerDesignName>YH_magement2</ownerDesignName>
<importedID>9F1EF73F-E866-7F9E-A40B-97233F3A78E9</importedID>
<nullsAllowed>true</nullsAllowed>
<useDomainConstraints>false</useDomainConstraints>
<use>1</use>
<logicalDatatype>LOGDT024</logicalDatatype>
<dataTypeSize>255</dataTypeSize>
<ownDataTypeParameters>255,,</ownDataTypeParameters>
<autoIncrementCycle>false</autoIncrementCycle>
</Column>
<Column name="Escritura" id="891582F8-D498-42D9-0AEC-4DC77C824A63">
<createdBy>xrpp</createdBy>
<createdTime>2022-11-21 20:44:42 UTC</createdTime>
<generatorID>77A358A0-0B10-9C39-915D-093920B34EFC</generatorID>
<ownerDesignName>YH_magement2</ownerDesignName>
<importedID>09868F1E-0099-243C-44EB-9C32F7D9B908</importedID>
<nullsAllowed>true</nullsAllowed>
<useDomainConstraints>false</useDomainConstraints>
<use>1</use>
<logicalDatatype>LOGDT024</logicalDatatype>
<dataTypeSize>255</dataTypeSize>
<ownDataTypeParameters>255,,</ownDataTypeParameters>
<autoIncrementCycle>false</autoIncrementCycle>
</Column>
</columns>
<indexes itemClass="oracle.dbtools.crest.model.design.relational.Index">
<ind_PK_UK id="0B6C8362-9293-5A10-60BB-3496D83FB6C0" name="Aptitudes_PK">
<createdBy>xrpp</createdBy>
<createdTime>2022-11-21 20:44:42 UTC</createdTime>
<generatorID>2182BE08-7DF7-9FEB-8F55-AB5A5F8E625F</generatorID>
<ownerDesignName>YH_magement2</ownerDesignName>
<importedID>5E98E561-438F-44D6-D16F-AB988B256C9C</importedID>
<pk>true</pk>
<indexState>Primary Constraint</indexState>
<isSurrogateKey>false</isSurrogateKey>
<indexColumnUsage>
<colUsage columnID="DB736B2F-CBA7-9391-4959-5FF8A06D56AE"/>
</indexColumnUsage>
</ind_PK_UK>
</indexes>
</Table>