<?xml version = '1.0' encoding = 'UTF-8'?>
<Table class="oracle.dbtools.crest.model.design.relational.Table" directorySegmentName="seg_0" id="41872413-1628-9970-19F7-ABF5A67840F2" name="Media">
<createdBy>xrpp</createdBy>
<createdTime>2022-11-21 20:44:42 UTC</createdTime>
<generatorID>5DABAC91-EFB3-A4E4-9D38-72BCBD0844AD</generatorID>
<ownerDesignName>YH_magement2</ownerDesignName>
<importedID>8DA25D3C-C4AD-753C-CA9B-2AD6CD21758B</importedID>
<allowColumnReorder>false</allowColumnReorder>
<existDependencyGenerateInDDl>true</existDependencyGenerateInDDl>
<parsed>true</parsed>
<columns itemClass="oracle.dbtools.crest.model.design.relational.Column">
<Column name="ID_Media" id="D0B9B54C-373B-7056-1D90-F944519D2695">
<createdBy>xrpp</createdBy>
<createdTime>2022-11-21 20:44:42 UTC</createdTime>
<generatorID>B55DA04F-7B84-E584-C0F5-9D00FBDE6DA8</generatorID>
<ownerDesignName>YH_magement2</ownerDesignName>
<importedID>38E9A71F-1258-32B9-3DAC-09B6D44CA091</importedID>
<useDomainConstraints>false</useDomainConstraints>
<use>1</use>
<logicalDatatype>LOGDT011</logicalDatatype>
<ownDataTypeParameters>,,</ownDataTypeParameters>
<autoIncrementCycle>false</autoIncrementCycle>
</Column>
<Column name="Fotos" id="D0EFAC08-29DB-00EB-EEC4-C98E711FC9F5">
<createdBy>xrpp</createdBy>
<createdTime>2022-11-21 20:44:42 UTC</createdTime>
<generatorID>AAFD3151-A565-E261-AEF8-D0F32E7AA19B</generatorID>
<ownerDesignName>YH_magement2</ownerDesignName>
<importedID>26F9883C-22B7-98B9-6715-201458591168</importedID>
<useDomainConstraints>false</useDomainConstraints>
<use>1</use>
<logicalDatatype>LOGDT024</logicalDatatype>
<dataTypeSize>200</dataTypeSize>
<ownDataTypeParameters>200,,</ownDataTypeParameters>
<autoIncrementCycle>false</autoIncrementCycle>
</Column>
<Column name="Videos" id="E8860651-2B8B-5F6F-BAC6-917C3A53A2D5">
<createdBy>xrpp</createdBy>
<createdTime>2022-11-21 20:44:42 UTC</createdTime>
<generatorID>4075C690-3570-167F-CE9B-388640D3F0EE</generatorID>
<ownerDesignName>YH_magement2</ownerDesignName>
<importedID>F0676822-28E6-E59E-4B9C-44E025014148</importedID>
<nullsAllowed>true</nullsAllowed>
<useDomainConstraints>false</useDomainConstraints>
<use>1</use>
<logicalDatatype>LOGDT024</logicalDatatype>
<dataTypeSize>200</dataTypeSize>
<ownDataTypeParameters>200,,</ownDataTypeParameters>
<autoIncrementCycle>false</autoIncrementCycle>
</Column>
<Column name="Redes_sociales" id="5DFD8D09-00BA-CD3D-0C3E-7CDDB465C3D5">
<createdBy>xrpp</createdBy>
<createdTime>2022-11-21 20:44:42 UTC</createdTime>
<generatorID>D076A99A-0526-16A7-96D9-0558265D0F4F</generatorID>
<ownerDesignName>YH_magement2</ownerDesignName>
<importedID>6CFF0138-E972-6E5C-026F-B0A364795DFE</importedID>
<useDomainConstraints>false</useDomainConstraints>
<use>1</use>
<logicalDatatype>LOGDT024</logicalDatatype>
<dataTypeSize>255</dataTypeSize>
<ownDataTypeParameters>255,,</ownDataTypeParameters>
<autoIncrementCycle>false</autoIncrementCycle>
</Column>
<Column name="Entrevista_ID_entrevista" id="DECBCA53-D13C-A24A-DCE9-4CA28527E668">
<createdBy>xrpp</createdBy>
<createdTime>2022-11-21 20:44:42 UTC</createdTime>
<generatorID>F6B7E1F7-F38F-93F0-F203-F0B457258E9F</generatorID>
<ownerDesignName>YH_magement2</ownerDesignName>
<importedID>9422AC02-7607-D3AB-B528-7C498B31979D</importedID>
<useDomainConstraints>false</useDomainConstraints>
<use>1</use>
<logicalDatatype>LOGDT011</logicalDatatype>
<ownDataTypeParameters>,,</ownDataTypeParameters>
<autoIncrementCycle>false</autoIncrementCycle>
<associations>
<colAssociation fkAssociation="AAFBAF8B-8261-4F3B-BAEC-10A392C53A8C" referredColumn="25BF9A20-2A0F-F462-A3C8-F9485747ACA4"/>
</associations>
</Column>
</columns>
<indexes itemClass="oracle.dbtools.crest.model.design.relational.Index">
<ind_PK_UK id="3EBA094F-D199-1298-4472-1EE86FF0654E" name="Media_PK">
<createdBy>xrpp</createdBy>
<createdTime>2022-11-21 20:44:42 UTC</createdTime>
<generatorID>BC484AAF-160E-C9C2-BE70-CD6A66F20F9F</generatorID>
<ownerDesignName>YH_magement2</ownerDesignName>
<importedID>8F4CBC8B-7B32-9BBA-52C2-DEC9701CA130</importedID>
<pk>true</pk>
<indexState>Primary Constraint</indexState>
<isSurrogateKey>false</isSurrogateKey>
<indexColumnUsage>
<colUsage columnID="D0B9B54C-373B-7056-1D90-F944519D2695"/>
</indexColumnUsage>
</ind_PK_UK>
<ind_PK_UK id="B884FA0A-798F-F04B-ACD8-6FA5878649EB" name="Media_Entrevista_FK">
<createdBy>xrpp</createdBy>
<createdTime>2022-11-21 20:44:42 UTC</createdTime>
<generatorID>2DA833D0-D5C1-AE18-D97C-ABA81AC45DF4</generatorID>
<ownerDesignName>YH_magement2</ownerDesignName>
<indexState>Foreign Key</indexState>
<isSurrogateKey>false</isSurrogateKey>
<indexColumnUsage>
<colUsage columnID="DECBCA53-D13C-A24A-DCE9-4CA28527E668"/>
</indexColumnUsage>
</ind_PK_UK>
</indexes>
</Table>