<?xml version = '1.0' encoding = 'UTF-8'?>
<Table class="oracle.dbtools.crest.model.design.relational.Table" directorySegmentName="seg_0" id="5125F7FD-86B4-C82C-A159-1B8ED35E0AA3" name="Cliente">
<createdBy>xrpp</createdBy>
<createdTime>2022-11-21 20:44:42 UTC</createdTime>
<generatorID>00A05F8D-FC10-75FC-4E74-B4C83D4B5551</generatorID>
<ownerDesignName>YH_magement2</ownerDesignName>
<importedID>A40018BD-A105-C91B-2887-259DC558FAD7</importedID>
<allowColumnReorder>false</allowColumnReorder>
<existDependencyGenerateInDDl>true</existDependencyGenerateInDDl>
<parsed>true</parsed>
<columns itemClass="oracle.dbtools.crest.model.design.relational.Column">
<Column name="ID_cliente" id="101C65EA-B94D-1AFD-84B3-6BC3A63E1DC3">
<createdBy>xrpp</createdBy>
<createdTime>2022-11-21 20:44:42 UTC</createdTime>
<generatorID>8BFD49D1-5D01-8393-719B-C73DFF114F85</generatorID>
<ownerDesignName>YH_magement2</ownerDesignName>
<importedID>C93DF2D1-21F4-6FDE-98C8-748BFA43E6DB</importedID>
<useDomainConstraints>false</useDomainConstraints>
<use>1</use>
<logicalDatatype>LOGDT011</logicalDatatype>
<ownDataTypeParameters>,,</ownDataTypeParameters>
<autoIncrementCycle>false</autoIncrementCycle>
</Column>
<Column name="Sector" id="C6545227-21ED-BD04-C535-8CABA4F784CC">
<createdBy>xrpp</createdBy>
<createdTime>2022-11-21 20:44:42 UTC</createdTime>
<generatorID>5B6232A1-CA88-EDAE-F7D9-F14B0BF2A603</generatorID>
<ownerDesignName>YH_magement2</ownerDesignName>
<importedID>BA5D00D3-D96D-4F1D-B8B2-E0BE3851C029</importedID>
<useDomainConstraints>false</useDomainConstraints>
<use>1</use>
<logicalDatatype>LOGDT024</logicalDatatype>
<dataTypeSize>80</dataTypeSize>
<ownDataTypeParameters>80,,</ownDataTypeParameters>
<autoIncrementCycle>false</autoIncrementCycle>
</Column>
<Column name="Web" id="22D8641A-DF21-7E3E-638E-20D0BB785960">
<createdBy>xrpp</createdBy>
<createdTime>2022-11-21 20:44:42 UTC</createdTime>
<generatorID>62C77F47-BFAC-8118-61F5-D7807623096D</generatorID>
<ownerDesignName>YH_magement2</ownerDesignName>
<importedID>387E0464-A77B-DE85-C8E8-67DDEC73681A</importedID>
<useDomainConstraints>false</useDomainConstraints>
<use>1</use>
<logicalDatatype>LOGDT024</logicalDatatype>
<dataTypeSize>150</dataTypeSize>
<ownDataTypeParameters>150,,</ownDataTypeParameters>
<autoIncrementCycle>false</autoIncrementCycle>
</Column>
<Column name="Contraseña" id="FDA1F559-D6D8-26BB-72D9-52EBC11B1FF9">
<createdBy>xrpp</createdBy>
<createdTime>2022-11-21 20:44:42 UTC</createdTime>
<generatorID>D822E5CA-D6EA-1C17-3D0B-3DDD37B7FC1C</generatorID>
<ownerDesignName>YH_magement2</ownerDesignName>
<importedID>7A700B31-1AB6-C992-B905-443CCF0873F2</importedID>
<useDomainConstraints>false</useDomainConstraints>
<use>1</use>
<logicalDatatype>LOGDT024</logicalDatatype>
<dataTypeSize>255</dataTypeSize>
<ownDataTypeParameters>255,,</ownDataTypeParameters>
<autoIncrementCycle>false</autoIncrementCycle>
</Column>
<Column name="DatosPersonales_DNI_NIE_NIF" id="6C2FB21C-B44D-461F-EB0F-F466E3F8E545">
<createdBy>xrpp</createdBy>
<createdTime>2022-11-21 20:44:42 UTC</createdTime>
<generatorID>5C7DE957-4F3C-BDF7-EA49-CEB1B3BBA3D0</generatorID>
<ownerDesignName>YH_magement2</ownerDesignName>
<importedID>DED8DB9B-80F0-660F-0910-5203F157D3DE</importedID>
<nullsAllowed>true</nullsAllowed>
<useDomainConstraints>false</useDomainConstraints>
<use>1</use>
<logicalDatatype>LOGDT024</logicalDatatype>
<dataTypeSize>15</dataTypeSize>
<ownDataTypeParameters>15,,</ownDataTypeParameters>
<autoIncrementCycle>false</autoIncrementCycle>
<associations>
<colAssociation fkAssociation="F92AB8E7-DB49-0644-4735-D381AC61D192" referredColumn="6CB0C9B5-2F12-2A26-73F4-8BDF7D9D8E6D"/>
</associations>
</Column>
</columns>
<indexes itemClass="oracle.dbtools.crest.model.design.relational.Index">
<ind_PK_UK id="A8812BF3-7C26-609A-F2E1-B83F7B1E301F" name="Cliente_PK">
<createdBy>xrpp</createdBy>
<createdTime>2022-11-21 20:44:42 UTC</createdTime>
<generatorID>7D88CFF6-4CB7-6CD8-D9B6-E935E0DD62E0</generatorID>
<ownerDesignName>YH_magement2</ownerDesignName>
<importedID>CFE3E269-5890-2F5D-3B0E-87EB1600E481</importedID>
<pk>true</pk>
<indexState>Primary Constraint</indexState>
<isSurrogateKey>false</isSurrogateKey>
<indexColumnUsage>
<colUsage columnID="101C65EA-B94D-1AFD-84B3-6BC3A63E1DC3"/>
</indexColumnUsage>
</ind_PK_UK>
<ind_PK_UK id="62BFCED6-FC16-8227-E7AB-BB45909019EA" name="Cliente_DatosPersonales_FK">
<createdBy>xrpp</createdBy>
<createdTime>2022-11-21 20:44:42 UTC</createdTime>
<generatorID>D6207D07-D939-99B5-ECFB-985C85EA4348</generatorID>
<ownerDesignName>YH_magement2</ownerDesignName>
<indexState>Foreign Key</indexState>
<isSurrogateKey>false</isSurrogateKey>
<indexColumnUsage>
<colUsage columnID="6C2FB21C-B44D-461F-EB0F-F466E3F8E545"/>
</indexColumnUsage>
</ind_PK_UK>
</indexes>
</Table>