<?xml version = '1.0' encoding = 'UTF-8'?>
<Table class="oracle.dbtools.crest.model.design.relational.Table" directorySegmentName="seg_0" id="7C629CBF-8FDF-B315-0E8A-ECF8519B04AE" name="Entrevista">
<createdBy>xrpp</createdBy>
<createdTime>2022-11-21 20:44:42 UTC</createdTime>
<generatorID>56F1A3B9-DA55-BAAF-E968-41050B6A0E78</generatorID>
<ownerDesignName>YH_magement2</ownerDesignName>
<importedID>8FD1B75F-1417-3B83-245C-CDB1DE5C4EF0</importedID>
<allowColumnReorder>false</allowColumnReorder>
<existDependencyGenerateInDDl>true</existDependencyGenerateInDDl>
<parsed>true</parsed>
<columns itemClass="oracle.dbtools.crest.model.design.relational.Column">
<Column name="ID_entrevista" id="25BF9A20-2A0F-F462-A3C8-F9485747ACA4">
<createdBy>xrpp</createdBy>
<createdTime>2022-11-21 20:44:42 UTC</createdTime>
<generatorID>A2F81F5D-8684-2503-6FEA-02BFDC7B5CF3</generatorID>
<ownerDesignName>YH_magement2</ownerDesignName>
<importedID>FFBED6A2-DC6A-8681-178F-F1E6CE5520A0</importedID>
<useDomainConstraints>false</useDomainConstraints>
<use>1</use>
<logicalDatatype>LOGDT011</logicalDatatype>
<ownDataTypeParameters>,,</ownDataTypeParameters>
<autoIncrementCycle>false</autoIncrementCycle>
</Column>
<Column name="Formato" id="475C5F26-08C3-3478-E1D4-C61F45532CAE">
<createdBy>xrpp</createdBy>
<createdTime>2022-11-21 20:44:42 UTC</createdTime>
<generatorID>4E824BD0-EB40-1830-EF1F-D1A9BBC15ACF</generatorID>
<ownerDesignName>YH_magement2</ownerDesignName>
<importedID>D7A0E40D-5991-AF05-5D43-F7C56937F96C</importedID>
<useDomainConstraints>false</useDomainConstraints>
<use>1</use>
<logicalDatatype>LOGDT024</logicalDatatype>
<dataTypeSize>40</dataTypeSize>
<ownDataTypeParameters>40,,</ownDataTypeParameters>
<autoIncrementCycle>false</autoIncrementCycle>
</Column>
<Column name="Medio" id="D4670A18-6DAE-D2BB-AE38-DE487ABEB5DE">
<createdBy>xrpp</createdBy>
<createdTime>2022-11-21 20:44:42 UTC</createdTime>
<generatorID>FF7EFEC8-00AA-53FE-4398-E2B2A1D3073D</generatorID>
<ownerDesignName>YH_magement2</ownerDesignName>
<importedID>290FDCB4-215C-B395-47F1-9CBB6A1E8C92</importedID>
<useDomainConstraints>false</useDomainConstraints>
<use>1</use>
<logicalDatatype>LOGDT024</logicalDatatype>
<dataTypeSize>60</dataTypeSize>
<ownDataTypeParameters>60,,</ownDataTypeParameters>
<autoIncrementCycle>false</autoIncrementCycle>
</Column>
</columns>
<indexes itemClass="oracle.dbtools.crest.model.design.relational.Index">
<ind_PK_UK id="45502C0F-7A31-67FD-DD4B-0C158A448E36" name="Entrevista_PK">
<createdBy>xrpp</createdBy>
<createdTime>2022-11-21 20:44:42 UTC</createdTime>
<generatorID>399BAF3F-4880-498D-3211-4B66C56628EF</generatorID>
<ownerDesignName>YH_magement2</ownerDesignName>
<importedID>EF36A566-6E71-1437-D151-79851884850A</importedID>
<pk>true</pk>
<indexState>Primary Constraint</indexState>
<isSurrogateKey>false</isSurrogateKey>
<indexColumnUsage>
<colUsage columnID="25BF9A20-2A0F-F462-A3C8-F9485747ACA4"/>
</indexColumnUsage>
</ind_PK_UK>
</indexes>
</Table>