<?xml version = '1.0' encoding = 'UTF-8'?>
<Table class="oracle.dbtools.crest.model.design.relational.Table" directorySegmentName="seg_0" id="7E574610-0590-1C22-016F-72A85CC14B89" name="Relation_15">
<createdBy>xrpp</createdBy>
<createdTime>2022-11-21 20:44:42 UTC</createdTime>
<ownerDesignName>YH_magement2</ownerDesignName>
<importedID>DA8D6F9E-8BE0-14D4-71ED-78864D2F4EBC</importedID>
<allowColumnReorder>false</allowColumnReorder>
<existDependencyGenerateInDDl>true</existDependencyGenerateInDDl>
<parsed>true</parsed>
<columns itemClass="oracle.dbtools.crest.model.design.relational.Column">
<Column name="Empleado_ID_empleado" id="D82F3405-2CBB-9AA4-6B41-D090E5DA9AB0">
<createdBy>xrpp</createdBy>
<createdTime>2022-11-21 20:44:42 UTC</createdTime>
<ownerDesignName>YH_magement2</ownerDesignName>
<importedID>5A058CF9-B7EF-0D33-F77D-818C32985F2B</importedID>
<useDomainConstraints>false</useDomainConstraints>
<use>1</use>
<logicalDatatype>LOGDT011</logicalDatatype>
<ownDataTypeParameters>,,</ownDataTypeParameters>
<autoIncrementCycle>false</autoIncrementCycle>
<associations>
<colAssociation fkAssociation="F18A949B-4267-0BBC-8A59-D00FB533FE56" referredColumn="AC452C45-1AFE-E905-B33C-FEE49B0134A7"/>
</associations>
</Column>
<Column name="Asiento_Caja_ID" id="3E2D2787-36EB-7F6C-3468-0E57DFB7C2B7">
<createdBy>xrpp</createdBy>
<createdTime>2022-11-21 20:44:42 UTC</createdTime>
<ownerDesignName>YH_magement2</ownerDesignName>
<importedID>F5F9B766-3884-098F-6059-C54D69C50657</importedID>
<useDomainConstraints>false</useDomainConstraints>
<use>1</use>
<logicalDatatype>LOGDT011</logicalDatatype>
<ownDataTypeParameters>,,</ownDataTypeParameters>
<autoIncrementCycle>false</autoIncrementCycle>
<associations>
<colAssociation fkAssociation="7DAF18FE-210B-0B01-6E47-5157116C889D" referredColumn="AE8A9D24-78E4-BA34-4536-6C664B9D5B8D"/>
</associations>
</Column>
</columns>
<indexes itemClass="oracle.dbtools.crest.model.design.relational.Index">
<ind_PK_UK id="FF78C18F-0EF7-C9D5-4248-A0EF52EA4976" name="Relation_15_PK">
<createdBy>xrpp</createdBy>
<createdTime>2022-11-21 20:44:42 UTC</createdTime>
<ownerDesignName>YH_magement2</ownerDesignName>
<importedID>10344DC9-37C4-E1C6-217C-65DBC4A99CD2</importedID>
<pk>true</pk>
<indexState>Primary Constraint</indexState>
<isSurrogateKey>false</isSurrogateKey>
<indexColumnUsage>
<colUsage columnID="D82F3405-2CBB-9AA4-6B41-D090E5DA9AB0"/>
<colUsage columnID="3E2D2787-36EB-7F6C-3468-0E57DFB7C2B7"/>
</indexColumnUsage>
</ind_PK_UK>
<ind_PK_UK id="263F2E1B-4A28-CAC1-0E20-1477920A8529" name="Relation_15_Asiento_Caja_FK">
<createdBy>xrpp</createdBy>
<createdTime>2022-11-21 20:44:42 UTC</createdTime>
<generatorID>5C1E511F-36DC-6A69-7C1B-57D8011C5179</generatorID>
<ownerDesignName>YH_magement2</ownerDesignName>
<indexState>Foreign Key</indexState>
<isSurrogateKey>false</isSurrogateKey>
<indexColumnUsage>
<colUsage columnID="3E2D2787-36EB-7F6C-3468-0E57DFB7C2B7"/>
</indexColumnUsage>
</ind_PK_UK>
<ind_PK_UK id="9FE12E98-DD25-D3F5-5453-A83F8B481C33" name="Relation_15_Empleado_FK">
<createdBy>xrpp</createdBy>
<createdTime>2022-11-21 20:44:42 UTC</createdTime>
<generatorID>5C1E511F-36DC-6A69-7C1B-57D8011C5179</generatorID>
<ownerDesignName>YH_magement2</ownerDesignName>
<indexState>Foreign Key</indexState>
<isSurrogateKey>false</isSurrogateKey>
<indexColumnUsage>
<colUsage columnID="D82F3405-2CBB-9AA4-6B41-D090E5DA9AB0"/>
</indexColumnUsage>
</ind_PK_UK>
</indexes>
</Table>