<?xml version = '1.0' encoding = 'UTF-8'?>
<Table class="oracle.dbtools.crest.model.design.relational.Table" directorySegmentName="seg_0" id="85A72F6C-565E-02B0-32D8-8097A27DBE3E" name="Relation_13">
<createdBy>xrpp</createdBy>
<createdTime>2022-11-21 20:44:42 UTC</createdTime>
<ownerDesignName>YH_magement2</ownerDesignName>
<importedID>0DE81B72-F0C4-221C-FF81-4E706958B9AD</importedID>
<allowColumnReorder>false</allowColumnReorder>
<existDependencyGenerateInDDl>true</existDependencyGenerateInDDl>
<parsed>true</parsed>
<columns itemClass="oracle.dbtools.crest.model.design.relational.Column">
<Column name="Representado_ID" id="12E1A906-93A4-B5AC-296F-6456771784A5">
<createdBy>xrpp</createdBy>
<createdTime>2022-11-21 20:44:42 UTC</createdTime>
<ownerDesignName>YH_magement2</ownerDesignName>
<importedID>F9E6F09E-FFAF-F719-3380-87C224575677</importedID>
<useDomainConstraints>false</useDomainConstraints>
<use>1</use>
<logicalDatatype>LOGDT011</logicalDatatype>
<ownDataTypeParameters>,,</ownDataTypeParameters>
<autoIncrementCycle>false</autoIncrementCycle>
<associations>
<colAssociation fkAssociation="06C374DB-153B-D936-5A9A-E24FF2EB5CC5" referredColumn="666401DF-4DFA-7C1A-8F00-6A6F2E147460"/>
</associations>
</Column>
<Column name="Asiento_Caja_ID" id="5188101B-0D09-C97A-12ED-ED9DB261DF55">
<createdBy>xrpp</createdBy>
<createdTime>2022-11-21 20:44:42 UTC</createdTime>
<ownerDesignName>YH_magement2</ownerDesignName>
<importedID>6E776BD2-4754-8E2F-2EEE-A49ED9BF825C</importedID>
<useDomainConstraints>false</useDomainConstraints>
<use>1</use>
<logicalDatatype>LOGDT011</logicalDatatype>
<ownDataTypeParameters>,,</ownDataTypeParameters>
<autoIncrementCycle>false</autoIncrementCycle>
<associations>
<colAssociation fkAssociation="0AFE6012-A873-2305-0DC6-DACD53258CC0" referredColumn="AE8A9D24-78E4-BA34-4536-6C664B9D5B8D"/>
</associations>
</Column>
</columns>
<indexes itemClass="oracle.dbtools.crest.model.design.relational.Index">
<ind_PK_UK id="68CABA28-D445-946C-2BF3-C4EDD024F8D4" name="Relation_13_PK">
<createdBy>xrpp</createdBy>
<createdTime>2022-11-21 20:44:42 UTC</createdTime>
<ownerDesignName>YH_magement2</ownerDesignName>
<importedID>4E0BB1A3-1619-454B-42EC-FEBBE4662F11</importedID>
<pk>true</pk>
<indexState>Primary Constraint</indexState>
<isSurrogateKey>false</isSurrogateKey>
<indexColumnUsage>
<colUsage columnID="12E1A906-93A4-B5AC-296F-6456771784A5"/>
<colUsage columnID="5188101B-0D09-C97A-12ED-ED9DB261DF55"/>
</indexColumnUsage>
</ind_PK_UK>
<ind_PK_UK id="E3B94EBD-6E1D-A741-9975-592C1B926D30" name="Relation_13_Asiento_Caja_FK">
<createdBy>xrpp</createdBy>
<createdTime>2022-11-21 20:44:42 UTC</createdTime>
<generatorID>BBC1A3A4-7322-6325-AB2C-8DB7E0EFCB60</generatorID>
<ownerDesignName>YH_magement2</ownerDesignName>
<indexState>Foreign Key</indexState>
<isSurrogateKey>false</isSurrogateKey>
<indexColumnUsage>
<colUsage columnID="5188101B-0D09-C97A-12ED-ED9DB261DF55"/>
</indexColumnUsage>
</ind_PK_UK>
<ind_PK_UK id="F14859D6-2A7B-1058-0739-81E85186F6E2" name="Relation_13_Representado_FK">
<createdBy>xrpp</createdBy>
<createdTime>2022-11-21 20:44:42 UTC</createdTime>
<generatorID>BBC1A3A4-7322-6325-AB2C-8DB7E0EFCB60</generatorID>
<ownerDesignName>YH_magement2</ownerDesignName>
<indexState>Foreign Key</indexState>
<isSurrogateKey>false</isSurrogateKey>
<indexColumnUsage>
<colUsage columnID="12E1A906-93A4-B5AC-296F-6456771784A5"/>
</indexColumnUsage>
</ind_PK_UK>
</indexes>
</Table>