<?xml version = '1.0' encoding = 'UTF-8'?>
<Table class="oracle.dbtools.crest.model.design.relational.Table" directorySegmentName="seg_0" id="891BCD93-10F4-0632-CBFE-A59643E973EA" name="Relation_10">
<createdBy>xrpp</createdBy>
<createdTime>2022-11-21 20:44:42 UTC</createdTime>
<ownerDesignName>YH_magement2</ownerDesignName>
<importedID>9D27A39D-3AFB-F4C3-0980-03884180609C</importedID>
<allowColumnReorder>false</allowColumnReorder>
<existDependencyGenerateInDDl>true</existDependencyGenerateInDDl>
<parsed>true</parsed>
<columns itemClass="oracle.dbtools.crest.model.design.relational.Column">
<Column name="Colaborador_ID_colaborador" id="7849C9DC-F7E2-7E20-D805-0EC1FD1CE272">
<createdBy>xrpp</createdBy>
<createdTime>2022-11-21 20:44:42 UTC</createdTime>
<ownerDesignName>YH_magement2</ownerDesignName>
<importedID>D2EC2D80-23A9-4FF0-2CDD-3520A3D90FE0</importedID>
<useDomainConstraints>false</useDomainConstraints>
<use>1</use>
<logicalDatatype>LOGDT011</logicalDatatype>
<ownDataTypeParameters>,,</ownDataTypeParameters>
<autoIncrementCycle>false</autoIncrementCycle>
<associations>
<colAssociation fkAssociation="F29DED6D-592D-201D-0DA4-8D9105615778" referredColumn="99DF8EA8-0546-7302-760C-B4E34B92CDE9"/>
</associations>
</Column>
<Column name="Evento_ID" id="CA07A899-B93F-1EB8-2117-23534163D6C7">
<createdBy>xrpp</createdBy>
<createdTime>2022-11-21 20:44:42 UTC</createdTime>
<ownerDesignName>YH_magement2</ownerDesignName>
<importedID>7D5AFD8C-5903-ADF9-9B42-64C6404B8E20</importedID>
<useDomainConstraints>false</useDomainConstraints>
<use>1</use>
<logicalDatatype>LOGDT011</logicalDatatype>
<ownDataTypeParameters>,,</ownDataTypeParameters>
<autoIncrementCycle>false</autoIncrementCycle>
<associations>
<colAssociation fkAssociation="86310993-5332-BE72-506A-E48DD49B78E7" referredColumn="F8AF5EEE-7E0B-ABB1-3F3E-49B30258BCD8"/>
</associations>
</Column>
</columns>
<indexes itemClass="oracle.dbtools.crest.model.design.relational.Index">
<ind_PK_UK id="D5C72404-4E57-5E64-E42B-72A23850D69D" name="Relation_10_PK">
<createdBy>xrpp</createdBy>
<createdTime>2022-11-21 20:44:42 UTC</createdTime>
<ownerDesignName>YH_magement2</ownerDesignName>
<importedID>916AE2E0-A647-9728-E7E1-8D2CA5BA499F</importedID>
<pk>true</pk>
<indexState>Primary Constraint</indexState>
<isSurrogateKey>false</isSurrogateKey>
<indexColumnUsage>
<colUsage columnID="7849C9DC-F7E2-7E20-D805-0EC1FD1CE272"/>
<colUsage columnID="CA07A899-B93F-1EB8-2117-23534163D6C7"/>
</indexColumnUsage>
</ind_PK_UK>
<ind_PK_UK id="901AC1B4-60F0-F151-7F17-6DD7A8C28D08" name="Relation_10_Colaborador_FK">
<createdBy>xrpp</createdBy>
<createdTime>2022-11-21 20:44:42 UTC</createdTime>
<generatorID>5A028D37-D94B-E39E-6DE6-379BE2CE2F42</generatorID>
<ownerDesignName>YH_magement2</ownerDesignName>
<indexState>Foreign Key</indexState>
<isSurrogateKey>false</isSurrogateKey>
<indexColumnUsage>
<colUsage columnID="7849C9DC-F7E2-7E20-D805-0EC1FD1CE272"/>
</indexColumnUsage>
</ind_PK_UK>
<ind_PK_UK id="3B238D29-B465-DAF7-950E-6A984BB65C72" name="Relation_10_Evento_FK">
<createdBy>xrpp</createdBy>
<createdTime>2022-11-21 20:44:42 UTC</createdTime>
<generatorID>5A028D37-D94B-E39E-6DE6-379BE2CE2F42</generatorID>
<ownerDesignName>YH_magement2</ownerDesignName>
<indexState>Foreign Key</indexState>
<isSurrogateKey>false</isSurrogateKey>
<indexColumnUsage>
<colUsage columnID="CA07A899-B93F-1EB8-2117-23534163D6C7"/>
</indexColumnUsage>
</ind_PK_UK>
</indexes>
</Table>