<?xml version = '1.0' encoding = 'UTF-8'?>
<Table class="oracle.dbtools.crest.model.design.relational.Table" directorySegmentName="seg_0" id="C20E6F62-8919-6346-0A4A-F45B93398329" name="Relation_11">
<createdBy>xrpp</createdBy>
<createdTime>2022-11-21 20:44:42 UTC</createdTime>
<ownerDesignName>YH_magement2</ownerDesignName>
<importedID>2F2B2C0C-E74D-1845-1D18-B3AD15E16FBA</importedID>
<allowColumnReorder>false</allowColumnReorder>
<existDependencyGenerateInDDl>true</existDependencyGenerateInDDl>
<parsed>true</parsed>
<columns itemClass="oracle.dbtools.crest.model.design.relational.Column">
<Column name="Empleado_ID_empleado" id="745A6BBB-61A2-EE55-AA12-29722441E39C">
<createdBy>xrpp</createdBy>
<createdTime>2022-11-21 20:44:42 UTC</createdTime>
<ownerDesignName>YH_magement2</ownerDesignName>
<importedID>6544CF23-AB7A-AEF7-1DAE-CD7D625A4264</importedID>
<useDomainConstraints>false</useDomainConstraints>
<use>1</use>
<logicalDatatype>LOGDT011</logicalDatatype>
<ownDataTypeParameters>,,</ownDataTypeParameters>
<autoIncrementCycle>false</autoIncrementCycle>
<associations>
<colAssociation fkAssociation="D4C68431-65A1-DC2B-5935-3B33F946B8E9" referredColumn="AC452C45-1AFE-E905-B33C-FEE49B0134A7"/>
</associations>
</Column>
<Column name="Evento_ID" id="E460515E-56C8-8227-C7D5-6FC63DB93B1D">
<createdBy>xrpp</createdBy>
<createdTime>2022-11-21 20:44:42 UTC</createdTime>
<ownerDesignName>YH_magement2</ownerDesignName>
<importedID>3D398E94-D2CC-EBC3-C42D-215DCE1C5ADB</importedID>
<useDomainConstraints>false</useDomainConstraints>
<use>1</use>
<logicalDatatype>LOGDT011</logicalDatatype>
<ownDataTypeParameters>,,</ownDataTypeParameters>
<autoIncrementCycle>false</autoIncrementCycle>
<associations>
<colAssociation fkAssociation="83E9F391-9CE7-246B-DC92-D01EA2663563" referredColumn="F8AF5EEE-7E0B-ABB1-3F3E-49B30258BCD8"/>
</associations>
</Column>
</columns>
<indexes itemClass="oracle.dbtools.crest.model.design.relational.Index">
<ind_PK_UK id="2ED824CC-523F-9339-A7B5-F80D16DF1546" name="Relation_11_PK">
<createdBy>xrpp</createdBy>
<createdTime>2022-11-21 20:44:42 UTC</createdTime>
<ownerDesignName>YH_magement2</ownerDesignName>
<importedID>8F61E4E8-0DCC-FC52-FBC0-FE961415FD43</importedID>
<pk>true</pk>
<indexState>Primary Constraint</indexState>
<isSurrogateKey>false</isSurrogateKey>
<indexColumnUsage>
<colUsage columnID="745A6BBB-61A2-EE55-AA12-29722441E39C"/>
<colUsage columnID="E460515E-56C8-8227-C7D5-6FC63DB93B1D"/>
</indexColumnUsage>
</ind_PK_UK>
<ind_PK_UK id="BA948283-1508-5F3A-C20D-7A83703CE9E1" name="Relation_11_Evento_FK">
<createdBy>xrpp</createdBy>
<createdTime>2022-11-21 20:44:42 UTC</createdTime>
<generatorID>2BB46ADD-A16A-2292-96B7-4F9C60A95DDC</generatorID>
<ownerDesignName>YH_magement2</ownerDesignName>
<indexState>Foreign Key</indexState>
<isSurrogateKey>false</isSurrogateKey>
<indexColumnUsage>
<colUsage columnID="E460515E-56C8-8227-C7D5-6FC63DB93B1D"/>
</indexColumnUsage>
</ind_PK_UK>
<ind_PK_UK id="B416981C-DCF1-B251-93F0-86173B0BB7B6" name="Relation_11_Empleado_FK">
<createdBy>xrpp</createdBy>
<createdTime>2022-11-21 20:44:42 UTC</createdTime>
<generatorID>2BB46ADD-A16A-2292-96B7-4F9C60A95DDC</generatorID>
<ownerDesignName>YH_magement2</ownerDesignName>
<indexState>Foreign Key</indexState>
<isSurrogateKey>false</isSurrogateKey>
<indexColumnUsage>
<colUsage columnID="745A6BBB-61A2-EE55-AA12-29722441E39C"/>
</indexColumnUsage>
</ind_PK_UK>
</indexes>
</Table>