<?xml version = '1.0' encoding = 'UTF-8'?>
<Table class="oracle.dbtools.crest.model.design.relational.Table" directorySegmentName="seg_0" id="C97B8862-6C3A-0D68-860F-FDE85E6373D6" name="Representado">
<createdBy>xrpp</createdBy>
<createdTime>2022-11-21 20:44:42 UTC</createdTime>
<generatorID>0FD719CC-60A7-A169-E8DB-3C138A21CDD0</generatorID>
<ownerDesignName>YH_magement2</ownerDesignName>
<importedID>28052CB9-43B4-4F21-DAB5-AE0AD0C16551</importedID>
<allowColumnReorder>false</allowColumnReorder>
<existDependencyGenerateInDDl>true</existDependencyGenerateInDDl>
<parsed>true</parsed>
<columns itemClass="oracle.dbtools.crest.model.design.relational.Column">
<Column name="ID" id="666401DF-4DFA-7C1A-8F00-6A6F2E147460">
<createdBy>xrpp</createdBy>
<createdTime>2022-11-21 20:44:42 UTC</createdTime>
<generatorID>FC0484E8-814F-64FE-3DB7-98087F1CA174</generatorID>
<ownerDesignName>YH_magement2</ownerDesignName>
<importedID>2B35F4E6-F863-DA41-7860-79004ED76551</importedID>
<useDomainConstraints>false</useDomainConstraints>
<use>1</use>
<logicalDatatype>LOGDT011</logicalDatatype>
<ownDataTypeParameters>,,</ownDataTypeParameters>
<autoIncrementCycle>false</autoIncrementCycle>
</Column>
<Column name="DatosPersonales_DNI_NIE_NIF" id="8CD1E36B-2988-87E9-75C6-1FEBEAA9AC83">
<createdBy>xrpp</createdBy>
<createdTime>2022-11-21 20:44:42 UTC</createdTime>
<generatorID>67712A2F-7EE7-8DA5-7E21-B64A24467EC2</generatorID>
<ownerDesignName>YH_magement2</ownerDesignName>
<importedID>718C61D3-3FA4-9BD9-AA82-99839FBD777F</importedID>
<useDomainConstraints>false</useDomainConstraints>
<use>1</use>
<logicalDatatype>LOGDT024</logicalDatatype>
<dataTypeSize>15</dataTypeSize>
<ownDataTypeParameters>15,,</ownDataTypeParameters>
<autoIncrementCycle>false</autoIncrementCycle>
<associations>
<colAssociation fkAssociation="BC02E59A-236A-411A-F63C-6820A4043EF2" referredColumn="6CB0C9B5-2F12-2A26-73F4-8BDF7D9D8E6D"/>
</associations>
</Column>
<Column name="Medidas_ID_med" id="9CF95C48-59D7-556C-22B5-5B4D1FEFC895">
<createdBy>xrpp</createdBy>
<createdTime>2022-11-21 20:44:42 UTC</createdTime>
<generatorID>79DE72C9-AC97-8179-9B6C-D9735E2245F9</generatorID>
<ownerDesignName>YH_magement2</ownerDesignName>
<importedID>1D724E62-C90A-EEF2-F3CB-3929DA5EB737</importedID>
<useDomainConstraints>false</useDomainConstraints>
<use>1</use>
<logicalDatatype>LOGDT011</logicalDatatype>
<ownDataTypeParameters>,,</ownDataTypeParameters>
<autoIncrementCycle>false</autoIncrementCycle>
<associations>
<colAssociation fkAssociation="BBDF92F9-43C9-8EBB-7EE6-70A96B0BD53F" referredColumn="79023E4B-7848-2287-7F3A-8BEE19B50C2C"/>
</associations>
</Column>
<Column name="Aptitudes_ID_apt" id="94B6C1C2-8517-6511-7552-A35C1464AB4B">
<createdBy>xrpp</createdBy>
<createdTime>2022-11-21 20:44:42 UTC</createdTime>
<generatorID>771C1149-30FD-B596-3BED-C7764987D1BF</generatorID>
<ownerDesignName>YH_magement2</ownerDesignName>
<importedID>A6DC91B7-CD51-D63A-7A39-D7E5312D8EF1</importedID>
<useDomainConstraints>false</useDomainConstraints>
<use>1</use>
<logicalDatatype>LOGDT011</logicalDatatype>
<ownDataTypeParameters>,,</ownDataTypeParameters>
<autoIncrementCycle>false</autoIncrementCycle>
<associations>
<colAssociation fkAssociation="5A20D809-ADF0-C11E-C571-03EB7D957354" referredColumn="DB736B2F-CBA7-9391-4959-5FF8A06D56AE"/>
</associations>
</Column>
<Column name="Media_ID_Media" id="F69A810C-A10A-3616-310B-B2FCD6D2C3BD">
<createdBy>xrpp</createdBy>
<createdTime>2022-11-21 20:44:42 UTC</createdTime>
<generatorID>0DB76A72-11E9-234F-A318-3B47D666F45C</generatorID>
<ownerDesignName>YH_magement2</ownerDesignName>
<importedID>8FCAB35F-E0AE-831C-2DFE-F24F5A5A2B14</importedID>
<useDomainConstraints>false</useDomainConstraints>
<use>1</use>
<logicalDatatype>LOGDT011</logicalDatatype>
<ownDataTypeParameters>,,</ownDataTypeParameters>
<autoIncrementCycle>false</autoIncrementCycle>
<associations>
<colAssociation fkAssociation="1EAA79C6-3C3E-B3FE-5147-FF48B2B7B060" referredColumn="D0B9B54C-373B-7056-1D90-F944519D2695"/>
</associations>
</Column>
<Column name="Fecha_alta" id="097E17E7-6C9F-FCDD-C8EC-BA6884E40C3F">
<createdBy>xrpp</createdBy>
<createdTime>2022-11-21 20:44:42 UTC</createdTime>
<generatorID>08819C53-98B8-11F8-7B69-89807EBB59CD</generatorID>
<ownerDesignName>YH_magement2</ownerDesignName>
<importedID>8C417C3B-F4AC-98BB-E2CD-531CEEC5A6A9</importedID>
<useDomainConstraints>false</useDomainConstraints>
<use>1</use>
<logicalDatatype>LOGDT007</logicalDatatype>
<ownDataTypeParameters>,,</ownDataTypeParameters>
<autoIncrementCycle>false</autoIncrementCycle>
</Column>
</columns>
<indexes itemClass="oracle.dbtools.crest.model.design.relational.Index">
<ind_PK_UK id="A0461052-A4D5-6B6A-5121-B18B003057AD" name="Representado_PK">
<createdBy>xrpp</createdBy>
<createdTime>2022-11-21 20:44:42 UTC</createdTime>
<generatorID>7CC03DD0-7F48-A4D4-6FC9-30EE3B83B246</generatorID>
<ownerDesignName>YH_magement2</ownerDesignName>
<importedID>86CD008C-CEF0-CE18-DF22-DDF7C9D75054</importedID>
<pk>true</pk>
<indexState>Primary Constraint</indexState>
<isSurrogateKey>false</isSurrogateKey>
<indexColumnUsage>
<colUsage columnID="666401DF-4DFA-7C1A-8F00-6A6F2E147460"/>
</indexColumnUsage>
</ind_PK_UK>
<ind_PK_UK id="C50EBFEA-AC80-C2FE-7BB8-FF2D784C7316" name="Representado_Aptitudes_FK">
<createdBy>xrpp</createdBy>
<createdTime>2022-11-21 20:44:42 UTC</createdTime>
<generatorID>20A02AF6-4053-FB6C-4269-21212DB94AF5</generatorID>
<ownerDesignName>YH_magement2</ownerDesignName>
<indexState>Foreign Key</indexState>
<isSurrogateKey>false</isSurrogateKey>
<indexColumnUsage>
<colUsage columnID="94B6C1C2-8517-6511-7552-A35C1464AB4B"/>
</indexColumnUsage>
</ind_PK_UK>
<ind_PK_UK id="1317C2AB-133F-0DA9-A401-C8C64D4B7B8E" name="Representado_Media_FK">
<createdBy>xrpp</createdBy>
<createdTime>2022-11-21 20:44:42 UTC</createdTime>
<generatorID>F02DEEDC-D9FB-56AD-24A6-A40AE447B905</generatorID>
<ownerDesignName>YH_magement2</ownerDesignName>
<indexState>Foreign Key</indexState>
<isSurrogateKey>false</isSurrogateKey>
<indexColumnUsage>
<colUsage columnID="F69A810C-A10A-3616-310B-B2FCD6D2C3BD"/>
</indexColumnUsage>
</ind_PK_UK>
<ind_PK_UK id="CB33E219-7828-EB83-0D94-82A3833714DB" name="Representado_DatosPersonales_FK">
<createdBy>xrpp</createdBy>
<createdTime>2022-11-21 20:44:42 UTC</createdTime>
<generatorID>1F9DB051-BA12-6C07-C121-C07C5ECB5205</generatorID>
<ownerDesignName>YH_magement2</ownerDesignName>
<indexState>Foreign Key</indexState>
<isSurrogateKey>false</isSurrogateKey>
<indexColumnUsage>
<colUsage columnID="8CD1E36B-2988-87E9-75C6-1FEBEAA9AC83"/>
</indexColumnUsage>
</ind_PK_UK>
<ind_PK_UK id="FAA994B8-1B6A-44EE-99AB-955542C03A01" name="Representado_Medidas_FK">
<createdBy>xrpp</createdBy>
<createdTime>2022-11-21 20:44:42 UTC</createdTime>
<generatorID>70154A36-0C9E-C9A8-1054-A93ED642DE0A</generatorID>
<ownerDesignName>YH_magement2</ownerDesignName>
<indexState>Foreign Key</indexState>
<isSurrogateKey>false</isSurrogateKey>
<indexColumnUsage>
<colUsage columnID="9CF95C48-59D7-556C-22B5-5B4D1FEFC895"/>
</indexColumnUsage>
</ind_PK_UK>
</indexes>
</Table>