<?xml version = '1.0' encoding = 'UTF-8'?>
<Table class="oracle.dbtools.crest.model.design.relational.Table" directorySegmentName="seg_0" id="D1A69E62-8F89-E9D5-E5A5-3622E1B01CDF" name="Relation_6">
<createdBy>xrpp</createdBy>
<createdTime>2022-11-21 20:44:42 UTC</createdTime>
<ownerDesignName>YH_magement2</ownerDesignName>
<importedID>F541BB3D-98E6-BC1A-68A5-DBF6CA537FAD</importedID>
<allowColumnReorder>false</allowColumnReorder>
<existDependencyGenerateInDDl>true</existDependencyGenerateInDDl>
<parsed>true</parsed>
<columns itemClass="oracle.dbtools.crest.model.design.relational.Column">
<Column name="Evento_ID" id="A871C6C7-E3CB-65F5-9DA5-BD9FEEF1748E">
<createdBy>xrpp</createdBy>
<createdTime>2022-11-21 20:44:42 UTC</createdTime>
<ownerDesignName>YH_magement2</ownerDesignName>
<importedID>ECDCA6FC-1300-B73C-D342-94FF22ADB401</importedID>
<useDomainConstraints>false</useDomainConstraints>
<use>1</use>
<logicalDatatype>LOGDT011</logicalDatatype>
<ownDataTypeParameters>,,</ownDataTypeParameters>
<autoIncrementCycle>false</autoIncrementCycle>
<associations>
<colAssociation fkAssociation="D1E35013-76EC-030B-D0B7-3640D143D9D6" referredColumn="F8AF5EEE-7E0B-ABB1-3F3E-49B30258BCD8"/>
</associations>
</Column>
<Column name="Representado_ID" id="344A8694-4BE6-44A2-1142-EEAF3BABC59E">
<createdBy>xrpp</createdBy>
<createdTime>2022-11-21 20:44:42 UTC</createdTime>
<ownerDesignName>YH_magement2</ownerDesignName>
<importedID>D15E0225-CAB7-000F-530E-B2E6E12BAAFF</importedID>
<useDomainConstraints>false</useDomainConstraints>
<use>1</use>
<logicalDatatype>LOGDT011</logicalDatatype>
<ownDataTypeParameters>,,</ownDataTypeParameters>
<autoIncrementCycle>false</autoIncrementCycle>
<associations>
<colAssociation fkAssociation="2481040B-48F3-8E6D-6B96-D61F1FCAFACB" referredColumn="666401DF-4DFA-7C1A-8F00-6A6F2E147460"/>
</associations>
</Column>
</columns>
<indexes itemClass="oracle.dbtools.crest.model.design.relational.Index">
<ind_PK_UK id="79E2EF41-7DE3-769F-E21A-9ECF64156C3B" name="Relation_6_PK">
<createdBy>xrpp</createdBy>
<createdTime>2022-11-21 20:44:42 UTC</createdTime>
<ownerDesignName>YH_magement2</ownerDesignName>
<importedID>0DA429F8-1B6C-EC66-9691-4D2F3CBEA8BE</importedID>
<pk>true</pk>
<indexState>Primary Constraint</indexState>
<isSurrogateKey>false</isSurrogateKey>
<indexColumnUsage>
<colUsage columnID="A871C6C7-E3CB-65F5-9DA5-BD9FEEF1748E"/>
<colUsage columnID="344A8694-4BE6-44A2-1142-EEAF3BABC59E"/>
</indexColumnUsage>
</ind_PK_UK>
<ind_PK_UK id="6AC609AA-7A5C-2DC9-2AA1-F1D6425053CC" name="Relation_6_Representado_FK">
<createdBy>xrpp</createdBy>
<createdTime>2022-11-21 20:44:42 UTC</createdTime>
<generatorID>26926CFA-2132-DEB5-4E4A-77BB1F6D4FD2</generatorID>
<ownerDesignName>YH_magement2</ownerDesignName>
<indexState>Foreign Key</indexState>
<isSurrogateKey>false</isSurrogateKey>
<indexColumnUsage>
<colUsage columnID="344A8694-4BE6-44A2-1142-EEAF3BABC59E"/>
</indexColumnUsage>
</ind_PK_UK>
<ind_PK_UK id="4BE7EE1A-25C4-2B43-EAF6-0CF19A241459" name="Relation_6_Evento_FK">
<createdBy>xrpp</createdBy>
<createdTime>2022-11-21 20:44:42 UTC</createdTime>
<generatorID>26926CFA-2132-DEB5-4E4A-77BB1F6D4FD2</generatorID>
<ownerDesignName>YH_magement2</ownerDesignName>
<indexState>Foreign Key</indexState>
<isSurrogateKey>false</isSurrogateKey>
<indexColumnUsage>
<colUsage columnID="A871C6C7-E3CB-65F5-9DA5-BD9FEEF1748E"/>
</indexColumnUsage>
</ind_PK_UK>
</indexes>
</Table>