<?xml version = '1.0' encoding = 'UTF-8'?>
<Table class="oracle.dbtools.crest.model.design.relational.Table" directorySegmentName="seg_0" id="F5BF9729-7A4C-6601-2672-01ED8A6503DD" name="Relation_14">
<createdBy>xrpp</createdBy>
<createdTime>2022-11-21 20:44:42 UTC</createdTime>
<ownerDesignName>YH_magement2</ownerDesignName>
<importedID>08E2639F-85F8-6CE8-B52C-CDA24CA62696</importedID>
<allowColumnReorder>false</allowColumnReorder>
<existDependencyGenerateInDDl>true</existDependencyGenerateInDDl>
<parsed>true</parsed>
<columns itemClass="oracle.dbtools.crest.model.design.relational.Column">
<Column name="Colaborador_ID_colaborador" id="0C6E88FE-92B5-AC07-AF51-01A0984B7C6A">
<createdBy>xrpp</createdBy>
<createdTime>2022-11-21 20:44:42 UTC</createdTime>
<ownerDesignName>YH_magement2</ownerDesignName>
<importedID>E68ADD06-F92F-4765-9766-50430A40667B</importedID>
<useDomainConstraints>false</useDomainConstraints>
<use>1</use>
<logicalDatatype>LOGDT011</logicalDatatype>
<ownDataTypeParameters>,,</ownDataTypeParameters>
<autoIncrementCycle>false</autoIncrementCycle>
<associations>
<colAssociation fkAssociation="3485126F-0B29-0570-AFBE-EEBDA5E4A73A" referredColumn="99DF8EA8-0546-7302-760C-B4E34B92CDE9"/>
</associations>
</Column>
<Column name="Asiento_Caja_ID" id="946E634F-304C-C256-11F0-539F57DBFE1F">
<createdBy>xrpp</createdBy>
<createdTime>2022-11-21 20:44:42 UTC</createdTime>
<ownerDesignName>YH_magement2</ownerDesignName>
<importedID>773E6BC0-31DB-4975-6F08-CD23BF730051</importedID>
<useDomainConstraints>false</useDomainConstraints>
<use>1</use>
<logicalDatatype>LOGDT011</logicalDatatype>
<ownDataTypeParameters>,,</ownDataTypeParameters>
<autoIncrementCycle>false</autoIncrementCycle>
<associations>
<colAssociation fkAssociation="4599A675-18E1-8A40-743D-0CE503D591EF" referredColumn="AE8A9D24-78E4-BA34-4536-6C664B9D5B8D"/>
</associations>
</Column>
</columns>
<indexes itemClass="oracle.dbtools.crest.model.design.relational.Index">
<ind_PK_UK id="FC3863CF-5795-CB6F-333C-62AAA7FFB718" name="Relation_14_PK">
<createdBy>xrpp</createdBy>
<createdTime>2022-11-21 20:44:42 UTC</createdTime>
<ownerDesignName>YH_magement2</ownerDesignName>
<importedID>AC91B496-F76B-B0C9-04CA-6D50943D3458</importedID>
<pk>true</pk>
<indexState>Primary Constraint</indexState>
<isSurrogateKey>false</isSurrogateKey>
<indexColumnUsage>
<colUsage columnID="0C6E88FE-92B5-AC07-AF51-01A0984B7C6A"/>
<colUsage columnID="946E634F-304C-C256-11F0-539F57DBFE1F"/>
</indexColumnUsage>
</ind_PK_UK>
<ind_PK_UK id="F8CFC2B4-23BE-B8D9-0369-A28E1991E9BE" name="Relation_14_Colaborador_FK">
<createdBy>xrpp</createdBy>
<createdTime>2022-11-21 20:44:42 UTC</createdTime>
<generatorID>990D30DC-DB36-70DE-25F7-D5C856755470</generatorID>
<ownerDesignName>YH_magement2</ownerDesignName>
<indexState>Foreign Key</indexState>
<isSurrogateKey>false</isSurrogateKey>
<indexColumnUsage>
<colUsage columnID="0C6E88FE-92B5-AC07-AF51-01A0984B7C6A"/>
</indexColumnUsage>
</ind_PK_UK>
<ind_PK_UK id="5B403F09-73D9-44FE-7749-24953ABBA718" name="Relation_14_Asiento_Caja_FK">
<createdBy>xrpp</createdBy>
<createdTime>2022-11-21 20:44:42 UTC</createdTime>
<generatorID>990D30DC-DB36-70DE-25F7-D5C856755470</generatorID>
<ownerDesignName>YH_magement2</ownerDesignName>
<indexState>Foreign Key</indexState>
<isSurrogateKey>false</isSurrogateKey>
<indexColumnUsage>
<colUsage columnID="946E634F-304C-C256-11F0-539F57DBFE1F"/>
</indexColumnUsage>
</ind_PK_UK>
</indexes>
</Table>