<?xml version = '1.0' encoding = 'UTF-8'?>
<Table class="oracle.dbtools.crest.model.design.relational.Table" directorySegmentName="seg_0" id="F8EC15D8-060A-7D52-B484-815B55AB2977" name="Evento">
<createdBy>xrpp</createdBy>
<createdTime>2022-11-21 20:44:42 UTC</createdTime>
<generatorID>2BCE3E14-AD2F-433A-37B5-B7A9D507F7B5</generatorID>
<ownerDesignName>YH_magement2</ownerDesignName>
<importedID>F1966D23-681F-75A1-985E-B8038426B40A</importedID>
<allowColumnReorder>false</allowColumnReorder>
<existDependencyGenerateInDDl>true</existDependencyGenerateInDDl>
<parsed>true</parsed>
<columns itemClass="oracle.dbtools.crest.model.design.relational.Column">
<Column name="ID" id="F8AF5EEE-7E0B-ABB1-3F3E-49B30258BCD8">
<createdBy>xrpp</createdBy>
<createdTime>2022-11-21 20:44:42 UTC</createdTime>
<generatorID>8495E2EB-DA42-B06E-0002-AB2B5D5BE5D0</generatorID>
<ownerDesignName>YH_magement2</ownerDesignName>
<importedID>2B4D83F8-96BF-9F1E-6AD2-7CEBFD27BE0A</importedID>
<useDomainConstraints>false</useDomainConstraints>
<use>1</use>
<logicalDatatype>LOGDT011</logicalDatatype>
<ownDataTypeParameters>,,</ownDataTypeParameters>
<autoIncrementCycle>false</autoIncrementCycle>
</Column>
<Column name="Tipo_evento" id="3FEFB6CD-D854-CAAF-F460-BF95115B40BD">
<createdBy>xrpp</createdBy>
<createdTime>2022-11-21 20:44:42 UTC</createdTime>
<generatorID>DE1EFD97-9F2A-4F22-AEAC-76E876BEBFF1</generatorID>
<ownerDesignName>YH_magement2</ownerDesignName>
<importedID>1DD093F8-EE52-DE36-A0CC-E5B8F00A5A5B</importedID>
<useDomainConstraints>false</useDomainConstraints>
<use>1</use>
<logicalDatatype>LOGDT024</logicalDatatype>
<dataTypeSize>60</dataTypeSize>
<ownDataTypeParameters>60,,</ownDataTypeParameters>
<autoIncrementCycle>false</autoIncrementCycle>
</Column>
<Column name="Fecha" id="5F2EDCDE-C684-AF54-A825-A56D2CE53A0D">
<createdBy>xrpp</createdBy>
<createdTime>2022-11-21 20:44:42 UTC</createdTime>
<generatorID>F3F8025C-0772-8AB1-F76C-52B526BD3FBF</generatorID>
<ownerDesignName>YH_magement2</ownerDesignName>
<importedID>0171120D-6ED5-5F24-7FFB-6CB875FEE720</importedID>
<useDomainConstraints>false</useDomainConstraints>
<use>1</use>
<logicalDatatype>LOGDT007</logicalDatatype>
<ownDataTypeParameters>,,</ownDataTypeParameters>
<autoIncrementCycle>false</autoIncrementCycle>
</Column>
<Column name="Hora" id="D8116146-4D72-DB28-EDFD-8BC653A23357">
<createdBy>xrpp</createdBy>
<createdTime>2022-11-21 20:44:42 UTC</createdTime>
<generatorID>25E1E00D-DB01-3072-BFB5-17125C00BE88</generatorID>
<ownerDesignName>YH_magement2</ownerDesignName>
<importedID>65B0A0D4-B2A5-0376-C6B6-CB816EC50845</importedID>
<useDomainConstraints>false</useDomainConstraints>
<use>1</use>
<logicalDatatype>LOGDT014</logicalDatatype>
<ownDataTypeParameters>,,</ownDataTypeParameters>
<autoIncrementCycle>false</autoIncrementCycle>
</Column>
<Column name="Duracion" id="2966BC13-EAFA-5103-9965-839618BEAF00">
<createdBy>xrpp</createdBy>
<createdTime>2022-11-21 20:44:42 UTC</createdTime>
<generatorID>30EF2716-1DCA-9D65-80AE-00443CBA0A5A</generatorID>
<ownerDesignName>YH_magement2</ownerDesignName>
<importedID>C6753552-1F8D-3BBF-97E0-0BB870E3F3E5</importedID>
<useDomainConstraints>false</useDomainConstraints>
<use>1</use>
<logicalDatatype>LOGDT024</logicalDatatype>
<dataTypeSize>30</dataTypeSize>
<ownDataTypeParameters>30,,</ownDataTypeParameters>
<autoIncrementCycle>false</autoIncrementCycle>
</Column>
<Column name="lugar" id="582ABA5E-6D01-7DF7-7AF7-7C79F092DFB8">
<createdBy>xrpp</createdBy>
<createdTime>2022-11-21 20:44:42 UTC</createdTime>
<generatorID>B7482550-3FB3-BB65-6E02-D7C9A7C5A9B0</generatorID>
<ownerDesignName>YH_magement2</ownerDesignName>
<importedID>17935780-EBD0-C9C8-BEEF-28C121C97EDE</importedID>
<useDomainConstraints>false</useDomainConstraints>
<use>1</use>
<logicalDatatype>LOGDT024</logicalDatatype>
<dataTypeSize>200</dataTypeSize>
<ownDataTypeParameters>200,,</ownDataTypeParameters>
<autoIncrementCycle>false</autoIncrementCycle>
</Column>
</columns>
<indexes itemClass="oracle.dbtools.crest.model.design.relational.Index">
<ind_PK_UK id="B412231A-1CB2-D7E7-9297-52C890558075" name="Evento_PK">
<createdBy>xrpp</createdBy>
<createdTime>2022-11-21 20:44:42 UTC</createdTime>
<generatorID>306466DC-AD11-0ADB-D387-2AD5AF7FA7CF</generatorID>
<ownerDesignName>YH_magement2</ownerDesignName>
<importedID>31BA4862-A063-0EE4-B06C-11852193908E</importedID>
<pk>true</pk>
<indexState>Primary Constraint</indexState>
<isSurrogateKey>false</isSurrogateKey>
<indexColumnUsage>
<colUsage columnID="F8AF5EEE-7E0B-ABB1-3F3E-49B30258BCD8"/>
</indexColumnUsage>
</ind_PK_UK>
</indexes>
</Table>