<?xml version = '1.0' encoding = 'UTF-8'?>
<Table class="oracle.dbtools.crest.model.design.relational.Table" directorySegmentName="seg_0" id="FDA73B72-02B9-4DE0-7828-F73A550D2736" name="Operacion_Caja">
<createdBy>xrpp</createdBy>
<createdTime>2022-11-21 20:44:42 UTC</createdTime>
<generatorID>94C779B5-0E67-F214-CF36-599211F424B7</generatorID>
<ownerDesignName>YH_magement2</ownerDesignName>
<importedID>471A0D94-B2B5-DBE1-5457-44D138EAE22B</importedID>
<ordsAlias>asiento_caja</ordsAlias>
<allowColumnReorder>false</allowColumnReorder>
<existDependencyGenerateInDDl>true</existDependencyGenerateInDDl>
<parsed>true</parsed>
<columns itemClass="oracle.dbtools.crest.model.design.relational.Column">
<Column name="ID" id="AE8A9D24-78E4-BA34-4536-6C664B9D5B8D">
<createdBy>xrpp</createdBy>
<createdTime>2022-11-21 20:44:42 UTC</createdTime>
<generatorID>A558DEB6-048D-817C-F41F-6EBC7F397A74</generatorID>
<ownerDesignName>YH_magement2</ownerDesignName>
<importedID>749AA142-0B94-D43B-E51D-E2BF691D9753</importedID>
<useDomainConstraints>false</useDomainConstraints>
<use>1</use>
<logicalDatatype>LOGDT011</logicalDatatype>
<ownDataTypeParameters>,,</ownDataTypeParameters>
<autoIncrementCycle>false</autoIncrementCycle>
</Column>
<Column name="Fecha" id="081AC6D6-1275-9D35-4A6F-D6AE703878BF">
<createdBy>xrpp</createdBy>
<createdTime>2022-11-21 20:44:42 UTC</createdTime>
<generatorID>35C4C124-A150-7366-0CC0-A6B4E15DC2A6</generatorID>
<ownerDesignName>YH_magement2</ownerDesignName>
<importedID>75B19328-450F-33DC-34B3-722C5DDF2015</importedID>
<useDomainConstraints>false</useDomainConstraints>
<use>1</use>
<logicalDatatype>LOGDT007</logicalDatatype>
<ownDataTypeParameters>,,</ownDataTypeParameters>
<autoIncrementCycle>false</autoIncrementCycle>
</Column>
<Column name="Tipo" id="4FBF97D0-2AF8-85E1-DC38-B135922F91D9">
<createdBy>xrpp</createdBy>
<createdTime>2022-11-21 20:44:42 UTC</createdTime>
<generatorID>E0E488FE-9D08-B7CF-D253-8F5E3F952F27</generatorID>
<ownerDesignName>YH_magement2</ownerDesignName>
<importedID>76FBE4DE-E69A-4662-B161-892DAE303FF2</importedID>
<useDomainConstraints>false</useDomainConstraints>
<use>1</use>
<logicalDatatype>LOGDT024</logicalDatatype>
<dataTypeSize>15</dataTypeSize>
<ownDataTypeParameters>15,,</ownDataTypeParameters>
<autoIncrementCycle>false</autoIncrementCycle>
</Column>
<Column name="Importe" id="4D9174F3-9CBC-BD7F-A99B-0710DC6C41FC">
<createdBy>xrpp</createdBy>
<createdTime>2022-11-21 20:44:42 UTC</createdTime>
<generatorID>F8C81F47-A9BC-0E10-E4E1-79FDE4360B15</generatorID>
<ownerDesignName>YH_magement2</ownerDesignName>
<importedID>0AA34CF7-E3B0-431C-4971-B756C0962220</importedID>
<useDomainConstraints>false</useDomainConstraints>
<use>1</use>
<logicalDatatype>LOGDT043</logicalDatatype>
<dataTypePrecision>2</dataTypePrecision>
<dataTypeScale>10</dataTypeScale>
<ownDataTypeParameters>,2,10</ownDataTypeParameters>
<autoIncrementCycle>false</autoIncrementCycle>
</Column>
</columns>
<indexes itemClass="oracle.dbtools.crest.model.design.relational.Index">
<ind_PK_UK id="4D89F528-4BEE-F448-2626-071F827CF958" name="Asiento_Caja_PK">
<createdBy>xrpp</createdBy>
<createdTime>2022-11-21 20:44:42 UTC</createdTime>
<generatorID>3701726B-BC11-75D1-20AC-2B166A908DB3</generatorID>
<ownerDesignName>YH_magement2</ownerDesignName>
<importedID>E112D37D-91A4-DE17-3E0F-DB6EF269652C</importedID>
<pk>true</pk>
<indexState>Primary Constraint</indexState>
<isSurrogateKey>false</isSurrogateKey>
<indexColumnUsage>
<colUsage columnID="AE8A9D24-78E4-BA34-4536-6C664B9D5B8D"/>
</indexColumnUsage>
</ind_PK_UK>
</indexes>
</Table>