<?xml version = '1.0' encoding = 'UTF-8'?>
<Entity class="oracle.dbtools.crest.model.design.logical.Entity" directorySegmentName="seg_0" id="2404208A-E2E0-534B-AE8E-153D0EB7FCC9" name="Localización">
<createdBy>xrpp</createdBy>
<createdTime>2022-11-28 19:46:43 UTC</createdTime>
<ownerDesignName>YH_magement3</ownerDesignName>
<engineerTo>
<item key="BE489D97-C574-C67B-6326-78BC154D47C0" value="true"/>
<item key="8067C762-B31A-7AC2-550B-62D60EC6BFE2" value="true"/>
<item key="536F7406-9FA5-DCB7-CFCA-529BE80FE55D" value="true"/>
<item key="A3C8AF6E-A773-0F46-3A77-6F04D241405E" value="true"/>
</engineerTo>
<adequatelyNormalized>NO</adequatelyNormalized>
<expectedVolumes>0</expectedVolumes>
<fwdEngineeringStrategyName>Single Table</fwdEngineeringStrategyName>
<growthPercent>0</growthPercent>
<growthType>Year</growthType>
<maxVolumes>9999999</maxVolumes>
<minVolumes>0</minVolumes>
<normalForm>Third</normalForm>
<attributes itemClass="oracle.dbtools.crest.model.design.logical.Attribute">
<Attribute name="ID local" id="769C0E1A-9830-BB25-6BBF-FCF70142E7FE">
<createdBy>xrpp</createdBy>
<createdTime>2022-11-28 19:47:08 UTC</createdTime>
<ownerDesignName>YH_magement3</ownerDesignName>
<engineerTo>
<item key="BE489D97-C574-C67B-6326-78BC154D47C0" value="true"/>
<item key="8067C762-B31A-7AC2-550B-62D60EC6BFE2" value="true"/>
<item key="536F7406-9FA5-DCB7-CFCA-529BE80FE55D" value="true"/>
<item key="A3C8AF6E-A773-0F46-3A77-6F04D241405E" value="true"/>
</engineerTo>
<useDomainConstraints>false</useDomainConstraints>
<use>1</use>
<logicalDatatype>LOGDT011</logicalDatatype>
<ownDataTypeParameters>,,</ownDataTypeParameters>
</Attribute>
<Attribute name="Pais" id="69E6AD21-FEB4-EE0F-29B0-42B4FFD607CF">
<createdBy>xrpp</createdBy>
<createdTime>2022-11-28 19:47:08 UTC</createdTime>
<ownerDesignName>YH_magement3</ownerDesignName>
<engineerTo>
<item key="BE489D97-C574-C67B-6326-78BC154D47C0" value="true"/>
<item key="8067C762-B31A-7AC2-550B-62D60EC6BFE2" value="true"/>
<item key="536F7406-9FA5-DCB7-CFCA-529BE80FE55D" value="true"/>
<item key="A3C8AF6E-A773-0F46-3A77-6F04D241405E" value="true"/>
</engineerTo>
<useDomainConstraints>false</useDomainConstraints>
<use>1</use>
<logicalDatatype>LOGDT024</logicalDatatype>
<dataTypeSize>50</dataTypeSize>
<ownDataTypeParameters>50,,</ownDataTypeParameters>
</Attribute>
<Attribute name="Provincia Estado" id="67CDE9B3-40EC-B1CE-01E2-9CE954DB6053">
<createdBy>xrpp</createdBy>
<createdTime>2022-11-28 19:47:08 UTC</createdTime>
<ownerDesignName>YH_magement3</ownerDesignName>
<engineerTo>
<item key="BE489D97-C574-C67B-6326-78BC154D47C0" value="true"/>
<item key="8067C762-B31A-7AC2-550B-62D60EC6BFE2" value="true"/>
<item key="536F7406-9FA5-DCB7-CFCA-529BE80FE55D" value="true"/>
<item key="A3C8AF6E-A773-0F46-3A77-6F04D241405E" value="true"/>
</engineerTo>
<useDomainConstraints>false</useDomainConstraints>
<use>1</use>
<logicalDatatype>LOGDT024</logicalDatatype>
<dataTypeSize>50</dataTypeSize>
<ownDataTypeParameters>50,,</ownDataTypeParameters>
</Attribute>
<Attribute name="Localidad" id="96CD7986-0FBF-CDFF-F4C7-819973E2C2F4">
<createdBy>xrpp</createdBy>
<createdTime>2022-11-28 19:48:29 UTC</createdTime>
<ownerDesignName>YH_magement3</ownerDesignName>
<engineerTo>
<item key="BE489D97-C574-C67B-6326-78BC154D47C0" value="true"/>
<item key="8067C762-B31A-7AC2-550B-62D60EC6BFE2" value="true"/>
<item key="536F7406-9FA5-DCB7-CFCA-529BE80FE55D" value="true"/>
<item key="A3C8AF6E-A773-0F46-3A77-6F04D241405E" value="true"/>
</engineerTo>
<useDomainConstraints>false</useDomainConstraints>
<use>1</use>
<logicalDatatype>LOGDT024</logicalDatatype>
<dataTypeSize>90</dataTypeSize>
<ownDataTypeParameters>90,,</ownDataTypeParameters>
</Attribute>
<Attribute name="Codigo Postal" id="A368E60F-EFB4-D980-CC69-D86EAF95CB37">
<createdBy>xrpp</createdBy>
<createdTime>2022-11-28 19:49:05 UTC</createdTime>
<ownerDesignName>YH_magement3</ownerDesignName>
<engineerTo>
<item key="BE489D97-C574-C67B-6326-78BC154D47C0" value="true"/>
<item key="8067C762-B31A-7AC2-550B-62D60EC6BFE2" value="true"/>
<item key="536F7406-9FA5-DCB7-CFCA-529BE80FE55D" value="true"/>
<item key="A3C8AF6E-A773-0F46-3A77-6F04D241405E" value="true"/>
</engineerTo>
<useDomainConstraints>false</useDomainConstraints>
<use>1</use>
<logicalDatatype>LOGDT024</logicalDatatype>
<dataTypeSize>7</dataTypeSize>
<ownDataTypeParameters>7,,</ownDataTypeParameters>
</Attribute>
</attributes>
<identifiers itemClass="oracle.dbtools.crest.model.design.logical.CandidateKey">
<identifier id="E2EC52FB-38E9-2853-C8C0-F2A48124F330" name="Localización PK">
<createdBy>xrpp</createdBy>
<createdTime>2022-11-28 19:47:34 UTC</createdTime>
<ownerDesignName>YH_magement3</ownerDesignName>
<shouldEngineer>false</shouldEngineer>
<engineerTo>
<item key="BE489D97-C574-C67B-6326-78BC154D47C0" value="false"/>
<item key="8067C762-B31A-7AC2-550B-62D60EC6BFE2" value="true"/>
<item key="536F7406-9FA5-DCB7-CFCA-529BE80FE55D" value="true"/>
<item key="A3C8AF6E-A773-0F46-3A77-6F04D241405E" value="true"/>
</engineerTo>
<pk>true</pk>
<usedAttributes>
<attributeRef>769C0E1A-9830-BB25-6BBF-FCF70142E7FE</attributeRef>
</usedAttributes>
</identifier>
</identifiers>
</Entity>