<?xml version = '1.0' encoding = 'UTF-8'?>
<FKIndexAssociation class="oracle.dbtools.crest.model.design.relational.FKIndexAssociation" directorySegmentName="seg_0" id="0955AC60-4826-6F1F-630B-9E3E045B0C7C" containerWithKeyObject="08E2639F-85F8-6CE8-B52C-CDA24CA62696" localFKIndex="0DF3765B-C318-5E6E-1F5E-6ED071AC8BD6" name="Relation_14_Colaborador_FK">
<createdBy>xrpp</createdBy>
<createdTime>2022-11-21 19:27:00 UTC</createdTime>
<generatorID>796EF197-18B4-8813-66FE-D01D8ACB67EB</generatorID>
<ownerDesignName>YH_magement</ownerDesignName>
<importedID>204FA0A0-B0E6-3CC7-C37B-2D2E42ECE63C</importedID>
<referredTableLongName>Colaborador</referredTableLongName>
<deleteRule>NO ACTION</deleteRule>
<referredTableID>A82A1C8B-E18F-59A5-5769-BAF30724EADC</referredTableID>
<keyObject>922D650B-B888-C868-8C7C-4E23F60033DF</keyObject>
<referredKeyID>922D650B-B888-C868-8C7C-4E23F60033DF</referredKeyID>
<mandatory>true</mandatory>
<refColNames>ID_colaborador</refColNames>
<transferable>true</transferable>
<rely>false</rely>
<columnDependencyConstraintGenerateInDDL>true</columnDependencyConstraintGenerateInDDL>
</FKIndexAssociation>