<?xml version = '1.0' encoding = 'UTF-8'?>
<FKIndexAssociation class="oracle.dbtools.crest.model.design.relational.FKIndexAssociation" directorySegmentName="seg_0" id="1E15CE9D-5950-FEA1-11D7-7581474D13FC" containerWithKeyObject="555E5B8B-2775-E04F-24EA-DB5C35767D96" localFKIndex="47423C38-4FD3-A7F5-B4EC-AE42F1F7138B" name="Relation_12_Cliente_FK">
<createdBy>xrpp</createdBy>
<createdTime>2022-11-21 19:27:00 UTC</createdTime>
<generatorID>1BD8585D-8E37-B125-D521-9A7C0E7E4D00</generatorID>
<ownerDesignName>YH_magement</ownerDesignName>
<importedID>44FA28B1-9BAA-F9F1-74B2-CCDE2B7C88A3</importedID>
<referredTableLongName>Cliente</referredTableLongName>
<deleteRule>NO ACTION</deleteRule>
<referredTableID>A40018BD-A105-C91B-2887-259DC558FAD7</referredTableID>
<keyObject>CFE3E269-5890-2F5D-3B0E-87EB1600E481</keyObject>
<referredKeyID>CFE3E269-5890-2F5D-3B0E-87EB1600E481</referredKeyID>
<mandatory>true</mandatory>
<refColNames>ID_cliente</refColNames>
<transferable>true</transferable>
<rely>false</rely>
<columnDependencyConstraintGenerateInDDL>true</columnDependencyConstraintGenerateInDDL>
</FKIndexAssociation>