<?xml version = '1.0' encoding = 'UTF-8'?>
<FKIndexAssociation class="oracle.dbtools.crest.model.design.relational.FKIndexAssociation" directorySegmentName="seg_0" id="2C1DE513-57D9-B6C8-9679-49E770ECE120" containerWithKeyObject="F541BB3D-98E6-BC1A-68A5-DBF6CA537FAD" localFKIndex="AA24324A-006F-EC02-9370-A34B388622CB" name="Relation_6_Representado_FK">
<createdBy>xrpp</createdBy>
<createdTime>2022-11-21 19:27:00 UTC</createdTime>
<generatorID>59015E42-1DDC-B313-CEDC-818CB70DE24C</generatorID>
<ownerDesignName>YH_magement</ownerDesignName>
<importedID>586F7E89-0DBE-DBB8-E308-9B82382F6C19</importedID>
<referredTableLongName>Representado</referredTableLongName>
<deleteRule>NO ACTION</deleteRule>
<referredTableID>28052CB9-43B4-4F21-DAB5-AE0AD0C16551</referredTableID>
<keyObject>86CD008C-CEF0-CE18-DF22-DDF7C9D75054</keyObject>
<referredKeyID>86CD008C-CEF0-CE18-DF22-DDF7C9D75054</referredKeyID>
<mandatory>true</mandatory>
<refColNames>ID</refColNames>
<transferable>true</transferable>
<rely>false</rely>
<columnDependencyConstraintGenerateInDDL>true</columnDependencyConstraintGenerateInDDL>
</FKIndexAssociation>