<?xml version = '1.0' encoding = 'UTF-8'?>
<FKIndexAssociation class="oracle.dbtools.crest.model.design.relational.FKIndexAssociation" directorySegmentName="seg_0" id="2C262C1E-8033-FE0C-B1CC-6E522AAB74C2" containerWithKeyObject="A82A1C8B-E18F-59A5-5769-BAF30724EADC" localFKIndex="B092F372-AEB7-86E6-8514-7C6C57D7589D" name="Colaborador_DatosPersonales_FK">
<createdBy>xrpp</createdBy>
<createdTime>2022-11-21 19:27:01 UTC</createdTime>
<generatorID>04F165C3-AD48-85FB-2B0C-AC8CFA86BF47</generatorID>
<ownerDesignName>YH_magement</ownerDesignName>
<importedID>E526D6A4-EFF7-1691-3665-7FA6059BB5AB</importedID>
<referredTableLongName>DatosPersonales</referredTableLongName>
<deleteRule>NO ACTION</deleteRule>
<referredTableID>B11E71E8-BEA2-6A85-28F0-78899862FB02</referredTableID>
<keyObject>E78501D7-D903-3D79-41CF-9BB9A639EC23</keyObject>
<referredKeyID>E78501D7-D903-3D79-41CF-9BB9A639EC23</referredKeyID>
<mandatory>true</mandatory>
<refColNames>DNI_NIE_NIF</refColNames>
<transferable>true</transferable>
<rely>false</rely>
<columnDependencyConstraintGenerateInDDL>true</columnDependencyConstraintGenerateInDDL>
</FKIndexAssociation>