<?xml version = '1.0' encoding = 'UTF-8'?>
<FKIndexAssociation class="oracle.dbtools.crest.model.design.relational.FKIndexAssociation" directorySegmentName="seg_0" id="2C3CC3C5-48DD-CCEE-F74D-A95D3512A57B" containerWithKeyObject="08E2639F-85F8-6CE8-B52C-CDA24CA62696" localFKIndex="E56290F2-2545-594B-D062-B1B4753EAEA7" name="Relation_14_Asiento_Caja_FK">
<createdBy>xrpp</createdBy>
<createdTime>2022-11-21 19:27:00 UTC</createdTime>
<generatorID>796EF197-18B4-8813-66FE-D01D8ACB67EB</generatorID>
<ownerDesignName>YH_magement</ownerDesignName>
<importedID>B721D07A-198A-F17E-3D8B-CE148199B7A7</importedID>
<referredTableLongName>Operacion_Caja</referredTableLongName>
<deleteRule>NO ACTION</deleteRule>
<referredTableID>471A0D94-B2B5-DBE1-5457-44D138EAE22B</referredTableID>
<keyObject>E112D37D-91A4-DE17-3E0F-DB6EF269652C</keyObject>
<referredKeyID>E112D37D-91A4-DE17-3E0F-DB6EF269652C</referredKeyID>
<mandatory>true</mandatory>
<refColNames>ID</refColNames>
<transferable>true</transferable>
<rely>false</rely>
<columnDependencyConstraintGenerateInDDL>true</columnDependencyConstraintGenerateInDDL>
</FKIndexAssociation>