<?xml version = '1.0' encoding = 'UTF-8'?>
<FKIndexAssociation class="oracle.dbtools.crest.model.design.relational.FKIndexAssociation" directorySegmentName="seg_0" id="42A35C17-58CE-DA1E-A4D9-3CCE422A69F5" containerWithKeyObject="C46EC5CE-89DD-1D12-675F-015345789804" localFKIndex="F0A54D87-C390-95E6-E432-B612A283A7F4" name="Relation_16_Asiento_Caja_FK">
<createdBy>xrpp</createdBy>
<createdTime>2022-11-21 19:27:00 UTC</createdTime>
<generatorID>77F62DDC-434D-CF07-8A0F-288B2C0906EF</generatorID>
<ownerDesignName>YH_magement</ownerDesignName>
<importedID>13988CBD-5720-E26B-F17F-169B17801511</importedID>
<referredTableLongName>Operacion_Caja</referredTableLongName>
<deleteRule>NO ACTION</deleteRule>
<referredTableID>471A0D94-B2B5-DBE1-5457-44D138EAE22B</referredTableID>
<keyObject>E112D37D-91A4-DE17-3E0F-DB6EF269652C</keyObject>
<referredKeyID>E112D37D-91A4-DE17-3E0F-DB6EF269652C</referredKeyID>
<mandatory>true</mandatory>
<refColNames>ID</refColNames>
<transferable>true</transferable>
<rely>false</rely>
<columnDependencyConstraintGenerateInDDL>true</columnDependencyConstraintGenerateInDDL>
</FKIndexAssociation>