<?xml version = '1.0' encoding = 'UTF-8'?>
<FKIndexAssociation class="oracle.dbtools.crest.model.design.relational.FKIndexAssociation" directorySegmentName="seg_0" id="43479B07-CB17-A6A7-4E38-02197DB7F04A" containerWithKeyObject="9D27A39D-3AFB-F4C3-0980-03884180609C" localFKIndex="10611C56-A587-A06D-A697-F76E2EDEE7B5" name="Relation_10_Colaborador_FK">
<createdBy>xrpp</createdBy>
<createdTime>2022-11-21 19:27:00 UTC</createdTime>
<generatorID>45D3F074-0EE2-187B-1C83-6F78CAF0CB2A</generatorID>
<ownerDesignName>YH_magement</ownerDesignName>
<importedID>207B03B7-0AB4-970B-CCFC-C4AE03BF93FD</importedID>
<referredTableLongName>Colaborador</referredTableLongName>
<deleteRule>NO ACTION</deleteRule>
<referredTableID>A82A1C8B-E18F-59A5-5769-BAF30724EADC</referredTableID>
<keyObject>922D650B-B888-C868-8C7C-4E23F60033DF</keyObject>
<referredKeyID>922D650B-B888-C868-8C7C-4E23F60033DF</referredKeyID>
<mandatory>true</mandatory>
<refColNames>ID_colaborador</refColNames>
<transferable>true</transferable>
<rely>false</rely>
<columnDependencyConstraintGenerateInDDL>true</columnDependencyConstraintGenerateInDDL>
</FKIndexAssociation>