<?xml version = '1.0' encoding = 'UTF-8'?>
<FKIndexAssociation class="oracle.dbtools.crest.model.design.relational.FKIndexAssociation" directorySegmentName="seg_0" id="4BD9C761-11FE-3D54-5C74-13806CCEF52B" containerWithKeyObject="DA8D6F9E-8BE0-14D4-71ED-78864D2F4EBC" localFKIndex="C7F6D89C-2EB6-0921-254F-4FE3C2F951A0" name="Relation_15_Asiento_Caja_FK">
<createdBy>xrpp</createdBy>
<createdTime>2022-11-21 19:27:00 UTC</createdTime>
<generatorID>2F660879-D8FA-ADE1-9BEC-9C2016941F27</generatorID>
<ownerDesignName>YH_magement</ownerDesignName>
<importedID>6EB1A3B8-2D87-43B2-FAA2-11EABBBD18B5</importedID>
<referredTableLongName>Operacion_Caja</referredTableLongName>
<deleteRule>NO ACTION</deleteRule>
<referredTableID>471A0D94-B2B5-DBE1-5457-44D138EAE22B</referredTableID>
<keyObject>E112D37D-91A4-DE17-3E0F-DB6EF269652C</keyObject>
<referredKeyID>E112D37D-91A4-DE17-3E0F-DB6EF269652C</referredKeyID>
<mandatory>true</mandatory>
<refColNames>ID</refColNames>
<transferable>true</transferable>
<rely>false</rely>
<columnDependencyConstraintGenerateInDDL>true</columnDependencyConstraintGenerateInDDL>
</FKIndexAssociation>