<?xml version = '1.0' encoding = 'UTF-8'?>
<FKIndexAssociation class="oracle.dbtools.crest.model.design.relational.FKIndexAssociation" directorySegmentName="seg_0" id="523266AD-016E-F986-0211-6CB805AFC53B" containerWithKeyObject="55833BD8-053A-5092-814E-176F7906BB16" localFKIndex="5669A2DB-B6EA-804B-CCF0-A2D71D39556E" name="Empleado_DatosPersonales_FK">
<createdBy>xrpp</createdBy>
<createdTime>2022-11-21 19:27:00 UTC</createdTime>
<generatorID>926778D4-87C2-44C5-66A8-A2DC85A0C25A</generatorID>
<ownerDesignName>YH_magement</ownerDesignName>
<importedID>5D15453E-1F58-BFB4-EF04-A89D50B3E67D</importedID>
<referredTableLongName>DatosPersonales</referredTableLongName>
<deleteRule>NO ACTION</deleteRule>
<referredTableID>B11E71E8-BEA2-6A85-28F0-78899862FB02</referredTableID>
<keyObject>E78501D7-D903-3D79-41CF-9BB9A639EC23</keyObject>
<referredKeyID>E78501D7-D903-3D79-41CF-9BB9A639EC23</referredKeyID>
<mandatory>false</mandatory>
<refColNames>DNI_NIE_NIF</refColNames>
<transferable>true</transferable>
<rely>false</rely>
<columnDependencyConstraintGenerateInDDL>true</columnDependencyConstraintGenerateInDDL>
</FKIndexAssociation>