<?xml version = '1.0' encoding = 'UTF-8'?>
<FKIndexAssociation class="oracle.dbtools.crest.model.design.relational.FKIndexAssociation" directorySegmentName="seg_0" id="5D369034-1015-3BA4-9BB5-9E9E6D279409" containerWithKeyObject="0DE81B72-F0C4-221C-FF81-4E706958B9AD" localFKIndex="925A06B9-36CE-B57F-209A-C8A83FC0464A" name="Relation_13_Asiento_Caja_FK">
<createdBy>xrpp</createdBy>
<createdTime>2022-11-21 19:27:00 UTC</createdTime>
<generatorID>5E53B8EC-CA03-4D9F-CBAB-D11E886FB980</generatorID>
<ownerDesignName>YH_magement</ownerDesignName>
<importedID>492C6582-3B72-5BC5-E777-EFF2FB7F04C0</importedID>
<referredTableLongName>Operacion_Caja</referredTableLongName>
<deleteRule>NO ACTION</deleteRule>
<referredTableID>471A0D94-B2B5-DBE1-5457-44D138EAE22B</referredTableID>
<keyObject>E112D37D-91A4-DE17-3E0F-DB6EF269652C</keyObject>
<referredKeyID>E112D37D-91A4-DE17-3E0F-DB6EF269652C</referredKeyID>
<mandatory>true</mandatory>
<refColNames>ID</refColNames>
<transferable>true</transferable>
<rely>false</rely>
<columnDependencyConstraintGenerateInDDL>true</columnDependencyConstraintGenerateInDDL>
</FKIndexAssociation>