<?xml version = '1.0' encoding = 'UTF-8'?>
<FKIndexAssociation class="oracle.dbtools.crest.model.design.relational.FKIndexAssociation" directorySegmentName="seg_0" id="5FA1CB10-4E3A-6C57-F3EC-C69ECB8A5B24" containerWithKeyObject="C46EC5CE-89DD-1D12-675F-015345789804" localFKIndex="6733DFB7-F30E-3EEE-AA7A-DBC660AFE7EF" name="Relation_16_Cliente_FK">
<createdBy>xrpp</createdBy>
<createdTime>2022-11-21 19:27:00 UTC</createdTime>
<generatorID>77F62DDC-434D-CF07-8A0F-288B2C0906EF</generatorID>
<ownerDesignName>YH_magement</ownerDesignName>
<importedID>75C8F95E-942C-565A-58AF-0B9DAE69EE04</importedID>
<referredTableLongName>Cliente</referredTableLongName>
<deleteRule>NO ACTION</deleteRule>
<referredTableID>A40018BD-A105-C91B-2887-259DC558FAD7</referredTableID>
<keyObject>CFE3E269-5890-2F5D-3B0E-87EB1600E481</keyObject>
<referredKeyID>CFE3E269-5890-2F5D-3B0E-87EB1600E481</referredKeyID>
<mandatory>true</mandatory>
<refColNames>ID_cliente</refColNames>
<transferable>true</transferable>
<rely>false</rely>
<columnDependencyConstraintGenerateInDDL>true</columnDependencyConstraintGenerateInDDL>
</FKIndexAssociation>