<?xml version = '1.0' encoding = 'UTF-8'?>
<FKIndexAssociation class="oracle.dbtools.crest.model.design.relational.FKIndexAssociation" directorySegmentName="seg_0" id="69A78C6B-AC63-6A43-52A0-A840A316294C" containerWithKeyObject="A40018BD-A105-C91B-2887-259DC558FAD7" localFKIndex="1FE7A459-1724-8F6F-2245-11413733D08E" name="Cliente_DatosPersonales_FK">
<createdBy>xrpp</createdBy>
<createdTime>2022-11-21 19:27:01 UTC</createdTime>
<generatorID>99E4DE16-F38D-1655-7F32-9DC3AAA71BE5</generatorID>
<ownerDesignName>YH_magement</ownerDesignName>
<importedID>ED8CD124-189C-0D8B-4989-2461B9D33EAF</importedID>
<referredTableLongName>DatosPersonales</referredTableLongName>
<deleteRule>NO ACTION</deleteRule>
<referredTableID>B11E71E8-BEA2-6A85-28F0-78899862FB02</referredTableID>
<keyObject>E78501D7-D903-3D79-41CF-9BB9A639EC23</keyObject>
<referredKeyID>E78501D7-D903-3D79-41CF-9BB9A639EC23</referredKeyID>
<mandatory>false</mandatory>
<refColNames>DNI_NIE_NIF</refColNames>
<transferable>true</transferable>
<rely>false</rely>
<columnDependencyConstraintGenerateInDDL>true</columnDependencyConstraintGenerateInDDL>
</FKIndexAssociation>