<?xml version = '1.0' encoding = 'UTF-8'?>
<FKIndexAssociation class="oracle.dbtools.crest.model.design.relational.FKIndexAssociation" directorySegmentName="seg_0" id="74F612BE-3182-5B2F-4B0F-08A1DAFA0BDF" containerWithKeyObject="2F2B2C0C-E74D-1845-1D18-B3AD15E16FBA" localFKIndex="4ED92E4B-2BE3-3F65-5F9F-2E816709B81B" name="Relation_11_Evento_FK">
<createdBy>xrpp</createdBy>
<createdTime>2022-11-21 19:27:00 UTC</createdTime>
<generatorID>6AC6E6A8-295E-6341-4729-A6E7876182DF</generatorID>
<ownerDesignName>YH_magement</ownerDesignName>
<importedID>1C731AA1-2BF7-D214-F8C1-11FBCCD8D769</importedID>
<referredTableLongName>Evento</referredTableLongName>
<deleteRule>NO ACTION</deleteRule>
<referredTableID>F1966D23-681F-75A1-985E-B8038426B40A</referredTableID>
<keyObject>31BA4862-A063-0EE4-B06C-11852193908E</keyObject>
<referredKeyID>31BA4862-A063-0EE4-B06C-11852193908E</referredKeyID>
<mandatory>true</mandatory>
<refColNames>ID</refColNames>
<transferable>true</transferable>
<rely>false</rely>
<columnDependencyConstraintGenerateInDDL>true</columnDependencyConstraintGenerateInDDL>
</FKIndexAssociation>