<?xml version = '1.0' encoding = 'UTF-8'?>
<FKIndexAssociation class="oracle.dbtools.crest.model.design.relational.FKIndexAssociation" directorySegmentName="seg_0" id="8FB491E6-9785-1BF5-18CD-CD9068D796D0" containerWithKeyObject="9D27A39D-3AFB-F4C3-0980-03884180609C" localFKIndex="65F69253-FB56-B1AD-3CB3-36BC52B0731D" name="Relation_10_Evento_FK">
<createdBy>xrpp</createdBy>
<createdTime>2022-11-21 19:27:01 UTC</createdTime>
<generatorID>45D3F074-0EE2-187B-1C83-6F78CAF0CB2A</generatorID>
<ownerDesignName>YH_magement</ownerDesignName>
<importedID>DD8BF767-E1D0-3484-996D-41A15EA2F957</importedID>
<referredTableLongName>Evento</referredTableLongName>
<deleteRule>NO ACTION</deleteRule>
<referredTableID>F1966D23-681F-75A1-985E-B8038426B40A</referredTableID>
<keyObject>31BA4862-A063-0EE4-B06C-11852193908E</keyObject>
<referredKeyID>31BA4862-A063-0EE4-B06C-11852193908E</referredKeyID>
<mandatory>true</mandatory>
<refColNames>ID</refColNames>
<transferable>true</transferable>
<rely>false</rely>
<columnDependencyConstraintGenerateInDDL>true</columnDependencyConstraintGenerateInDDL>
</FKIndexAssociation>