<?xml version = '1.0' encoding = 'UTF-8'?>
<FKIndexAssociation class="oracle.dbtools.crest.model.design.relational.FKIndexAssociation" directorySegmentName="seg_0" id="90EC9FAC-6AF3-FA9E-3A3D-E86DEA4D3BA4" containerWithKeyObject="28052CB9-43B4-4F21-DAB5-AE0AD0C16551" localFKIndex="130DB852-7D26-45B2-DF9B-768BAB4EC814" name="Representado_Aptitudes_FK">
<createdBy>xrpp</createdBy>
<createdTime>2022-11-21 19:27:00 UTC</createdTime>
<generatorID>06BFACC1-F48F-D2EC-C0A4-EE2370EB03BA</generatorID>
<ownerDesignName>YH_magement</ownerDesignName>
<importedID>494CB3C2-CF11-56C5-CB48-0A805EC1F98A</importedID>
<referredTableLongName>Aptitudes</referredTableLongName>
<deleteRule>NO ACTION</deleteRule>
<referredTableID>DF363159-4C81-5B6C-1F9D-2830F2A8473B</referredTableID>
<keyObject>5E98E561-438F-44D6-D16F-AB988B256C9C</keyObject>
<referredKeyID>5E98E561-438F-44D6-D16F-AB988B256C9C</referredKeyID>
<mandatory>true</mandatory>
<refColNames>ID_apt</refColNames>
<transferable>true</transferable>
<rely>false</rely>
<columnDependencyConstraintGenerateInDDL>true</columnDependencyConstraintGenerateInDDL>
</FKIndexAssociation>