<?xml version = '1.0' encoding = 'UTF-8'?>
<FKIndexAssociation class="oracle.dbtools.crest.model.design.relational.FKIndexAssociation" directorySegmentName="seg_0" id="914A2C90-93BB-279F-1640-E8ABF2CE805E" containerWithKeyObject="28052CB9-43B4-4F21-DAB5-AE0AD0C16551" localFKIndex="0DBDF09C-7686-9801-BB4A-51410ABA7AEE" name="Representado_Media_FK">
<createdBy>xrpp</createdBy>
<createdTime>2022-11-21 19:27:00 UTC</createdTime>
<generatorID>F3FCFBE4-EF76-1F18-D876-505EF0A4B719</generatorID>
<ownerDesignName>YH_magement</ownerDesignName>
<importedID>26F857A2-FF80-46C6-8221-19CE7B208C1C</importedID>
<referredTableLongName>Media</referredTableLongName>
<deleteRule>NO ACTION</deleteRule>
<referredTableID>8DA25D3C-C4AD-753C-CA9B-2AD6CD21758B</referredTableID>
<keyObject>8F4CBC8B-7B32-9BBA-52C2-DEC9701CA130</keyObject>
<referredKeyID>8F4CBC8B-7B32-9BBA-52C2-DEC9701CA130</referredKeyID>
<mandatory>true</mandatory>
<refColNames>ID_Media</refColNames>
<transferable>true</transferable>
<rely>false</rely>
<columnDependencyConstraintGenerateInDDL>true</columnDependencyConstraintGenerateInDDL>
</FKIndexAssociation>