<?xml version = '1.0' encoding = 'UTF-8'?>
<FKIndexAssociation class="oracle.dbtools.crest.model.design.relational.FKIndexAssociation" directorySegmentName="seg_0" id="B1794AB0-9C5F-4BC8-7333-C1767744B52C" containerWithKeyObject="2F2B2C0C-E74D-1845-1D18-B3AD15E16FBA" localFKIndex="F023624E-E1D0-1536-9B1B-8CFB87C4916A" name="Relation_11_Empleado_FK">
<createdBy>xrpp</createdBy>
<createdTime>2022-11-21 19:27:01 UTC</createdTime>
<generatorID>6AC6E6A8-295E-6341-4729-A6E7876182DF</generatorID>
<ownerDesignName>YH_magement</ownerDesignName>
<importedID>D1C23280-B164-ADC6-CA1F-B8302DB17DC6</importedID>
<referredTableLongName>Empleado</referredTableLongName>
<deleteRule>NO ACTION</deleteRule>
<referredTableID>55833BD8-053A-5092-814E-176F7906BB16</referredTableID>
<keyObject>17511C16-1D53-F78A-FF92-20FA3B051AFC</keyObject>
<referredKeyID>17511C16-1D53-F78A-FF92-20FA3B051AFC</referredKeyID>
<mandatory>true</mandatory>
<refColNames>ID_empleado</refColNames>
<transferable>true</transferable>
<rely>false</rely>
<columnDependencyConstraintGenerateInDDL>true</columnDependencyConstraintGenerateInDDL>
</FKIndexAssociation>