<?xml version = '1.0' encoding = 'UTF-8'?>
<FKIndexAssociation class="oracle.dbtools.crest.model.design.relational.FKIndexAssociation" directorySegmentName="seg_0" id="B75706DB-15BC-BE2A-A0E0-CF58F84C4DA7" containerWithKeyObject="28052CB9-43B4-4F21-DAB5-AE0AD0C16551" localFKIndex="A1483680-BBD2-FABB-8C09-2461FCA45415" name="Representado_DatosPersonales_FK">
<createdBy>xrpp</createdBy>
<createdTime>2022-11-21 19:27:01 UTC</createdTime>
<generatorID>E626E66D-BDA0-42C3-F9DD-111712483BDE</generatorID>
<ownerDesignName>YH_magement</ownerDesignName>
<importedID>CCE65B9A-4CA4-5760-BEB1-E51C3A74528C</importedID>
<referredTableLongName>DatosPersonales</referredTableLongName>
<deleteRule>NO ACTION</deleteRule>
<referredTableID>B11E71E8-BEA2-6A85-28F0-78899862FB02</referredTableID>
<keyObject>E78501D7-D903-3D79-41CF-9BB9A639EC23</keyObject>
<referredKeyID>E78501D7-D903-3D79-41CF-9BB9A639EC23</referredKeyID>
<mandatory>true</mandatory>
<refColNames>DNI_NIE_NIF</refColNames>
<transferable>true</transferable>
<rely>false</rely>
<columnDependencyConstraintGenerateInDDL>true</columnDependencyConstraintGenerateInDDL>
</FKIndexAssociation>