<?xml version = '1.0' encoding = 'UTF-8'?>
<FKIndexAssociation class="oracle.dbtools.crest.model.design.relational.FKIndexAssociation" directorySegmentName="seg_0" id="BBF6BD89-F54F-B2DC-FDE2-9B290A8DBE82" containerWithKeyObject="DA8D6F9E-8BE0-14D4-71ED-78864D2F4EBC" localFKIndex="C9766896-EBF1-B786-E6AC-EEECA9AFF35A" name="Relation_15_Empleado_FK">
<createdBy>xrpp</createdBy>
<createdTime>2022-11-21 19:27:00 UTC</createdTime>
<generatorID>2F660879-D8FA-ADE1-9BEC-9C2016941F27</generatorID>
<ownerDesignName>YH_magement</ownerDesignName>
<importedID>12298442-165F-875A-92C2-A2372CA073F5</importedID>
<referredTableLongName>Empleado</referredTableLongName>
<deleteRule>NO ACTION</deleteRule>
<referredTableID>55833BD8-053A-5092-814E-176F7906BB16</referredTableID>
<keyObject>17511C16-1D53-F78A-FF92-20FA3B051AFC</keyObject>
<referredKeyID>17511C16-1D53-F78A-FF92-20FA3B051AFC</referredKeyID>
<mandatory>true</mandatory>
<refColNames>ID_empleado</refColNames>
<transferable>true</transferable>
<rely>false</rely>
<columnDependencyConstraintGenerateInDDL>true</columnDependencyConstraintGenerateInDDL>
</FKIndexAssociation>