<?xml version = '1.0' encoding = 'UTF-8'?>
<FKIndexAssociation class="oracle.dbtools.crest.model.design.relational.FKIndexAssociation" directorySegmentName="seg_0" id="CD98ABDE-C2E8-AB03-87B2-72A93009A11C" containerWithKeyObject="8DA25D3C-C4AD-753C-CA9B-2AD6CD21758B" localFKIndex="87CC4B3F-E46F-37E2-613F-4EF9552B374B" name="Media_Entrevista_FK">
<createdBy>xrpp</createdBy>
<createdTime>2022-11-21 19:27:01 UTC</createdTime>
<generatorID>948F0A99-035B-C1EE-1390-2BE77D61406C</generatorID>
<ownerDesignName>YH_magement</ownerDesignName>
<importedID>D1E1AE30-A526-FD23-6755-A44EB6DEB217</importedID>
<referredTableLongName>Entrevista</referredTableLongName>
<deleteRule>NO ACTION</deleteRule>
<referredTableID>8FD1B75F-1417-3B83-245C-CDB1DE5C4EF0</referredTableID>
<keyObject>EF36A566-6E71-1437-D151-79851884850A</keyObject>
<referredKeyID>EF36A566-6E71-1437-D151-79851884850A</referredKeyID>
<mandatory>true</mandatory>
<refColNames>ID_entrevista</refColNames>
<transferable>true</transferable>
<rely>false</rely>
<columnDependencyConstraintGenerateInDDL>true</columnDependencyConstraintGenerateInDDL>
</FKIndexAssociation>