<?xml version = '1.0' encoding = 'UTF-8'?>
<FKIndexAssociation class="oracle.dbtools.crest.model.design.relational.FKIndexAssociation" directorySegmentName="seg_0" id="D70BA43F-FD6A-AF7A-6AE2-9B9AF0EB3260" containerWithKeyObject="555E5B8B-2775-E04F-24EA-DB5C35767D96" localFKIndex="878312C9-33F4-4428-4EE8-D40C6D236028" name="Relation_12_Evento_FK">
<createdBy>xrpp</createdBy>
<createdTime>2022-11-21 19:27:01 UTC</createdTime>
<generatorID>1BD8585D-8E37-B125-D521-9A7C0E7E4D00</generatorID>
<ownerDesignName>YH_magement</ownerDesignName>
<importedID>F33FCC9F-3404-025E-61E3-E05CE294628E</importedID>
<referredTableLongName>Evento</referredTableLongName>
<deleteRule>NO ACTION</deleteRule>
<referredTableID>F1966D23-681F-75A1-985E-B8038426B40A</referredTableID>
<keyObject>31BA4862-A063-0EE4-B06C-11852193908E</keyObject>
<referredKeyID>31BA4862-A063-0EE4-B06C-11852193908E</referredKeyID>
<mandatory>true</mandatory>
<refColNames>ID</refColNames>
<transferable>true</transferable>
<rely>false</rely>
<columnDependencyConstraintGenerateInDDL>true</columnDependencyConstraintGenerateInDDL>
</FKIndexAssociation>