<?xml version = '1.0' encoding = 'UTF-8'?>
<FKIndexAssociation class="oracle.dbtools.crest.model.design.relational.FKIndexAssociation" directorySegmentName="seg_0" id="EE53A811-2F65-D61A-D800-A0EC2F75A7CE" containerWithKeyObject="F541BB3D-98E6-BC1A-68A5-DBF6CA537FAD" localFKIndex="1245DCC1-353F-89E2-D3AA-B864B8E47D63" name="Relation_6_Evento_FK">
<createdBy>xrpp</createdBy>
<createdTime>2022-11-21 19:27:00 UTC</createdTime>
<generatorID>59015E42-1DDC-B313-CEDC-818CB70DE24C</generatorID>
<ownerDesignName>YH_magement</ownerDesignName>
<importedID>248A9975-A45C-93BA-F1F5-901EEDF21F28</importedID>
<referredTableLongName>Evento</referredTableLongName>
<deleteRule>NO ACTION</deleteRule>
<referredTableID>F1966D23-681F-75A1-985E-B8038426B40A</referredTableID>
<keyObject>31BA4862-A063-0EE4-B06C-11852193908E</keyObject>
<referredKeyID>31BA4862-A063-0EE4-B06C-11852193908E</referredKeyID>
<mandatory>true</mandatory>
<refColNames>ID</refColNames>
<transferable>true</transferable>
<rely>false</rely>
<columnDependencyConstraintGenerateInDDL>true</columnDependencyConstraintGenerateInDDL>
</FKIndexAssociation>