<?xml version = '1.0' encoding = 'UTF-8'?>
<FKIndexAssociation class="oracle.dbtools.crest.model.design.relational.FKIndexAssociation" directorySegmentName="seg_0" id="F17E12EE-8DA4-E7A7-C9FB-D3AFB03469FD" containerWithKeyObject="28052CB9-43B4-4F21-DAB5-AE0AD0C16551" localFKIndex="0B690A24-723F-26DE-6F8F-38D8283709CB" name="Representado_Medidas_FK">
<createdBy>xrpp</createdBy>
<createdTime>2022-11-21 19:27:00 UTC</createdTime>
<generatorID>EE2F3E29-9790-514F-930E-E714354A05AA</generatorID>
<ownerDesignName>YH_magement</ownerDesignName>
<importedID>C375180C-64D1-E3A4-35EF-1A49D77430EE</importedID>
<referredTableLongName>Medidas</referredTableLongName>
<deleteRule>NO ACTION</deleteRule>
<referredTableID>B01099E2-510E-5151-C8FA-EB3397BEE2B1</referredTableID>
<keyObject>635D676B-EB28-C511-19DD-1397FDC42F5E</keyObject>
<referredKeyID>635D676B-EB28-C511-19DD-1397FDC42F5E</referredKeyID>
<mandatory>true</mandatory>
<refColNames>ID_med</refColNames>
<transferable>true</transferable>
<rely>false</rely>
<columnDependencyConstraintGenerateInDDL>true</columnDependencyConstraintGenerateInDDL>
</FKIndexAssociation>