<?xml version = '1.0' encoding = 'UTF-8'?>
<FKIndexAssociation class="oracle.dbtools.crest.model.design.relational.FKIndexAssociation" directorySegmentName="seg_0" id="F278CBBB-54C0-3DC7-A56A-1CBD0CCF0629" containerWithKeyObject="0DE81B72-F0C4-221C-FF81-4E706958B9AD" localFKIndex="41B82009-045E-788F-3DF3-73BB525CF1DD" name="Relation_13_Representado_FK">
<createdBy>xrpp</createdBy>
<createdTime>2022-11-21 19:27:00 UTC</createdTime>
<generatorID>5E53B8EC-CA03-4D9F-CBAB-D11E886FB980</generatorID>
<ownerDesignName>YH_magement</ownerDesignName>
<importedID>6F4DE2E9-DA60-2F57-A497-9BC44EE1DCFC</importedID>
<referredTableLongName>Representado</referredTableLongName>
<deleteRule>NO ACTION</deleteRule>
<referredTableID>28052CB9-43B4-4F21-DAB5-AE0AD0C16551</referredTableID>
<keyObject>86CD008C-CEF0-CE18-DF22-DDF7C9D75054</keyObject>
<referredKeyID>86CD008C-CEF0-CE18-DF22-DDF7C9D75054</referredKeyID>
<mandatory>true</mandatory>
<refColNames>ID</refColNames>
<transferable>true</transferable>
<rely>false</rely>
<columnDependencyConstraintGenerateInDDL>true</columnDependencyConstraintGenerateInDDL>
</FKIndexAssociation>