<?xml version = '1.0' encoding = 'UTF-8'?>
<Entity class="oracle.dbtools.crest.model.design.logical.Entity" directorySegmentName="seg_0" id="5DABAC91-EFB3-A4E4-9D38-72BCBD0844AD" name="Media">
<createdBy>xrpp</createdBy>
<createdTime>2022-11-21 20:44:42 UTC</createdTime>
<ownerDesignName>YH_magement2</ownerDesignName>
<importedID>9D047B1C-7B16-6788-B48B-C5A4D5897EDC</importedID>
<engineerTo>
<item key="FD9053E3-285A-C78B-711E-AB6DF213423D" value="true"/>
<item key="2083285E-6096-863F-71F1-762BE2E131B4" value="true"/>
<item key="722A7C5B-3134-D7AE-F396-EAF55FF42B15" value="true"/>
</engineerTo>
<adequatelyNormalized>NO</adequatelyNormalized>
<expectedVolumes>0</expectedVolumes>
<fwdEngineeringStrategyName>Single Table</fwdEngineeringStrategyName>
<growthPercent>0</growthPercent>
<growthType>Year</growthType>
<maxVolumes>9999999</maxVolumes>
<minVolumes>0</minVolumes>
<normalForm>Third</normalForm>
<attributes itemClass="oracle.dbtools.crest.model.design.logical.Attribute">
<Attribute name="ID_Media" id="B55DA04F-7B84-E584-C0F5-9D00FBDE6DA8">
<createdBy>xrpp</createdBy>
<createdTime>2022-11-21 20:44:42 UTC</createdTime>
<ownerDesignName>YH_magement2</ownerDesignName>
<importedID>401B4C53-18AC-0995-80B1-AC8281EC5D69</importedID>
<engineerTo>
<item key="FD9053E3-285A-C78B-711E-AB6DF213423D" value="true"/>
<item key="2083285E-6096-863F-71F1-762BE2E131B4" value="true"/>
<item key="722A7C5B-3134-D7AE-F396-EAF55FF42B15" value="true"/>
</engineerTo>
<useDomainConstraints>false</useDomainConstraints>
<use>1</use>
<logicalDatatype>LOGDT011</logicalDatatype>
<ownDataTypeParameters>,,</ownDataTypeParameters>
</Attribute>
<Attribute name="Fotos" id="AAFD3151-A565-E261-AEF8-D0F32E7AA19B">
<createdBy>xrpp</createdBy>
<createdTime>2022-11-21 20:44:42 UTC</createdTime>
<ownerDesignName>YH_magement2</ownerDesignName>
<importedID>405A6A14-B490-74CE-0BA7-7CAB6AF0CACC</importedID>
<engineerTo>
<item key="FD9053E3-285A-C78B-711E-AB6DF213423D" value="true"/>
<item key="2083285E-6096-863F-71F1-762BE2E131B4" value="true"/>
<item key="722A7C5B-3134-D7AE-F396-EAF55FF42B15" value="true"/>
</engineerTo>
<useDomainConstraints>false</useDomainConstraints>
<use>1</use>
<logicalDatatype>LOGDT024</logicalDatatype>
<dataTypeSize>200</dataTypeSize>
<ownDataTypeParameters>200,,</ownDataTypeParameters>
</Attribute>
<Attribute name="Videos" id="4075C690-3570-167F-CE9B-388640D3F0EE">
<createdBy>xrpp</createdBy>
<createdTime>2022-11-21 20:44:42 UTC</createdTime>
<ownerDesignName>YH_magement2</ownerDesignName>
<importedID>916951EC-BA83-7D2E-184F-F81D6150F4F6</importedID>
<engineerTo>
<item key="FD9053E3-285A-C78B-711E-AB6DF213423D" value="true"/>
<item key="2083285E-6096-863F-71F1-762BE2E131B4" value="true"/>
<item key="722A7C5B-3134-D7AE-F396-EAF55FF42B15" value="true"/>
</engineerTo>
<nullsAllowed>true</nullsAllowed>
<useDomainConstraints>false</useDomainConstraints>
<use>1</use>
<logicalDatatype>LOGDT024</logicalDatatype>
<dataTypeSize>200</dataTypeSize>
<ownDataTypeParameters>200,,</ownDataTypeParameters>
</Attribute>
<Attribute name="Redes_sociales" id="D076A99A-0526-16A7-96D9-0558265D0F4F">
<createdBy>xrpp</createdBy>
<createdTime>2022-11-21 20:44:42 UTC</createdTime>
<ownerDesignName>YH_magement2</ownerDesignName>
<importedID>614CEDA5-9ABF-B350-9383-B5D6FAF4AEBD</importedID>
<engineerTo>
<item key="FD9053E3-285A-C78B-711E-AB6DF213423D" value="true"/>
<item key="2083285E-6096-863F-71F1-762BE2E131B4" value="true"/>
<item key="722A7C5B-3134-D7AE-F396-EAF55FF42B15" value="true"/>
</engineerTo>
<useDomainConstraints>false</useDomainConstraints>
<use>1</use>
<logicalDatatype>LOGDT024</logicalDatatype>
<dataTypeSize>255</dataTypeSize>
<ownDataTypeParameters>255,,</ownDataTypeParameters>
</Attribute>
<Attribute name="ID_entrevista" id="F6B7E1F7-F38F-93F0-F203-F0B457258E9F">
<createdBy>xrpp</createdBy>
<createdTime>2022-11-21 20:44:42 UTC</createdTime>
<generatorID>2DA833D0-D5C1-AE18-D97C-ABA81AC45DF4</generatorID>
<ownerDesignName>YH_magement2</ownerDesignName>
<importedID>48C87D8D-FF7E-D5DA-9DEB-DA164B343F4B</importedID>
<engineerTo>
<item key="FD9053E3-285A-C78B-711E-AB6DF213423D" value="true"/>
<item key="2083285E-6096-863F-71F1-762BE2E131B4" value="true"/>
<item key="722A7C5B-3134-D7AE-F396-EAF55FF42B15" value="true"/>
</engineerTo>
<referedAttribute>A2F81F5D-8684-2503-6FEA-02BFDC7B5CF3</referedAttribute>
<useDomainConstraints>false</useDomainConstraints>
<use>1</use>
<logicalDatatype>LOGDT011</logicalDatatype>
<ownDataTypeParameters>,,</ownDataTypeParameters>
</Attribute>
</attributes>
<identifiers itemClass="oracle.dbtools.crest.model.design.logical.CandidateKey">
<identifier id="BC484AAF-160E-C9C2-BE70-CD6A66F20F9F" name="Media PK">
<createdBy>xrpp</createdBy>
<createdTime>2022-11-21 20:44:42 UTC</createdTime>
<ownerDesignName>YH_magement2</ownerDesignName>
<importedID>707BAF55-1796-B12F-C688-F3D375ECD8B3</importedID>
<engineerTo>
<item key="FD9053E3-285A-C78B-711E-AB6DF213423D" value="true"/>
<item key="2083285E-6096-863F-71F1-762BE2E131B4" value="true"/>
<item key="722A7C5B-3134-D7AE-F396-EAF55FF42B15" value="true"/>
</engineerTo>
<pk>true</pk>
<usedAttributes>
<attributeRef>B55DA04F-7B84-E584-C0F5-9D00FBDE6DA8</attributeRef>
</usedAttributes>
</identifier>
</identifiers>
</Entity>