<?xml version = '1.0' encoding = 'UTF-8'?>
<Relation class="oracle.dbtools.crest.model.design.logical.Relation" name="Relation_4" directorySegmentName="seg_0" id="2DA833D0-D5C1-AE18-D97C-ABA81AC45DF4">
<createdBy>xrpp</createdBy>
<createdTime>2022-11-21 20:44:42 UTC</createdTime>
<ownerDesignName>YH_magement2</ownerDesignName>
<importedID>948F0A99-035B-C1EE-1390-2BE77D61406C</importedID>
<engineerTo>
<item key="FD9053E3-285A-C78B-711E-AB6DF213423D" value="true"/>
<item key="2083285E-6096-863F-71F1-762BE2E131B4" value="true"/>
<item key="722A7C5B-3134-D7AE-F396-EAF55FF42B15" value="true"/>
</engineerTo>
<sourcePk>399BAF3F-4880-498D-3211-4B66C56628EF</sourcePk>
<identifying>false</identifying>
<optionalSource>true</optionalSource>
<optionalTarget>false</optionalTarget>
<sourceCardinality>1</sourceCardinality>
<sourceEntity>56F1A3B9-DA55-BAAF-E968-41050B6A0E78</sourceEntity>
<targetCardinalityString>*</targetCardinalityString>
<targetEntity>5DABAC91-EFB3-A4E4-9D38-72BCBD0844AD</targetEntity>
<transferable>true</transferable>
<deleteRule>NO ACTION</deleteRule>
</Relation>