<?xml version = '1.0' encoding = 'UTF-8'?>
<Relation class="oracle.dbtools.crest.model.design.logical.Relation" name="Relation_2" directorySegmentName="seg_0" id="70154A36-0C9E-C9A8-1054-A93ED642DE0A">
<createdBy>xrpp</createdBy>
<createdTime>2022-11-21 20:44:42 UTC</createdTime>
<ownerDesignName>YH_magement2</ownerDesignName>
<importedID>EE2F3E29-9790-514F-930E-E714354A05AA</importedID>
<engineerTo>
<item key="FD9053E3-285A-C78B-711E-AB6DF213423D" value="true"/>
<item key="2083285E-6096-863F-71F1-762BE2E131B4" value="true"/>
<item key="722A7C5B-3134-D7AE-F396-EAF55FF42B15" value="true"/>
</engineerTo>
<sourcePk>0E65B2BE-57BD-E1B9-0299-E314556A575B</sourcePk>
<identifying>false</identifying>
<optionalSource>true</optionalSource>
<optionalTarget>false</optionalTarget>
<sourceCardinality>1</sourceCardinality>
<sourceEntity>0CB00105-9701-9EBF-C56A-71514ACC19F0</sourceEntity>
<targetCardinalityString>*</targetCardinalityString>
<targetEntity>0FD719CC-60A7-A169-E8DB-3C138A21CDD0</targetEntity>
<transferable>true</transferable>
<deleteRule>NO ACTION</deleteRule>
</Relation>