<?xml version = '1.0' encoding = 'UTF-8'?>
<Relation class="oracle.dbtools.crest.model.design.logical.Relation" name="Relation_8" directorySegmentName="seg_0" id="AB9D42C0-BEBB-F64B-ECCB-C3EDE7098F8F">
<createdBy>xrpp</createdBy>
<createdTime>2022-11-21 20:44:42 UTC</createdTime>
<ownerDesignName>YH_magement2</ownerDesignName>
<importedID>926778D4-87C2-44C5-66A8-A2DC85A0C25A</importedID>
<engineerTo>
<item key="FD9053E3-285A-C78B-711E-AB6DF213423D" value="true"/>
<item key="2083285E-6096-863F-71F1-762BE2E131B4" value="true"/>
<item key="722A7C5B-3134-D7AE-F396-EAF55FF42B15" value="true"/>
</engineerTo>
<sourcePk>3127C71A-42E3-D605-CEF2-1658DCDEAD1D</sourcePk>
<targetPk>86D1D319-77E9-D23A-0525-9899559FD3CF</targetPk>
<identifying>false</identifying>
<optionalSource>true</optionalSource>
<optionalTarget>false</optionalTarget>
<sourceCardinality>*</sourceCardinality>
<sourceEntity>E9186401-5BBE-74CE-CC97-4E00491148B1</sourceEntity>
<targetCardinalityString>1</targetCardinalityString>
<targetEntity>4501E951-4788-33C6-5606-ABD3AE697174</targetEntity>
<transferable>true</transferable>
<deleteRule>NO ACTION</deleteRule>
</Relation>