<?xml version = '1.0' encoding = 'UTF-8'?>
<Relation class="oracle.dbtools.crest.model.design.logical.Relation" name="Relation_9" directorySegmentName="seg_0" id="D6207D07-D939-99B5-ECFB-985C85EA4348">
<createdBy>xrpp</createdBy>
<createdTime>2022-11-21 20:44:42 UTC</createdTime>
<ownerDesignName>YH_magement2</ownerDesignName>
<importedID>99E4DE16-F38D-1655-7F32-9DC3AAA71BE5</importedID>
<engineerTo>
<item key="FD9053E3-285A-C78B-711E-AB6DF213423D" value="true"/>
<item key="2083285E-6096-863F-71F1-762BE2E131B4" value="true"/>
<item key="722A7C5B-3134-D7AE-F396-EAF55FF42B15" value="true"/>
</engineerTo>
<sourcePk>7D88CFF6-4CB7-6CD8-D9B6-E935E0DD62E0</sourcePk>
<targetPk>86D1D319-77E9-D23A-0525-9899559FD3CF</targetPk>
<identifying>false</identifying>
<optionalSource>true</optionalSource>
<optionalTarget>false</optionalTarget>
<sourceCardinality>*</sourceCardinality>
<sourceEntity>00A05F8D-FC10-75FC-4E74-B4C83D4B5551</sourceEntity>
<targetCardinalityString>1</targetCardinalityString>
<targetEntity>4501E951-4788-33C6-5606-ABD3AE697174</targetEntity>
<transferable>true</transferable>
<deleteRule>NO ACTION</deleteRule>
</Relation>