<?xml version = '1.0' encoding = 'UTF-8'?>
<Relation class="oracle.dbtools.crest.model.design.logical.Relation" name="Relation_5" directorySegmentName="seg_0" id="F02DEEDC-D9FB-56AD-24A6-A40AE447B905">
<createdBy>xrpp</createdBy>
<createdTime>2022-11-21 20:44:42 UTC</createdTime>
<ownerDesignName>YH_magement2</ownerDesignName>
<importedID>F3FCFBE4-EF76-1F18-D876-505EF0A4B719</importedID>
<engineerTo>
<item key="FD9053E3-285A-C78B-711E-AB6DF213423D" value="true"/>
<item key="2083285E-6096-863F-71F1-762BE2E131B4" value="true"/>
<item key="722A7C5B-3134-D7AE-F396-EAF55FF42B15" value="true"/>
</engineerTo>
<sourcePk>BC484AAF-160E-C9C2-BE70-CD6A66F20F9F</sourcePk>
<identifying>false</identifying>
<optionalSource>true</optionalSource>
<optionalTarget>false</optionalTarget>
<sourceCardinality>1</sourceCardinality>
<sourceEntity>5DABAC91-EFB3-A4E4-9D38-72BCBD0844AD</sourceEntity>
<targetCardinalityString>*</targetCardinalityString>
<targetEntity>0FD719CC-60A7-A169-E8DB-3C138A21CDD0</targetEntity>
<transferable>true</transferable>
<deleteRule>NO ACTION</deleteRule>
</Relation>