<?xml version = '1.0' encoding = 'UTF-8'?>
<relationalModel class="oracle.dbtools.crest.model.design.relational.RelationalDesign" name="Relational_1(2)" id="102C726D-E865-C16E-1A3E-68C24D8F16E6" mainViewID="6FB9A30F-D6C9-D5AB-9594-9A56C9F0BABF">
<createdBy>xrpp</createdBy>
<createdTime>2022-11-21 19:26:55 UTC</createdTime>
<ownerDesignName>YH_magement</ownerDesignName>
<shouldBeOpen>false</shouldBeOpen>
<selectedRDBMSSite>32076570-2523-435C-2E92-BF29817DFF70</selectedRDBMSSite>
</relationalModel>