<?xml version = '1.0' encoding = 'UTF-8'?>
<FKIndexAssociation class="oracle.dbtools.crest.model.design.relational.FKIndexAssociation" directorySegmentName="seg_0" id="06C374DB-153B-D936-5A9A-E24FF2EB5CC5" containerWithKeyObject="85A72F6C-565E-02B0-32D8-8097A27DBE3E" localFKIndex="F14859D6-2A7B-1058-0739-81E85186F6E2" name="Relation_13_Representado_FK">
<createdBy>xrpp</createdBy>
<createdTime>2022-11-21 20:44:42 UTC</createdTime>
<generatorID>BBC1A3A4-7322-6325-AB2C-8DB7E0EFCB60</generatorID>
<ownerDesignName>YH_magement2</ownerDesignName>
<importedID>F278CBBB-54C0-3DC7-A56A-1CBD0CCF0629</importedID>
<referredTableLongName>Representado</referredTableLongName>
<deleteRule>NO ACTION</deleteRule>
<referredTableID>C97B8862-6C3A-0D68-860F-FDE85E6373D6</referredTableID>
<keyObject>A0461052-A4D5-6B6A-5121-B18B003057AD</keyObject>
<referredKeyID>A0461052-A4D5-6B6A-5121-B18B003057AD</referredKeyID>
<mandatory>true</mandatory>
<refColNames>ID</refColNames>
<transferable>true</transferable>
<rely>false</rely>
<columnDependencyConstraintGenerateInDDL>true</columnDependencyConstraintGenerateInDDL>
</FKIndexAssociation>