<?xml version = '1.0' encoding = 'UTF-8'?>
<FKIndexAssociation class="oracle.dbtools.crest.model.design.relational.FKIndexAssociation" directorySegmentName="seg_0" id="0AFE6012-A873-2305-0DC6-DACD53258CC0" containerWithKeyObject="85A72F6C-565E-02B0-32D8-8097A27DBE3E" localFKIndex="E3B94EBD-6E1D-A741-9975-592C1B926D30" name="Relation_13_Asiento_Caja_FK">
<createdBy>xrpp</createdBy>
<createdTime>2022-11-21 20:44:42 UTC</createdTime>
<generatorID>BBC1A3A4-7322-6325-AB2C-8DB7E0EFCB60</generatorID>
<ownerDesignName>YH_magement2</ownerDesignName>
<importedID>5D369034-1015-3BA4-9BB5-9E9E6D279409</importedID>
<referredTableLongName>Operacion_Caja</referredTableLongName>
<deleteRule>NO ACTION</deleteRule>
<referredTableID>FDA73B72-02B9-4DE0-7828-F73A550D2736</referredTableID>
<keyObject>4D89F528-4BEE-F448-2626-071F827CF958</keyObject>
<referredKeyID>4D89F528-4BEE-F448-2626-071F827CF958</referredKeyID>
<mandatory>true</mandatory>
<refColNames>ID</refColNames>
<transferable>true</transferable>
<rely>false</rely>
<columnDependencyConstraintGenerateInDDL>true</columnDependencyConstraintGenerateInDDL>
</FKIndexAssociation>