<?xml version = '1.0' encoding = 'UTF-8'?>
<FKIndexAssociation class="oracle.dbtools.crest.model.design.relational.FKIndexAssociation" directorySegmentName="seg_0" id="1EAA79C6-3C3E-B3FE-5147-FF48B2B7B060" containerWithKeyObject="C97B8862-6C3A-0D68-860F-FDE85E6373D6" localFKIndex="1317C2AB-133F-0DA9-A401-C8C64D4B7B8E" name="Representado_Media_FK">
<createdBy>xrpp</createdBy>
<createdTime>2022-11-21 20:44:42 UTC</createdTime>
<generatorID>F02DEEDC-D9FB-56AD-24A6-A40AE447B905</generatorID>
<ownerDesignName>YH_magement2</ownerDesignName>
<importedID>914A2C90-93BB-279F-1640-E8ABF2CE805E</importedID>
<referredTableLongName>Media</referredTableLongName>
<deleteRule>NO ACTION</deleteRule>
<referredTableID>41872413-1628-9970-19F7-ABF5A67840F2</referredTableID>
<keyObject>3EBA094F-D199-1298-4472-1EE86FF0654E</keyObject>
<referredKeyID>3EBA094F-D199-1298-4472-1EE86FF0654E</referredKeyID>
<mandatory>true</mandatory>
<refColNames>ID_Media</refColNames>
<transferable>true</transferable>
<rely>false</rely>
<columnDependencyConstraintGenerateInDDL>true</columnDependencyConstraintGenerateInDDL>
</FKIndexAssociation>