<?xml version = '1.0' encoding = 'UTF-8'?>
<FKIndexAssociation class="oracle.dbtools.crest.model.design.relational.FKIndexAssociation" directorySegmentName="seg_0" id="2481040B-48F3-8E6D-6B96-D61F1FCAFACB" containerWithKeyObject="D1A69E62-8F89-E9D5-E5A5-3622E1B01CDF" localFKIndex="6AC609AA-7A5C-2DC9-2AA1-F1D6425053CC" name="Relation_6_Representado_FK">
<createdBy>xrpp</createdBy>
<createdTime>2022-11-21 20:44:42 UTC</createdTime>
<generatorID>26926CFA-2132-DEB5-4E4A-77BB1F6D4FD2</generatorID>
<ownerDesignName>YH_magement2</ownerDesignName>
<importedID>2C1DE513-57D9-B6C8-9679-49E770ECE120</importedID>
<referredTableLongName>Representado</referredTableLongName>
<deleteRule>NO ACTION</deleteRule>
<referredTableID>C97B8862-6C3A-0D68-860F-FDE85E6373D6</referredTableID>
<keyObject>A0461052-A4D5-6B6A-5121-B18B003057AD</keyObject>
<referredKeyID>A0461052-A4D5-6B6A-5121-B18B003057AD</referredKeyID>
<mandatory>true</mandatory>
<refColNames>ID</refColNames>
<transferable>true</transferable>
<rely>false</rely>
<columnDependencyConstraintGenerateInDDL>true</columnDependencyConstraintGenerateInDDL>
</FKIndexAssociation>