<?xml version = '1.0' encoding = 'UTF-8'?>
<FKIndexAssociation class="oracle.dbtools.crest.model.design.relational.FKIndexAssociation" directorySegmentName="seg_0" id="3485126F-0B29-0570-AFBE-EEBDA5E4A73A" containerWithKeyObject="F5BF9729-7A4C-6601-2672-01ED8A6503DD" localFKIndex="F8CFC2B4-23BE-B8D9-0369-A28E1991E9BE" name="Relation_14_Colaborador_FK">
<createdBy>xrpp</createdBy>
<createdTime>2022-11-21 20:44:42 UTC</createdTime>
<generatorID>990D30DC-DB36-70DE-25F7-D5C856755470</generatorID>
<ownerDesignName>YH_magement2</ownerDesignName>
<importedID>0955AC60-4826-6F1F-630B-9E3E045B0C7C</importedID>
<referredTableLongName>Colaborador</referredTableLongName>
<deleteRule>NO ACTION</deleteRule>
<referredTableID>1C1ED955-3AEE-2F52-B206-7B1342679898</referredTableID>
<keyObject>466F4E59-A919-83B2-BA95-FE486BB2FF74</keyObject>
<referredKeyID>466F4E59-A919-83B2-BA95-FE486BB2FF74</referredKeyID>
<mandatory>true</mandatory>
<refColNames>ID_colaborador</refColNames>
<transferable>true</transferable>
<rely>false</rely>
<columnDependencyConstraintGenerateInDDL>true</columnDependencyConstraintGenerateInDDL>
</FKIndexAssociation>