<?xml version = '1.0' encoding = 'UTF-8'?>
<FKIndexAssociation class="oracle.dbtools.crest.model.design.relational.FKIndexAssociation" directorySegmentName="seg_0" id="4599A675-18E1-8A40-743D-0CE503D591EF" containerWithKeyObject="F5BF9729-7A4C-6601-2672-01ED8A6503DD" localFKIndex="5B403F09-73D9-44FE-7749-24953ABBA718" name="Relation_14_Asiento_Caja_FK">
<createdBy>xrpp</createdBy>
<createdTime>2022-11-21 20:44:42 UTC</createdTime>
<generatorID>990D30DC-DB36-70DE-25F7-D5C856755470</generatorID>
<ownerDesignName>YH_magement2</ownerDesignName>
<importedID>2C3CC3C5-48DD-CCEE-F74D-A95D3512A57B</importedID>
<referredTableLongName>Operacion_Caja</referredTableLongName>
<deleteRule>NO ACTION</deleteRule>
<referredTableID>FDA73B72-02B9-4DE0-7828-F73A550D2736</referredTableID>
<keyObject>4D89F528-4BEE-F448-2626-071F827CF958</keyObject>
<referredKeyID>4D89F528-4BEE-F448-2626-071F827CF958</referredKeyID>
<mandatory>true</mandatory>
<refColNames>ID</refColNames>
<transferable>true</transferable>
<rely>false</rely>
<columnDependencyConstraintGenerateInDDL>true</columnDependencyConstraintGenerateInDDL>
</FKIndexAssociation>