<?xml version = '1.0' encoding = 'UTF-8'?>
<FKIndexAssociation class="oracle.dbtools.crest.model.design.relational.FKIndexAssociation" directorySegmentName="seg_0" id="5A20D809-ADF0-C11E-C571-03EB7D957354" containerWithKeyObject="C97B8862-6C3A-0D68-860F-FDE85E6373D6" localFKIndex="C50EBFEA-AC80-C2FE-7BB8-FF2D784C7316" name="Representado_Aptitudes_FK">
<createdBy>xrpp</createdBy>
<createdTime>2022-11-21 20:44:42 UTC</createdTime>
<generatorID>20A02AF6-4053-FB6C-4269-21212DB94AF5</generatorID>
<ownerDesignName>YH_magement2</ownerDesignName>
<importedID>90EC9FAC-6AF3-FA9E-3A3D-E86DEA4D3BA4</importedID>
<referredTableLongName>Aptitudes</referredTableLongName>
<deleteRule>NO ACTION</deleteRule>
<referredTableID>2E3E09DB-3EFA-D77C-82C7-64CD16D38546</referredTableID>
<keyObject>0B6C8362-9293-5A10-60BB-3496D83FB6C0</keyObject>
<referredKeyID>0B6C8362-9293-5A10-60BB-3496D83FB6C0</referredKeyID>
<mandatory>true</mandatory>
<refColNames>ID_apt</refColNames>
<transferable>true</transferable>
<rely>false</rely>
<columnDependencyConstraintGenerateInDDL>true</columnDependencyConstraintGenerateInDDL>
</FKIndexAssociation>