<?xml version = '1.0' encoding = 'UTF-8'?>
<FKIndexAssociation class="oracle.dbtools.crest.model.design.relational.FKIndexAssociation" directorySegmentName="seg_0" id="5C49F3DA-F54C-1503-DF58-A220D8BE26DF" containerWithKeyObject="1C1ED955-3AEE-2F52-B206-7B1342679898" localFKIndex="A1F6BD27-B762-8FC2-CD8D-A1C4A43A0813" name="Colaborador_DatosPersonales_FK">
<createdBy>xrpp</createdBy>
<createdTime>2022-11-21 20:44:42 UTC</createdTime>
<generatorID>89A57309-0274-72DD-BA8C-B5764679C77E</generatorID>
<ownerDesignName>YH_magement2</ownerDesignName>
<importedID>2C262C1E-8033-FE0C-B1CC-6E522AAB74C2</importedID>
<referredTableLongName>DatosPersonales</referredTableLongName>
<deleteRule>NO ACTION</deleteRule>
<referredTableID>28E4D22E-B291-935E-CEF8-38AA644D4F04</referredTableID>
<keyObject>D3CA84C0-4779-CDE8-6643-B887F730358A</keyObject>
<referredKeyID>D3CA84C0-4779-CDE8-6643-B887F730358A</referredKeyID>
<mandatory>true</mandatory>
<refColNames>DNI_NIE_NIF</refColNames>
<transferable>true</transferable>
<rely>false</rely>
<columnDependencyConstraintGenerateInDDL>true</columnDependencyConstraintGenerateInDDL>
</FKIndexAssociation>