<?xml version = '1.0' encoding = 'UTF-8'?>
<FKIndexAssociation class="oracle.dbtools.crest.model.design.relational.FKIndexAssociation" directorySegmentName="seg_0" id="7DAF18FE-210B-0B01-6E47-5157116C889D" containerWithKeyObject="7E574610-0590-1C22-016F-72A85CC14B89" localFKIndex="263F2E1B-4A28-CAC1-0E20-1477920A8529" name="Relation_15_Asiento_Caja_FK">
<createdBy>xrpp</createdBy>
<createdTime>2022-11-21 20:44:42 UTC</createdTime>
<generatorID>5C1E511F-36DC-6A69-7C1B-57D8011C5179</generatorID>
<ownerDesignName>YH_magement2</ownerDesignName>
<importedID>4BD9C761-11FE-3D54-5C74-13806CCEF52B</importedID>
<referredTableLongName>Operacion_Caja</referredTableLongName>
<deleteRule>NO ACTION</deleteRule>
<referredTableID>FDA73B72-02B9-4DE0-7828-F73A550D2736</referredTableID>
<keyObject>4D89F528-4BEE-F448-2626-071F827CF958</keyObject>
<referredKeyID>4D89F528-4BEE-F448-2626-071F827CF958</referredKeyID>
<mandatory>true</mandatory>
<refColNames>ID</refColNames>
<transferable>true</transferable>
<rely>false</rely>
<columnDependencyConstraintGenerateInDDL>true</columnDependencyConstraintGenerateInDDL>
</FKIndexAssociation>