<?xml version = '1.0' encoding = 'UTF-8'?>
<FKIndexAssociation class="oracle.dbtools.crest.model.design.relational.FKIndexAssociation" directorySegmentName="seg_0" id="83E9F391-9CE7-246B-DC92-D01EA2663563" containerWithKeyObject="C20E6F62-8919-6346-0A4A-F45B93398329" localFKIndex="BA948283-1508-5F3A-C20D-7A83703CE9E1" name="Relation_11_Evento_FK">
<createdBy>xrpp</createdBy>
<createdTime>2022-11-21 20:44:42 UTC</createdTime>
<generatorID>2BB46ADD-A16A-2292-96B7-4F9C60A95DDC</generatorID>
<ownerDesignName>YH_magement2</ownerDesignName>
<importedID>74F612BE-3182-5B2F-4B0F-08A1DAFA0BDF</importedID>
<referredTableLongName>Evento</referredTableLongName>
<deleteRule>NO ACTION</deleteRule>
<referredTableID>F8EC15D8-060A-7D52-B484-815B55AB2977</referredTableID>
<keyObject>B412231A-1CB2-D7E7-9297-52C890558075</keyObject>
<referredKeyID>B412231A-1CB2-D7E7-9297-52C890558075</referredKeyID>
<mandatory>true</mandatory>
<refColNames>ID</refColNames>
<transferable>true</transferable>
<rely>false</rely>
<columnDependencyConstraintGenerateInDDL>true</columnDependencyConstraintGenerateInDDL>
</FKIndexAssociation>