<?xml version = '1.0' encoding = 'UTF-8'?>
<FKIndexAssociation class="oracle.dbtools.crest.model.design.relational.FKIndexAssociation" directorySegmentName="seg_0" id="86310993-5332-BE72-506A-E48DD49B78E7" containerWithKeyObject="891BCD93-10F4-0632-CBFE-A59643E973EA" localFKIndex="3B238D29-B465-DAF7-950E-6A984BB65C72" name="Relation_10_Evento_FK">
<createdBy>xrpp</createdBy>
<createdTime>2022-11-21 20:44:42 UTC</createdTime>
<generatorID>5A028D37-D94B-E39E-6DE6-379BE2CE2F42</generatorID>
<ownerDesignName>YH_magement2</ownerDesignName>
<importedID>8FB491E6-9785-1BF5-18CD-CD9068D796D0</importedID>
<referredTableLongName>Evento</referredTableLongName>
<deleteRule>NO ACTION</deleteRule>
<referredTableID>F8EC15D8-060A-7D52-B484-815B55AB2977</referredTableID>
<keyObject>B412231A-1CB2-D7E7-9297-52C890558075</keyObject>
<referredKeyID>B412231A-1CB2-D7E7-9297-52C890558075</referredKeyID>
<mandatory>true</mandatory>
<refColNames>ID</refColNames>
<transferable>true</transferable>
<rely>false</rely>
<columnDependencyConstraintGenerateInDDL>true</columnDependencyConstraintGenerateInDDL>
</FKIndexAssociation>