<?xml version = '1.0' encoding = 'UTF-8'?>
<FKIndexAssociation class="oracle.dbtools.crest.model.design.relational.FKIndexAssociation" directorySegmentName="seg_0" id="8777D66D-051B-5C60-BDF7-592809A3077E" containerWithKeyObject="15673572-19AE-5F71-4B89-8915546D9B0E" localFKIndex="2B91AF6F-1A74-6C1D-934B-7AD6503B4661" name="Relation_12_Cliente_FK">
<createdBy>xrpp</createdBy>
<createdTime>2022-11-21 20:44:42 UTC</createdTime>
<generatorID>495AB10A-254F-A7F8-664E-4A5522D4415F</generatorID>
<ownerDesignName>YH_magement2</ownerDesignName>
<importedID>1E15CE9D-5950-FEA1-11D7-7581474D13FC</importedID>
<referredTableLongName>Cliente</referredTableLongName>
<deleteRule>NO ACTION</deleteRule>
<referredTableID>5125F7FD-86B4-C82C-A159-1B8ED35E0AA3</referredTableID>
<keyObject>A8812BF3-7C26-609A-F2E1-B83F7B1E301F</keyObject>
<referredKeyID>A8812BF3-7C26-609A-F2E1-B83F7B1E301F</referredKeyID>
<mandatory>true</mandatory>
<refColNames>ID_cliente</refColNames>
<transferable>true</transferable>
<rely>false</rely>
<columnDependencyConstraintGenerateInDDL>true</columnDependencyConstraintGenerateInDDL>
</FKIndexAssociation>