<?xml version = '1.0' encoding = 'UTF-8'?>
<FKIndexAssociation class="oracle.dbtools.crest.model.design.relational.FKIndexAssociation" directorySegmentName="seg_0" id="AAFBAF8B-8261-4F3B-BAEC-10A392C53A8C" containerWithKeyObject="41872413-1628-9970-19F7-ABF5A67840F2" localFKIndex="B884FA0A-798F-F04B-ACD8-6FA5878649EB" name="Media_Entrevista_FK">
<createdBy>xrpp</createdBy>
<createdTime>2022-11-21 20:44:42 UTC</createdTime>
<generatorID>2DA833D0-D5C1-AE18-D97C-ABA81AC45DF4</generatorID>
<ownerDesignName>YH_magement2</ownerDesignName>
<importedID>CD98ABDE-C2E8-AB03-87B2-72A93009A11C</importedID>
<referredTableLongName>Entrevista</referredTableLongName>
<deleteRule>NO ACTION</deleteRule>
<referredTableID>7C629CBF-8FDF-B315-0E8A-ECF8519B04AE</referredTableID>
<keyObject>45502C0F-7A31-67FD-DD4B-0C158A448E36</keyObject>
<referredKeyID>45502C0F-7A31-67FD-DD4B-0C158A448E36</referredKeyID>
<mandatory>true</mandatory>
<refColNames>ID_entrevista</refColNames>
<transferable>true</transferable>
<rely>false</rely>
<columnDependencyConstraintGenerateInDDL>true</columnDependencyConstraintGenerateInDDL>
</FKIndexAssociation>