<?xml version = '1.0' encoding = 'UTF-8'?>
<FKIndexAssociation class="oracle.dbtools.crest.model.design.relational.FKIndexAssociation" directorySegmentName="seg_0" id="AC23471E-499D-ECA8-0913-2C448B71018E" containerWithKeyObject="2071207C-FD01-86A0-8CC5-FA38E1EFFB34" localFKIndex="DA8C6EFD-7135-8688-BF08-B1D065D67980" name="Relation_16_Asiento_Caja_FK">
<createdBy>xrpp</createdBy>
<createdTime>2022-11-21 20:44:42 UTC</createdTime>
<generatorID>E24752B3-026A-8D3C-907A-274D2F985946</generatorID>
<ownerDesignName>YH_magement2</ownerDesignName>
<importedID>42A35C17-58CE-DA1E-A4D9-3CCE422A69F5</importedID>
<referredTableLongName>Operacion_Caja</referredTableLongName>
<deleteRule>NO ACTION</deleteRule>
<referredTableID>FDA73B72-02B9-4DE0-7828-F73A550D2736</referredTableID>
<keyObject>4D89F528-4BEE-F448-2626-071F827CF958</keyObject>
<referredKeyID>4D89F528-4BEE-F448-2626-071F827CF958</referredKeyID>
<mandatory>true</mandatory>
<refColNames>ID</refColNames>
<transferable>true</transferable>
<rely>false</rely>
<columnDependencyConstraintGenerateInDDL>true</columnDependencyConstraintGenerateInDDL>
</FKIndexAssociation>