<?xml version = '1.0' encoding = 'UTF-8'?>
<FKIndexAssociation class="oracle.dbtools.crest.model.design.relational.FKIndexAssociation" directorySegmentName="seg_0" id="BBDF92F9-43C9-8EBB-7EE6-70A96B0BD53F" containerWithKeyObject="C97B8862-6C3A-0D68-860F-FDE85E6373D6" localFKIndex="FAA994B8-1B6A-44EE-99AB-955542C03A01" name="Representado_Medidas_FK">
<createdBy>xrpp</createdBy>
<createdTime>2022-11-21 20:44:42 UTC</createdTime>
<generatorID>70154A36-0C9E-C9A8-1054-A93ED642DE0A</generatorID>
<ownerDesignName>YH_magement2</ownerDesignName>
<importedID>F17E12EE-8DA4-E7A7-C9FB-D3AFB03469FD</importedID>
<referredTableLongName>Medidas</referredTableLongName>
<deleteRule>NO ACTION</deleteRule>
<referredTableID>07AF04C1-8950-3102-B7A3-6F1EBEAF52B2</referredTableID>
<keyObject>E62F204B-6194-AD7F-C1B4-E25DA8249D08</keyObject>
<referredKeyID>E62F204B-6194-AD7F-C1B4-E25DA8249D08</referredKeyID>
<mandatory>true</mandatory>
<refColNames>ID_med</refColNames>
<transferable>true</transferable>
<rely>false</rely>
<columnDependencyConstraintGenerateInDDL>true</columnDependencyConstraintGenerateInDDL>
</FKIndexAssociation>