<?xml version = '1.0' encoding = 'UTF-8'?>
<FKIndexAssociation class="oracle.dbtools.crest.model.design.relational.FKIndexAssociation" directorySegmentName="seg_0" id="BC02E59A-236A-411A-F63C-6820A4043EF2" containerWithKeyObject="C97B8862-6C3A-0D68-860F-FDE85E6373D6" localFKIndex="CB33E219-7828-EB83-0D94-82A3833714DB" name="Representado_DatosPersonales_FK">
<createdBy>xrpp</createdBy>
<createdTime>2022-11-21 20:44:42 UTC</createdTime>
<generatorID>1F9DB051-BA12-6C07-C121-C07C5ECB5205</generatorID>
<ownerDesignName>YH_magement2</ownerDesignName>
<importedID>B75706DB-15BC-BE2A-A0E0-CF58F84C4DA7</importedID>
<referredTableLongName>DatosPersonales</referredTableLongName>
<deleteRule>NO ACTION</deleteRule>
<referredTableID>28E4D22E-B291-935E-CEF8-38AA644D4F04</referredTableID>
<keyObject>D3CA84C0-4779-CDE8-6643-B887F730358A</keyObject>
<referredKeyID>D3CA84C0-4779-CDE8-6643-B887F730358A</referredKeyID>
<mandatory>true</mandatory>
<refColNames>DNI_NIE_NIF</refColNames>
<transferable>true</transferable>
<rely>false</rely>
<columnDependencyConstraintGenerateInDDL>true</columnDependencyConstraintGenerateInDDL>
</FKIndexAssociation>