<?xml version = '1.0' encoding = 'UTF-8'?>
<FKIndexAssociation class="oracle.dbtools.crest.model.design.relational.FKIndexAssociation" directorySegmentName="seg_0" id="C4CB3253-D18E-56E5-6503-6468854326AB" containerWithKeyObject="007AB498-1A60-B4E2-4B0F-8E0FA2D2A36F" localFKIndex="CE2E238E-7AF5-218C-EAAF-3DA155E6D078" name="Empleado_DatosPersonales_FK">
<createdBy>xrpp</createdBy>
<createdTime>2022-11-21 20:44:42 UTC</createdTime>
<generatorID>AB9D42C0-BEBB-F64B-ECCB-C3EDE7098F8F</generatorID>
<ownerDesignName>YH_magement2</ownerDesignName>
<importedID>523266AD-016E-F986-0211-6CB805AFC53B</importedID>
<referredTableLongName>DatosPersonales</referredTableLongName>
<deleteRule>NO ACTION</deleteRule>
<referredTableID>28E4D22E-B291-935E-CEF8-38AA644D4F04</referredTableID>
<keyObject>D3CA84C0-4779-CDE8-6643-B887F730358A</keyObject>
<referredKeyID>D3CA84C0-4779-CDE8-6643-B887F730358A</referredKeyID>
<mandatory>false</mandatory>
<refColNames>DNI_NIE_NIF</refColNames>
<transferable>true</transferable>
<rely>false</rely>
<columnDependencyConstraintGenerateInDDL>true</columnDependencyConstraintGenerateInDDL>
</FKIndexAssociation>