<?xml version = '1.0' encoding = 'UTF-8'?>
<FKIndexAssociation class="oracle.dbtools.crest.model.design.relational.FKIndexAssociation" directorySegmentName="seg_0" id="D1E35013-76EC-030B-D0B7-3640D143D9D6" containerWithKeyObject="D1A69E62-8F89-E9D5-E5A5-3622E1B01CDF" localFKIndex="4BE7EE1A-25C4-2B43-EAF6-0CF19A241459" name="Relation_6_Evento_FK">
<createdBy>xrpp</createdBy>
<createdTime>2022-11-21 20:44:42 UTC</createdTime>
<generatorID>26926CFA-2132-DEB5-4E4A-77BB1F6D4FD2</generatorID>
<ownerDesignName>YH_magement2</ownerDesignName>
<importedID>EE53A811-2F65-D61A-D800-A0EC2F75A7CE</importedID>
<referredTableLongName>Evento</referredTableLongName>
<deleteRule>NO ACTION</deleteRule>
<referredTableID>F8EC15D8-060A-7D52-B484-815B55AB2977</referredTableID>
<keyObject>B412231A-1CB2-D7E7-9297-52C890558075</keyObject>
<referredKeyID>B412231A-1CB2-D7E7-9297-52C890558075</referredKeyID>
<mandatory>true</mandatory>
<refColNames>ID</refColNames>
<transferable>true</transferable>
<rely>false</rely>
<columnDependencyConstraintGenerateInDDL>true</columnDependencyConstraintGenerateInDDL>
</FKIndexAssociation>