<?xml version = '1.0' encoding = 'UTF-8'?>
<FKIndexAssociation class="oracle.dbtools.crest.model.design.relational.FKIndexAssociation" directorySegmentName="seg_0" id="D4C68431-65A1-DC2B-5935-3B33F946B8E9" containerWithKeyObject="C20E6F62-8919-6346-0A4A-F45B93398329" localFKIndex="B416981C-DCF1-B251-93F0-86173B0BB7B6" name="Relation_11_Empleado_FK">
<createdBy>xrpp</createdBy>
<createdTime>2022-11-21 20:44:42 UTC</createdTime>
<generatorID>2BB46ADD-A16A-2292-96B7-4F9C60A95DDC</generatorID>
<ownerDesignName>YH_magement2</ownerDesignName>
<importedID>B1794AB0-9C5F-4BC8-7333-C1767744B52C</importedID>
<referredTableLongName>Empleado</referredTableLongName>
<deleteRule>NO ACTION</deleteRule>
<referredTableID>007AB498-1A60-B4E2-4B0F-8E0FA2D2A36F</referredTableID>
<keyObject>0C97B582-F823-2B35-13BB-AE4D178848CE</keyObject>
<referredKeyID>0C97B582-F823-2B35-13BB-AE4D178848CE</referredKeyID>
<mandatory>true</mandatory>
<refColNames>ID_empleado</refColNames>
<transferable>true</transferable>
<rely>false</rely>
<columnDependencyConstraintGenerateInDDL>true</columnDependencyConstraintGenerateInDDL>
</FKIndexAssociation>