<?xml version = '1.0' encoding = 'UTF-8'?>
<FKIndexAssociation class="oracle.dbtools.crest.model.design.relational.FKIndexAssociation" directorySegmentName="seg_0" id="DC5857D7-595D-A363-EE17-4CA86FD0ACD6" containerWithKeyObject="15673572-19AE-5F71-4B89-8915546D9B0E" localFKIndex="C38D7242-B96E-1A79-8814-BA9272957828" name="Relation_12_Evento_FK">
<createdBy>xrpp</createdBy>
<createdTime>2022-11-21 20:44:42 UTC</createdTime>
<generatorID>495AB10A-254F-A7F8-664E-4A5522D4415F</generatorID>
<ownerDesignName>YH_magement2</ownerDesignName>
<importedID>D70BA43F-FD6A-AF7A-6AE2-9B9AF0EB3260</importedID>
<referredTableLongName>Evento</referredTableLongName>
<deleteRule>NO ACTION</deleteRule>
<referredTableID>F8EC15D8-060A-7D52-B484-815B55AB2977</referredTableID>
<keyObject>B412231A-1CB2-D7E7-9297-52C890558075</keyObject>
<referredKeyID>B412231A-1CB2-D7E7-9297-52C890558075</referredKeyID>
<mandatory>true</mandatory>
<refColNames>ID</refColNames>
<transferable>true</transferable>
<rely>false</rely>
<columnDependencyConstraintGenerateInDDL>true</columnDependencyConstraintGenerateInDDL>
</FKIndexAssociation>