<?xml version = '1.0' encoding = 'UTF-8'?>
<FKIndexAssociation class="oracle.dbtools.crest.model.design.relational.FKIndexAssociation" directorySegmentName="seg_0" id="EAFE21AF-9A8B-654F-299E-EFB9664137BF" containerWithKeyObject="2071207C-FD01-86A0-8CC5-FA38E1EFFB34" localFKIndex="D8D24296-09A4-8486-8255-215D667EE0A4" name="Relation_16_Cliente_FK">
<createdBy>xrpp</createdBy>
<createdTime>2022-11-21 20:44:42 UTC</createdTime>
<generatorID>E24752B3-026A-8D3C-907A-274D2F985946</generatorID>
<ownerDesignName>YH_magement2</ownerDesignName>
<importedID>5FA1CB10-4E3A-6C57-F3EC-C69ECB8A5B24</importedID>
<referredTableLongName>Cliente</referredTableLongName>
<deleteRule>NO ACTION</deleteRule>
<referredTableID>5125F7FD-86B4-C82C-A159-1B8ED35E0AA3</referredTableID>
<keyObject>A8812BF3-7C26-609A-F2E1-B83F7B1E301F</keyObject>
<referredKeyID>A8812BF3-7C26-609A-F2E1-B83F7B1E301F</referredKeyID>
<mandatory>true</mandatory>
<refColNames>ID_cliente</refColNames>
<transferable>true</transferable>
<rely>false</rely>
<columnDependencyConstraintGenerateInDDL>true</columnDependencyConstraintGenerateInDDL>
</FKIndexAssociation>