<?xml version = '1.0' encoding = 'UTF-8'?>
<FKIndexAssociation class="oracle.dbtools.crest.model.design.relational.FKIndexAssociation" directorySegmentName="seg_0" id="F18A949B-4267-0BBC-8A59-D00FB533FE56" containerWithKeyObject="7E574610-0590-1C22-016F-72A85CC14B89" localFKIndex="9FE12E98-DD25-D3F5-5453-A83F8B481C33" name="Relation_15_Empleado_FK">
<createdBy>xrpp</createdBy>
<createdTime>2022-11-21 20:44:42 UTC</createdTime>
<generatorID>5C1E511F-36DC-6A69-7C1B-57D8011C5179</generatorID>
<ownerDesignName>YH_magement2</ownerDesignName>
<importedID>BBF6BD89-F54F-B2DC-FDE2-9B290A8DBE82</importedID>
<referredTableLongName>Empleado</referredTableLongName>
<deleteRule>NO ACTION</deleteRule>
<referredTableID>007AB498-1A60-B4E2-4B0F-8E0FA2D2A36F</referredTableID>
<keyObject>0C97B582-F823-2B35-13BB-AE4D178848CE</keyObject>
<referredKeyID>0C97B582-F823-2B35-13BB-AE4D178848CE</referredKeyID>
<mandatory>true</mandatory>
<refColNames>ID_empleado</refColNames>
<transferable>true</transferable>
<rely>false</rely>
<columnDependencyConstraintGenerateInDDL>true</columnDependencyConstraintGenerateInDDL>
</FKIndexAssociation>