<?xml version = '1.0' encoding = 'UTF-8'?>
<FKIndexAssociation class="oracle.dbtools.crest.model.design.relational.FKIndexAssociation" directorySegmentName="seg_0" id="F29DED6D-592D-201D-0DA4-8D9105615778" containerWithKeyObject="891BCD93-10F4-0632-CBFE-A59643E973EA" localFKIndex="901AC1B4-60F0-F151-7F17-6DD7A8C28D08" name="Relation_10_Colaborador_FK">
<createdBy>xrpp</createdBy>
<createdTime>2022-11-21 20:44:42 UTC</createdTime>
<generatorID>5A028D37-D94B-E39E-6DE6-379BE2CE2F42</generatorID>
<ownerDesignName>YH_magement2</ownerDesignName>
<importedID>43479B07-CB17-A6A7-4E38-02197DB7F04A</importedID>
<referredTableLongName>Colaborador</referredTableLongName>
<deleteRule>NO ACTION</deleteRule>
<referredTableID>1C1ED955-3AEE-2F52-B206-7B1342679898</referredTableID>
<keyObject>466F4E59-A919-83B2-BA95-FE486BB2FF74</keyObject>
<referredKeyID>466F4E59-A919-83B2-BA95-FE486BB2FF74</referredKeyID>
<mandatory>true</mandatory>
<refColNames>ID_colaborador</refColNames>
<transferable>true</transferable>
<rely>false</rely>
<columnDependencyConstraintGenerateInDDL>true</columnDependencyConstraintGenerateInDDL>
</FKIndexAssociation>