<?xml version = '1.0' encoding = 'UTF-8'?>
<FKIndexAssociation class="oracle.dbtools.crest.model.design.relational.FKIndexAssociation" directorySegmentName="seg_0" id="F92AB8E7-DB49-0644-4735-D381AC61D192" containerWithKeyObject="5125F7FD-86B4-C82C-A159-1B8ED35E0AA3" localFKIndex="62BFCED6-FC16-8227-E7AB-BB45909019EA" name="Cliente_DatosPersonales_FK">
<createdBy>xrpp</createdBy>
<createdTime>2022-11-21 20:44:42 UTC</createdTime>
<generatorID>D6207D07-D939-99B5-ECFB-985C85EA4348</generatorID>
<ownerDesignName>YH_magement2</ownerDesignName>
<importedID>69A78C6B-AC63-6A43-52A0-A840A316294C</importedID>
<referredTableLongName>DatosPersonales</referredTableLongName>
<deleteRule>NO ACTION</deleteRule>
<referredTableID>28E4D22E-B291-935E-CEF8-38AA644D4F04</referredTableID>
<keyObject>D3CA84C0-4779-CDE8-6643-B887F730358A</keyObject>
<referredKeyID>D3CA84C0-4779-CDE8-6643-B887F730358A</referredKeyID>
<mandatory>false</mandatory>
<refColNames>DNI_NIE_NIF</refColNames>
<transferable>true</transferable>
<rely>false</rely>
<columnDependencyConstraintGenerateInDDL>true</columnDependencyConstraintGenerateInDDL>
</FKIndexAssociation>