<?xml version = '1.0' encoding = 'UTF-8'?>
<Table class="oracle.dbtools.crest.model.design.relational.Table" directorySegmentName="seg_0" id="11C9E355-CE56-4749-C826-E676F7E51FD5" name="Cliente">
<createdBy>xrpp</createdBy>
<createdTime>2022-11-28 19:35:02 UTC</createdTime>
<generatorID>1E9B0CFE-C10B-4A0D-4D62-C1E203D1CA2B</generatorID>
<ownerDesignName>YH_magement3</ownerDesignName>
<importedID>5125F7FD-86B4-C82C-A159-1B8ED35E0AA3</importedID>
<allowColumnReorder>false</allowColumnReorder>
<existDependencyGenerateInDDl>true</existDependencyGenerateInDDl>
<parsed>true</parsed>
<columns itemClass="oracle.dbtools.crest.model.design.relational.Column">
<Column name="ID_cliente" id="DF569E35-BD19-C1E3-E7E0-0F64ABBFE07C">
<createdBy>xrpp</createdBy>
<createdTime>2022-11-28 19:35:02 UTC</createdTime>
<generatorID>7EA87B3C-5839-A0A4-8C5A-DE7AB7B214AD</generatorID>
<ownerDesignName>YH_magement3</ownerDesignName>
<importedID>101C65EA-B94D-1AFD-84B3-6BC3A63E1DC3</importedID>
<useDomainConstraints>false</useDomainConstraints>
<use>1</use>
<logicalDatatype>LOGDT011</logicalDatatype>
<ownDataTypeParameters>,,</ownDataTypeParameters>
<autoIncrementCycle>false</autoIncrementCycle>
</Column>
<Column name="Sector" id="4FCC7177-2A80-6AE9-E494-9B1ABF72FCFD">
<createdBy>xrpp</createdBy>
<createdTime>2022-11-28 19:35:02 UTC</createdTime>
<generatorID>DA1AB840-5009-91F3-F58D-4B2DA5A790A5</generatorID>
<ownerDesignName>YH_magement3</ownerDesignName>
<importedID>C6545227-21ED-BD04-C535-8CABA4F784CC</importedID>
<useDomainConstraints>false</useDomainConstraints>
<use>1</use>
<logicalDatatype>LOGDT024</logicalDatatype>
<dataTypeSize>80</dataTypeSize>
<ownDataTypeParameters>80,,</ownDataTypeParameters>
<autoIncrementCycle>false</autoIncrementCycle>
</Column>
<Column name="Web" id="94A33AC6-32BD-5E24-E7F6-2A8433FFC3A1">
<createdBy>xrpp</createdBy>
<createdTime>2022-11-28 19:35:02 UTC</createdTime>
<generatorID>842DC3D9-94D5-AA66-8FCF-8C25B11D6D81</generatorID>
<ownerDesignName>YH_magement3</ownerDesignName>
<importedID>22D8641A-DF21-7E3E-638E-20D0BB785960</importedID>
<useDomainConstraints>false</useDomainConstraints>
<use>1</use>
<logicalDatatype>LOGDT024</logicalDatatype>
<dataTypeSize>150</dataTypeSize>
<ownDataTypeParameters>150,,</ownDataTypeParameters>
<autoIncrementCycle>false</autoIncrementCycle>
</Column>
<Column name="Contraseña" id="19746D9D-91E4-8D28-F4BF-26CBD02C26F1">
<createdBy>xrpp</createdBy>
<createdTime>2022-11-28 19:35:02 UTC</createdTime>
<generatorID>0603606B-1801-9DE3-177A-1CE4BB29DBAB</generatorID>
<ownerDesignName>YH_magement3</ownerDesignName>
<importedID>FDA1F559-D6D8-26BB-72D9-52EBC11B1FF9</importedID>
<useDomainConstraints>false</useDomainConstraints>
<use>1</use>
<logicalDatatype>LOGDT024</logicalDatatype>
<dataTypeSize>255</dataTypeSize>
<ownDataTypeParameters>255,,</ownDataTypeParameters>
<autoIncrementCycle>false</autoIncrementCycle>
</Column>
<Column name="DatosPersonales_DNI_NIE_NIF" id="AA92D865-52CE-6880-8DF3-EEC9DD1AE665">
<createdBy>xrpp</createdBy>
<createdTime>2022-11-28 19:35:02 UTC</createdTime>
<generatorID>09E1FA42-0FC5-83EF-A807-BF470A20ACB4</generatorID>
<ownerDesignName>YH_magement3</ownerDesignName>
<importedID>6C2FB21C-B44D-461F-EB0F-F466E3F8E545</importedID>
<nullsAllowed>true</nullsAllowed>
<useDomainConstraints>false</useDomainConstraints>
<use>1</use>
<logicalDatatype>LOGDT024</logicalDatatype>
<dataTypeSize>15</dataTypeSize>
<ownDataTypeParameters>15,,</ownDataTypeParameters>
<autoIncrementCycle>false</autoIncrementCycle>
<associations>
<colAssociation fkAssociation="652AA3B0-AB4E-CE7C-211F-744AD5445E44" referredColumn="0F322EF6-BE96-4E43-4FCD-6026210DE50F"/>
</associations>
</Column>
</columns>
<indexes itemClass="oracle.dbtools.crest.model.design.relational.Index">
<ind_PK_UK id="309412C5-7E00-689F-DC64-EE1B98ABB71A" name="Cliente_PK">
<createdBy>xrpp</createdBy>
<createdTime>2022-11-28 19:35:02 UTC</createdTime>
<generatorID>507ECDA6-7CF8-9E30-926F-5AACFD683820</generatorID>
<ownerDesignName>YH_magement3</ownerDesignName>
<importedID>A8812BF3-7C26-609A-F2E1-B83F7B1E301F</importedID>
<pk>true</pk>
<indexState>Primary Constraint</indexState>
<isSurrogateKey>false</isSurrogateKey>
<indexColumnUsage>
<colUsage columnID="DF569E35-BD19-C1E3-E7E0-0F64ABBFE07C"/>
</indexColumnUsage>
</ind_PK_UK>
<ind_PK_UK id="865EDCF0-A910-5440-6D1A-B59C534C056C" name="Cliente_DatosPersonales_FK">
<createdBy>xrpp</createdBy>
<createdTime>2022-11-28 19:35:02 UTC</createdTime>
<generatorID>41DBA28F-1BB6-F13A-F9EE-9025F984C1CD</generatorID>
<ownerDesignName>YH_magement3</ownerDesignName>
<indexState>Foreign Key</indexState>
<isSurrogateKey>false</isSurrogateKey>
<indexColumnUsage>
<colUsage columnID="AA92D865-52CE-6880-8DF3-EEC9DD1AE665"/>
</indexColumnUsage>
</ind_PK_UK>
</indexes>
</Table>