<?xml version = '1.0' encoding = 'UTF-8'?>
<Table class="oracle.dbtools.crest.model.design.relational.Table" directorySegmentName="seg_0" id="152C6D5E-C3DC-B73D-B09E-66FE445E241B" name="Relation_15">
<createdBy>xrpp</createdBy>
<createdTime>2022-11-28 19:35:02 UTC</createdTime>
<ownerDesignName>YH_magement3</ownerDesignName>
<importedID>7E574610-0590-1C22-016F-72A85CC14B89</importedID>
<allowColumnReorder>false</allowColumnReorder>
<existDependencyGenerateInDDl>true</existDependencyGenerateInDDl>
<parsed>true</parsed>
<columns itemClass="oracle.dbtools.crest.model.design.relational.Column">
<Column name="Empleado_ID_empleado" id="F63DC5DC-39EE-5CBC-E3C7-DD5C8BC5DAD8">
<createdBy>xrpp</createdBy>
<createdTime>2022-11-28 19:35:02 UTC</createdTime>
<ownerDesignName>YH_magement3</ownerDesignName>
<importedID>D82F3405-2CBB-9AA4-6B41-D090E5DA9AB0</importedID>
<useDomainConstraints>false</useDomainConstraints>
<use>1</use>
<logicalDatatype>LOGDT011</logicalDatatype>
<ownDataTypeParameters>,,</ownDataTypeParameters>
<autoIncrementCycle>false</autoIncrementCycle>
<associations>
<colAssociation fkAssociation="41F11150-60DF-CFA1-5033-0EF0C3EFF1F0" referredColumn="033288B0-78F2-CE10-7BB8-CDE6ABFC0CA6"/>
</associations>
</Column>
<Column name="Asiento_Caja_ID" id="17B9D54D-0DF0-6495-0166-5ECE6BCA96E2">
<createdBy>xrpp</createdBy>
<createdTime>2022-11-28 19:35:02 UTC</createdTime>
<ownerDesignName>YH_magement3</ownerDesignName>
<importedID>3E2D2787-36EB-7F6C-3468-0E57DFB7C2B7</importedID>
<useDomainConstraints>false</useDomainConstraints>
<use>1</use>
<logicalDatatype>LOGDT011</logicalDatatype>
<ownDataTypeParameters>,,</ownDataTypeParameters>
<autoIncrementCycle>false</autoIncrementCycle>
<associations>
<colAssociation fkAssociation="AF663B8E-A86F-8AD6-2AE0-6002E5A00F2D" referredColumn="FA2B1345-23B7-E967-D6C7-91318E7C4901"/>
</associations>
</Column>
</columns>
<indexes itemClass="oracle.dbtools.crest.model.design.relational.Index">
<ind_PK_UK id="EBD0B664-E138-2AA2-08DC-1F08DBB13CC3" name="Relation_15_PK">
<createdBy>xrpp</createdBy>
<createdTime>2022-11-28 19:35:02 UTC</createdTime>
<ownerDesignName>YH_magement3</ownerDesignName>
<importedID>FF78C18F-0EF7-C9D5-4248-A0EF52EA4976</importedID>
<pk>true</pk>
<indexState>Primary Constraint</indexState>
<isSurrogateKey>false</isSurrogateKey>
<indexColumnUsage>
<colUsage columnID="F63DC5DC-39EE-5CBC-E3C7-DD5C8BC5DAD8"/>
<colUsage columnID="17B9D54D-0DF0-6495-0166-5ECE6BCA96E2"/>
</indexColumnUsage>
</ind_PK_UK>
<ind_PK_UK id="58DBDA24-4C8F-6F35-4970-E812B5B487AF" name="Relation_15_Asiento_Caja_FK">
<createdBy>xrpp</createdBy>
<createdTime>2022-11-28 19:35:02 UTC</createdTime>
<generatorID>A9097E0B-B8A2-0C96-5EC9-74B2AFDFBA42</generatorID>
<ownerDesignName>YH_magement3</ownerDesignName>
<indexState>Foreign Key</indexState>
<isSurrogateKey>false</isSurrogateKey>
<indexColumnUsage>
<colUsage columnID="17B9D54D-0DF0-6495-0166-5ECE6BCA96E2"/>
</indexColumnUsage>
</ind_PK_UK>
<ind_PK_UK id="A92EE520-8D41-8546-A703-0B7CDCE6756D" name="Relation_15_Empleado_FK">
<createdBy>xrpp</createdBy>
<createdTime>2022-11-28 19:35:02 UTC</createdTime>
<generatorID>A9097E0B-B8A2-0C96-5EC9-74B2AFDFBA42</generatorID>
<ownerDesignName>YH_magement3</ownerDesignName>
<indexState>Foreign Key</indexState>
<isSurrogateKey>false</isSurrogateKey>
<indexColumnUsage>
<colUsage columnID="F63DC5DC-39EE-5CBC-E3C7-DD5C8BC5DAD8"/>
</indexColumnUsage>
</ind_PK_UK>
</indexes>
</Table>