<?xml version = '1.0' encoding = 'UTF-8'?>
<Table class="oracle.dbtools.crest.model.design.relational.Table" directorySegmentName="seg_0" id="1712A8C3-0DCE-3C1F-A348-FEE04C4E8E5E" name="DatosPersonales">
<createdBy>xrpp</createdBy>
<createdTime>2022-11-28 19:35:02 UTC</createdTime>
<generatorID>BA9A45A6-168F-11A1-1932-7CE8120CFB52</generatorID>
<ownerDesignName>YH_magement3</ownerDesignName>
<importedID>28E4D22E-B291-935E-CEF8-38AA644D4F04</importedID>
<allowColumnReorder>false</allowColumnReorder>
<existDependencyGenerateInDDl>true</existDependencyGenerateInDDl>
<parsed>true</parsed>
<columns itemClass="oracle.dbtools.crest.model.design.relational.Column">
<Column name="DNI_NIE_NIF" id="0F322EF6-BE96-4E43-4FCD-6026210DE50F">
<createdBy>xrpp</createdBy>
<createdTime>2022-11-28 19:35:02 UTC</createdTime>
<generatorID>9C239AF7-C460-94DA-E535-2EF279580E0C</generatorID>
<ownerDesignName>YH_magement3</ownerDesignName>
<importedID>6CB0C9B5-2F12-2A26-73F4-8BDF7D9D8E6D</importedID>
<useDomainConstraints>false</useDomainConstraints>
<use>1</use>
<logicalDatatype>LOGDT024</logicalDatatype>
<dataTypeSize>15</dataTypeSize>
<ownDataTypeParameters>15,,</ownDataTypeParameters>
<autoIncrementCycle>false</autoIncrementCycle>
</Column>
<Column name="Nombre" id="D26C06A5-F581-FBA9-740C-C1995A5BD982">
<createdBy>xrpp</createdBy>
<createdTime>2022-11-28 19:35:02 UTC</createdTime>
<generatorID>3F3E66AC-7A06-C51D-87EB-C8692109F847</generatorID>
<ownerDesignName>YH_magement3</ownerDesignName>
<importedID>80AE8EC4-B584-6D7F-1E2A-24360A28613E</importedID>
<useDomainConstraints>false</useDomainConstraints>
<use>1</use>
<logicalDatatype>LOGDT024</logicalDatatype>
<dataTypeSize>40</dataTypeSize>
<ownDataTypeParameters>40,,</ownDataTypeParameters>
<autoIncrementCycle>false</autoIncrementCycle>
</Column>
<Column name="Apellidos" id="2FA37C0D-BBD8-898F-13B0-2D501A9506FB">
<createdBy>xrpp</createdBy>
<createdTime>2022-11-28 19:35:02 UTC</createdTime>
<generatorID>B55F3F65-E094-12F8-8DEE-B681FD344D6C</generatorID>
<ownerDesignName>YH_magement3</ownerDesignName>
<importedID>50A83F78-8FCF-2AB1-908D-F8B46EACBB82</importedID>
<nullsAllowed>true</nullsAllowed>
<useDomainConstraints>false</useDomainConstraints>
<use>1</use>
<logicalDatatype>LOGDT024</logicalDatatype>
<dataTypeSize>90</dataTypeSize>
<ownDataTypeParameters>90,,</ownDataTypeParameters>
<autoIncrementCycle>false</autoIncrementCycle>
</Column>
<Column name="Domicilio" id="2F527974-628C-5D34-67F5-59E2BDA2A8AD">
<createdBy>xrpp</createdBy>
<createdTime>2022-11-28 19:35:02 UTC</createdTime>
<generatorID>6F6A10AB-1F83-327B-69CE-8C0BBD97D660</generatorID>
<ownerDesignName>YH_magement3</ownerDesignName>
<importedID>DBDFBE1E-740F-91C9-C128-DBCE6784FC45</importedID>
<useDomainConstraints>false</useDomainConstraints>
<use>1</use>
<logicalDatatype>LOGDT024</logicalDatatype>
<dataTypeSize>120</dataTypeSize>
<ownDataTypeParameters>120,,</ownDataTypeParameters>
<autoIncrementCycle>false</autoIncrementCycle>
</Column>
<Column name="Poblacion" id="CFF43134-6B55-81E6-0BF8-13EC99B7B39A">
<createdBy>xrpp</createdBy>
<createdTime>2022-11-28 19:35:02 UTC</createdTime>
<generatorID>5005485D-753A-0B22-639F-F2A4770AC327</generatorID>
<ownerDesignName>YH_magement3</ownerDesignName>
<importedID>231DA0DD-CB82-4418-38F5-1F95DB2D742E</importedID>
<useDomainConstraints>false</useDomainConstraints>
<use>1</use>
<logicalDatatype>LOGDT024</logicalDatatype>
<dataTypeSize>90</dataTypeSize>
<ownDataTypeParameters>90,,</ownDataTypeParameters>
<autoIncrementCycle>false</autoIncrementCycle>
</Column>
<Column name="Provincia_Estado" id="2585F22D-C214-1F31-D87D-6940770E37BC">
<createdBy>xrpp</createdBy>
<createdTime>2022-11-28 19:35:02 UTC</createdTime>
<generatorID>72F71A96-0F1E-D97C-A7E3-DC586322ACE6</generatorID>
<ownerDesignName>YH_magement3</ownerDesignName>
<importedID>BFDC22CF-7D7A-B32A-F715-0FC09BF2E9BF</importedID>
<useDomainConstraints>false</useDomainConstraints>
<use>1</use>
<logicalDatatype>LOGDT024</logicalDatatype>
<dataTypeSize>40</dataTypeSize>
<ownDataTypeParameters>40,,</ownDataTypeParameters>
<autoIncrementCycle>false</autoIncrementCycle>
</Column>
<Column name="Pais" id="8E48CBEF-AB11-9823-FEA3-22BDD5D57CBF">
<createdBy>xrpp</createdBy>
<createdTime>2022-11-28 19:35:02 UTC</createdTime>
<generatorID>70D83828-322F-052D-AB1D-9EA2A286F2D4</generatorID>
<ownerDesignName>YH_magement3</ownerDesignName>
<importedID>FA281739-B309-4A3F-2301-32BAC9F7349A</importedID>
<useDomainConstraints>false</useDomainConstraints>
<use>1</use>
<logicalDatatype>LOGDT024</logicalDatatype>
<dataTypeSize>40</dataTypeSize>
<ownDataTypeParameters>40,,</ownDataTypeParameters>
<autoIncrementCycle>false</autoIncrementCycle>
</Column>
<Column name="Telefono" id="85E83493-898E-812D-752A-0122C989B734">
<createdBy>xrpp</createdBy>
<createdTime>2022-11-28 19:35:02 UTC</createdTime>
<generatorID>AF8B4EF5-3A33-B0A9-F4C3-4F136ECFAC73</generatorID>
<ownerDesignName>YH_magement3</ownerDesignName>
<importedID>A45419EC-A5C3-DCE9-BD7B-7B2CC8DF1312</importedID>
<useDomainConstraints>false</useDomainConstraints>
<use>1</use>
<logicalDatatype>LOGDT024</logicalDatatype>
<dataTypeSize>15</dataTypeSize>
<ownDataTypeParameters>15,,</ownDataTypeParameters>
<autoIncrementCycle>false</autoIncrementCycle>
</Column>
<Column name="email" id="28FC56CF-A69D-CBE0-B664-796CB1B0C385">
<createdBy>xrpp</createdBy>
<createdTime>2022-11-28 19:35:02 UTC</createdTime>
<generatorID>7B888607-F54B-027D-8FCF-FEEF4A54D85F</generatorID>
<ownerDesignName>YH_magement3</ownerDesignName>
<importedID>E9E395B6-474E-9CB1-BEE1-E81EC84DE66F</importedID>
<useDomainConstraints>false</useDomainConstraints>
<use>1</use>
<logicalDatatype>LOGDT024</logicalDatatype>
<dataTypeSize>150</dataTypeSize>
<ownDataTypeParameters>150,,</ownDataTypeParameters>
<autoIncrementCycle>false</autoIncrementCycle>
</Column>
</columns>
<indexes itemClass="oracle.dbtools.crest.model.design.relational.Index">
<ind_PK_UK id="C347B2E3-2B32-20A9-6148-793ACEFF6154" name="DatosPersonales_PK">
<createdBy>xrpp</createdBy>
<createdTime>2022-11-28 19:35:02 UTC</createdTime>
<generatorID>E4C0ED10-0311-D68E-5E61-7344B06165AF</generatorID>
<ownerDesignName>YH_magement3</ownerDesignName>
<importedID>D3CA84C0-4779-CDE8-6643-B887F730358A</importedID>
<pk>true</pk>
<indexState>Primary Constraint</indexState>
<isSurrogateKey>false</isSurrogateKey>
<indexColumnUsage>
<colUsage columnID="0F322EF6-BE96-4E43-4FCD-6026210DE50F"/>
</indexColumnUsage>
</ind_PK_UK>
</indexes>
</Table>