<?xml version = '1.0' encoding = 'UTF-8'?>
<Table class="oracle.dbtools.crest.model.design.relational.Table" directorySegmentName="seg_0" id="22C6483C-AD04-50A8-6D14-6256C216C733" name="Evento">
<createdBy>xrpp</createdBy>
<createdTime>2022-11-28 19:35:02 UTC</createdTime>
<generatorID>4CB6B572-DC09-B354-89E7-7C968A0C200E</generatorID>
<ownerDesignName>YH_magement3</ownerDesignName>
<importedID>F8EC15D8-060A-7D52-B484-815B55AB2977</importedID>
<allowColumnReorder>false</allowColumnReorder>
<existDependencyGenerateInDDl>true</existDependencyGenerateInDDl>
<parsed>true</parsed>
<columns itemClass="oracle.dbtools.crest.model.design.relational.Column">
<Column name="ID" id="5B9CDBB2-59BE-CCD0-99A0-87C532D42FB6">
<createdBy>xrpp</createdBy>
<createdTime>2022-11-28 19:35:02 UTC</createdTime>
<generatorID>7E8D1DF5-870E-100E-2614-DBDEDFE4E114</generatorID>
<ownerDesignName>YH_magement3</ownerDesignName>
<importedID>F8AF5EEE-7E0B-ABB1-3F3E-49B30258BCD8</importedID>
<useDomainConstraints>false</useDomainConstraints>
<use>1</use>
<logicalDatatype>LOGDT011</logicalDatatype>
<ownDataTypeParameters>,,</ownDataTypeParameters>
<autoIncrementCycle>false</autoIncrementCycle>
</Column>
<Column name="Tipo_evento" id="DF592A1C-2F1A-C63C-A480-1E5F29E28FEF">
<createdBy>xrpp</createdBy>
<createdTime>2022-11-28 19:35:02 UTC</createdTime>
<generatorID>0F41BCED-84E6-C817-E468-1894F18CB819</generatorID>
<ownerDesignName>YH_magement3</ownerDesignName>
<importedID>3FEFB6CD-D854-CAAF-F460-BF95115B40BD</importedID>
<useDomainConstraints>false</useDomainConstraints>
<use>1</use>
<logicalDatatype>LOGDT024</logicalDatatype>
<dataTypeSize>60</dataTypeSize>
<ownDataTypeParameters>60,,</ownDataTypeParameters>
<autoIncrementCycle>false</autoIncrementCycle>
</Column>
<Column name="Fecha" id="161F8071-F213-820E-C8BE-ECA399526468">
<createdBy>xrpp</createdBy>
<createdTime>2022-11-28 19:35:02 UTC</createdTime>
<generatorID>4A524D62-EFF4-8A96-6D1B-B3AF3BD5922C</generatorID>
<ownerDesignName>YH_magement3</ownerDesignName>
<importedID>5F2EDCDE-C684-AF54-A825-A56D2CE53A0D</importedID>
<useDomainConstraints>false</useDomainConstraints>
<use>1</use>
<logicalDatatype>LOGDT007</logicalDatatype>
<ownDataTypeParameters>,,</ownDataTypeParameters>
<autoIncrementCycle>false</autoIncrementCycle>
</Column>
<Column name="Hora" id="5E87D906-5B2D-86F6-D6C8-26A28F1BF48B">
<createdBy>xrpp</createdBy>
<createdTime>2022-11-28 19:35:02 UTC</createdTime>
<generatorID>269D1B03-17EA-ADF6-CDBF-47647A6B6C90</generatorID>
<ownerDesignName>YH_magement3</ownerDesignName>
<importedID>D8116146-4D72-DB28-EDFD-8BC653A23357</importedID>
<useDomainConstraints>false</useDomainConstraints>
<use>1</use>
<logicalDatatype>LOGDT014</logicalDatatype>
<ownDataTypeParameters>,,</ownDataTypeParameters>
<autoIncrementCycle>false</autoIncrementCycle>
</Column>
<Column name="Duracion" id="0697DE6F-7703-86D8-FF79-E310CFF8DA30">
<createdBy>xrpp</createdBy>
<createdTime>2022-11-28 19:35:02 UTC</createdTime>
<generatorID>DBD49948-70B8-E503-26E2-BCCB4B4586FC</generatorID>
<ownerDesignName>YH_magement3</ownerDesignName>
<importedID>2966BC13-EAFA-5103-9965-839618BEAF00</importedID>
<useDomainConstraints>false</useDomainConstraints>
<use>1</use>
<logicalDatatype>LOGDT024</logicalDatatype>
<dataTypeSize>30</dataTypeSize>
<ownDataTypeParameters>30,,</ownDataTypeParameters>
<autoIncrementCycle>false</autoIncrementCycle>
</Column>
<Column name="lugar" id="A8253B0E-1282-FBDB-6614-048ABACAD2F8">
<createdBy>xrpp</createdBy>
<createdTime>2022-11-28 19:35:02 UTC</createdTime>
<generatorID>BD3F3E89-3FED-8FEC-DCFF-9079753F374A</generatorID>
<ownerDesignName>YH_magement3</ownerDesignName>
<importedID>582ABA5E-6D01-7DF7-7AF7-7C79F092DFB8</importedID>
<useDomainConstraints>false</useDomainConstraints>
<use>1</use>
<logicalDatatype>LOGDT024</logicalDatatype>
<dataTypeSize>200</dataTypeSize>
<ownDataTypeParameters>200,,</ownDataTypeParameters>
<autoIncrementCycle>false</autoIncrementCycle>
</Column>
</columns>
<indexes itemClass="oracle.dbtools.crest.model.design.relational.Index">
<ind_PK_UK id="1E041878-E8D2-EAA5-0EFA-1C8FD585C5FE" name="Evento_PK">
<createdBy>xrpp</createdBy>
<createdTime>2022-11-28 19:35:02 UTC</createdTime>
<generatorID>ADFCAD36-9BC4-52D5-1257-7B31505AE962</generatorID>
<ownerDesignName>YH_magement3</ownerDesignName>
<importedID>B412231A-1CB2-D7E7-9297-52C890558075</importedID>
<pk>true</pk>
<indexState>Primary Constraint</indexState>
<isSurrogateKey>false</isSurrogateKey>
<indexColumnUsage>
<colUsage columnID="5B9CDBB2-59BE-CCD0-99A0-87C532D42FB6"/>
</indexColumnUsage>
</ind_PK_UK>
</indexes>
</Table>