<?xml version = '1.0' encoding = 'UTF-8'?>
<Table class="oracle.dbtools.crest.model.design.relational.Table" directorySegmentName="seg_0" id="3270211C-8ABC-D1DE-EA8E-2F24B448DCC5" name="Empleado">
<createdBy>xrpp</createdBy>
<createdTime>2022-11-28 19:35:02 UTC</createdTime>
<generatorID>E9E453BB-D119-E4A1-8CE6-CBB87923F266</generatorID>
<ownerDesignName>YH_magement3</ownerDesignName>
<importedID>007AB498-1A60-B4E2-4B0F-8E0FA2D2A36F</importedID>
<allowColumnReorder>false</allowColumnReorder>
<existDependencyGenerateInDDl>true</existDependencyGenerateInDDl>
<parsed>true</parsed>
<columns itemClass="oracle.dbtools.crest.model.design.relational.Column">
<Column name="ID_empleado" id="033288B0-78F2-CE10-7BB8-CDE6ABFC0CA6">
<createdBy>xrpp</createdBy>
<createdTime>2022-11-28 19:35:02 UTC</createdTime>
<generatorID>F8A6E864-69DF-4520-2D27-04C8D93E95C7</generatorID>
<ownerDesignName>YH_magement3</ownerDesignName>
<importedID>AC452C45-1AFE-E905-B33C-FEE49B0134A7</importedID>
<useDomainConstraints>false</useDomainConstraints>
<use>1</use>
<logicalDatatype>LOGDT011</logicalDatatype>
<ownDataTypeParameters>,,</ownDataTypeParameters>
<autoIncrementCycle>false</autoIncrementCycle>
</Column>
<Column name="Puesto" id="E6242F19-E796-B6F1-66C3-B1531F140950">
<createdBy>xrpp</createdBy>
<createdTime>2022-11-28 19:35:02 UTC</createdTime>
<generatorID>E37F15B2-0D13-B195-53FB-BCBC2F59B803</generatorID>
<ownerDesignName>YH_magement3</ownerDesignName>
<importedID>C9C1C912-AD2B-0A94-E3D9-C40107379FD9</importedID>
<useDomainConstraints>false</useDomainConstraints>
<use>1</use>
<logicalDatatype>LOGDT024</logicalDatatype>
<dataTypeSize>30</dataTypeSize>
<ownDataTypeParameters>30,,</ownDataTypeParameters>
<autoIncrementCycle>false</autoIncrementCycle>
</Column>
<Column name="Nivel_acceso" id="ED9584A4-2809-57A2-9958-74A6BFC0DF4B">
<createdBy>xrpp</createdBy>
<createdTime>2022-11-28 19:35:02 UTC</createdTime>
<generatorID>089CD363-3F82-3A29-DCAC-76309934D22E</generatorID>
<ownerDesignName>YH_magement3</ownerDesignName>
<importedID>43B553FE-A8B0-4435-E85F-285A8EFF9E59</importedID>
<useDomainConstraints>false</useDomainConstraints>
<use>1</use>
<logicalDatatype>LOGDT024</logicalDatatype>
<dataTypeSize>30</dataTypeSize>
<ownDataTypeParameters>30,,</ownDataTypeParameters>
<autoIncrementCycle>false</autoIncrementCycle>
</Column>
<Column name="Contraseña" id="ADAAF07C-3196-5394-2A1E-1C2EE1CDAEEE">
<createdBy>xrpp</createdBy>
<createdTime>2022-11-28 19:35:02 UTC</createdTime>
<generatorID>FA3CD3C2-8BF8-592E-3F1B-02C1B50BDB1A</generatorID>
<ownerDesignName>YH_magement3</ownerDesignName>
<importedID>FE068B70-D021-E81F-E6A9-F32CCA1B7A91</importedID>
<useDomainConstraints>false</useDomainConstraints>
<use>1</use>
<logicalDatatype>LOGDT024</logicalDatatype>
<dataTypeSize>255</dataTypeSize>
<ownDataTypeParameters>255,,</ownDataTypeParameters>
<autoIncrementCycle>false</autoIncrementCycle>
</Column>
<Column name="DatosPersonales_DNI_NIE_NIF" id="8FA42D43-2BB1-0D54-5819-F42E76FDAC51">
<createdBy>xrpp</createdBy>
<createdTime>2022-11-28 19:35:02 UTC</createdTime>
<generatorID>6BD1E335-BC78-4E9F-6719-52C92FE08606</generatorID>
<ownerDesignName>YH_magement3</ownerDesignName>
<importedID>91F49C74-B2C2-5EC3-0415-3562E4A7E3E0</importedID>
<nullsAllowed>true</nullsAllowed>
<useDomainConstraints>false</useDomainConstraints>
<use>1</use>
<logicalDatatype>LOGDT024</logicalDatatype>
<dataTypeSize>15</dataTypeSize>
<ownDataTypeParameters>15,,</ownDataTypeParameters>
<autoIncrementCycle>false</autoIncrementCycle>
<associations>
<colAssociation fkAssociation="0CC6E455-0111-FE70-2125-9AD68C30EA2A" referredColumn="0F322EF6-BE96-4E43-4FCD-6026210DE50F"/>
</associations>
</Column>
</columns>
<indexes itemClass="oracle.dbtools.crest.model.design.relational.Index">
<ind_PK_UK id="A16A7900-D8B1-6A4F-7A17-52C01384D3E0" name="Empleado_PK">
<createdBy>xrpp</createdBy>
<createdTime>2022-11-28 19:35:02 UTC</createdTime>
<generatorID>F324DCDD-C799-07B4-119D-1133EB7B5684</generatorID>
<ownerDesignName>YH_magement3</ownerDesignName>
<importedID>0C97B582-F823-2B35-13BB-AE4D178848CE</importedID>
<pk>true</pk>
<indexState>Primary Constraint</indexState>
<isSurrogateKey>false</isSurrogateKey>
<indexColumnUsage>
<colUsage columnID="033288B0-78F2-CE10-7BB8-CDE6ABFC0CA6"/>
</indexColumnUsage>
</ind_PK_UK>
<ind_PK_UK id="7799B9B4-0695-1F70-C74D-4CCBFEA36AD5" name="Empleado_DatosPersonales_FK">
<createdBy>xrpp</createdBy>
<createdTime>2022-11-28 19:35:02 UTC</createdTime>
<generatorID>17F49AB7-BBB3-2E6D-7D0F-5768BDBC828C</generatorID>
<ownerDesignName>YH_magement3</ownerDesignName>
<indexState>Foreign Key</indexState>
<isSurrogateKey>false</isSurrogateKey>
<indexColumnUsage>
<colUsage columnID="8FA42D43-2BB1-0D54-5819-F42E76FDAC51"/>
</indexColumnUsage>
</ind_PK_UK>
</indexes>
</Table>