<?xml version = '1.0' encoding = 'UTF-8'?>
<Table class="oracle.dbtools.crest.model.design.relational.Table" directorySegmentName="seg_0" id="3324973D-BBC3-46F7-29E4-2F0EBE624186" name="Medidas">
<createdBy>xrpp</createdBy>
<createdTime>2022-11-28 19:35:02 UTC</createdTime>
<generatorID>98D17F9F-5B76-3A26-F509-6D041A85DCF8</generatorID>
<ownerDesignName>YH_magement3</ownerDesignName>
<importedID>07AF04C1-8950-3102-B7A3-6F1EBEAF52B2</importedID>
<allowColumnReorder>false</allowColumnReorder>
<existDependencyGenerateInDDl>true</existDependencyGenerateInDDl>
<parsed>true</parsed>
<columns itemClass="oracle.dbtools.crest.model.design.relational.Column">
<Column name="ID_med" id="384AFAD2-14B9-1020-4CBE-D85FB1B4996D">
<createdBy>xrpp</createdBy>
<createdTime>2022-11-28 19:35:02 UTC</createdTime>
<generatorID>BE6E7867-97AC-ED8F-D369-DEDDDB590627</generatorID>
<ownerDesignName>YH_magement3</ownerDesignName>
<importedID>79023E4B-7848-2287-7F3A-8BEE19B50C2C</importedID>
<useDomainConstraints>false</useDomainConstraints>
<use>1</use>
<logicalDatatype>LOGDT011</logicalDatatype>
<ownDataTypeParameters>,,</ownDataTypeParameters>
<autoIncrementCycle>false</autoIncrementCycle>
</Column>
<Column name="Altura_cm" id="85276FCE-E4C3-F2EF-C077-7CBDABE62747">
<createdBy>xrpp</createdBy>
<createdTime>2022-11-28 19:35:02 UTC</createdTime>
<generatorID>C4276286-F120-C23E-693F-CEC9F24AE64C</generatorID>
<ownerDesignName>YH_magement3</ownerDesignName>
<importedID>69B2CE48-11EF-970E-DBAE-438D71D65222</importedID>
<useDomainConstraints>false</useDomainConstraints>
<use>1</use>
<logicalDatatype>LOGDT042</logicalDatatype>
<ownDataTypeParameters>,,</ownDataTypeParameters>
<autoIncrementCycle>false</autoIncrementCycle>
</Column>
<Column name="Peso" id="ED3B4ACF-82C4-6801-E02B-2577299877C2">
<createdBy>xrpp</createdBy>
<createdTime>2022-11-28 19:35:02 UTC</createdTime>
<generatorID>14ACDCE5-C3D6-4C2A-C15F-D083B89C7609</generatorID>
<ownerDesignName>YH_magement3</ownerDesignName>
<importedID>5D31732F-E4B1-7A59-87DA-B63B7A217724</importedID>
<useDomainConstraints>false</useDomainConstraints>
<use>1</use>
<logicalDatatype>LOGDT042</logicalDatatype>
<ownDataTypeParameters>,,</ownDataTypeParameters>
<autoIncrementCycle>false</autoIncrementCycle>
</Column>
<Column name="Genero" id="2DCFE361-A6D8-8BE6-2523-CE0F0D6DE2F6">
<createdBy>xrpp</createdBy>
<createdTime>2022-11-28 19:35:02 UTC</createdTime>
<generatorID>5699E5D7-C2DE-B5B4-3A91-6D2A7822831A</generatorID>
<ownerDesignName>YH_magement3</ownerDesignName>
<importedID>55E6903F-4314-F299-F7C4-0F22987EA5CC</importedID>
<useDomainConstraints>false</useDomainConstraints>
<use>1</use>
<logicalDatatype>LOGDT024</logicalDatatype>
<dataTypeSize>12</dataTypeSize>
<ownDataTypeParameters>12,,</ownDataTypeParameters>
<autoIncrementCycle>false</autoIncrementCycle>
</Column>
<Column name="Color_ojos" id="BA346797-4207-4F65-65A7-969E341D479B">
<createdBy>xrpp</createdBy>
<createdTime>2022-11-28 19:35:02 UTC</createdTime>
<generatorID>A6FA8D8B-B23B-67F1-6263-B79B672BE12F</generatorID>
<ownerDesignName>YH_magement3</ownerDesignName>
<importedID>3488D815-65B7-C9E5-0F87-919C59AEF328</importedID>
<useDomainConstraints>false</useDomainConstraints>
<use>1</use>
<logicalDatatype>LOGDT024</logicalDatatype>
<dataTypeSize>12</dataTypeSize>
<ownDataTypeParameters>12,,</ownDataTypeParameters>
<autoIncrementCycle>false</autoIncrementCycle>
</Column>
<Column name="Color_pelo" id="B90B9699-7F54-C007-41B5-DAC0BC2BD9A1">
<createdBy>xrpp</createdBy>
<createdTime>2022-11-28 19:35:02 UTC</createdTime>
<generatorID>6F4BDDE4-6A43-C4E0-B31F-20A211ECF15E</generatorID>
<ownerDesignName>YH_magement3</ownerDesignName>
<importedID>DDF74B38-7B02-5D8C-70CF-3A881DF9D726</importedID>
<useDomainConstraints>false</useDomainConstraints>
<use>1</use>
<logicalDatatype>LOGDT024</logicalDatatype>
<dataTypeSize>15</dataTypeSize>
<ownDataTypeParameters>15,,</ownDataTypeParameters>
<autoIncrementCycle>false</autoIncrementCycle>
</Column>
<Column name="Talla_calzado" id="F61E70AF-8DE8-F6EF-1A93-B6E742B99C5D">
<createdBy>xrpp</createdBy>
<createdTime>2022-11-28 19:35:02 UTC</createdTime>
<generatorID>EAC3E3A9-F193-0286-1A4E-6B655363A626</generatorID>
<ownerDesignName>YH_magement3</ownerDesignName>
<importedID>5A4E038E-79B7-0971-D074-FB5AAB244D4F</importedID>
<useDomainConstraints>false</useDomainConstraints>
<use>1</use>
<logicalDatatype>LOGDT042</logicalDatatype>
<ownDataTypeParameters>,,</ownDataTypeParameters>
<autoIncrementCycle>false</autoIncrementCycle>
</Column>
<Column name="Talla_busto" id="13BEA44E-6A3B-061C-4CC1-88D75A41331F">
<createdBy>xrpp</createdBy>
<createdTime>2022-11-28 19:35:02 UTC</createdTime>
<generatorID>D4076684-F488-FB0C-A0A8-CE994CE34459</generatorID>
<ownerDesignName>YH_magement3</ownerDesignName>
<importedID>C9BA0C35-196F-ACAB-737C-BE3472C2426B</importedID>
<useDomainConstraints>false</useDomainConstraints>
<use>1</use>
<logicalDatatype>LOGDT042</logicalDatatype>
<ownDataTypeParameters>,,</ownDataTypeParameters>
<autoIncrementCycle>false</autoIncrementCycle>
</Column>
<Column name="Talla_cintura" id="408AE81C-58B4-FAE7-044E-D0C0538C5D92">
<createdBy>xrpp</createdBy>
<createdTime>2022-11-28 19:35:02 UTC</createdTime>
<generatorID>7BDC979E-FFE5-0FD6-81D8-4E207D2CF5E8</generatorID>
<ownerDesignName>YH_magement3</ownerDesignName>
<importedID>CC82B628-6E1B-85B1-9C80-E4FFEE03A74B</importedID>
<useDomainConstraints>false</useDomainConstraints>
<use>1</use>
<logicalDatatype>LOGDT042</logicalDatatype>
<ownDataTypeParameters>,,</ownDataTypeParameters>
<autoIncrementCycle>false</autoIncrementCycle>
</Column>
<Column name="Talla_caderas" id="BAEE6D65-2D01-EC7A-0299-6978F04F2499">
<createdBy>xrpp</createdBy>
<createdTime>2022-11-28 19:35:02 UTC</createdTime>
<generatorID>40F6327D-8A45-61CA-1BD9-A3DE54DAF4CE</generatorID>
<ownerDesignName>YH_magement3</ownerDesignName>
<importedID>378E4E94-CF57-15E2-73A9-5FC790D8AA93</importedID>
<useDomainConstraints>false</useDomainConstraints>
<use>1</use>
<logicalDatatype>LOGDT042</logicalDatatype>
<ownDataTypeParameters>,,</ownDataTypeParameters>
<autoIncrementCycle>false</autoIncrementCycle>
</Column>
<Column name="Talla_ropa" id="7AE2C472-7B6B-08A1-0A8E-F5BD3B48D965">
<createdBy>xrpp</createdBy>
<createdTime>2022-11-28 19:35:02 UTC</createdTime>
<generatorID>9A5299CF-5187-F4E8-8105-AD5906FECF53</generatorID>
<ownerDesignName>YH_magement3</ownerDesignName>
<importedID>20D63C3A-29E7-FE46-CC22-744569E188CE</importedID>
<useDomainConstraints>false</useDomainConstraints>
<use>1</use>
<logicalDatatype>LOGDT042</logicalDatatype>
<ownDataTypeParameters>,,</ownDataTypeParameters>
<autoIncrementCycle>false</autoIncrementCycle>
</Column>
</columns>
<indexes itemClass="oracle.dbtools.crest.model.design.relational.Index">
<ind_PK_UK id="B034C380-0FCF-7F3A-2D32-1A00E898ECDA" name="Medidas_PK">
<createdBy>xrpp</createdBy>
<createdTime>2022-11-28 19:35:02 UTC</createdTime>
<generatorID>4C16511E-4671-CA7B-BBB6-41DEDEA325B2</generatorID>
<ownerDesignName>YH_magement3</ownerDesignName>
<importedID>E62F204B-6194-AD7F-C1B4-E25DA8249D08</importedID>
<pk>true</pk>
<indexState>Primary Constraint</indexState>
<isSurrogateKey>false</isSurrogateKey>
<indexColumnUsage>
<colUsage columnID="384AFAD2-14B9-1020-4CBE-D85FB1B4996D"/>
</indexColumnUsage>
</ind_PK_UK>
</indexes>
</Table>