<?xml version = '1.0' encoding = 'UTF-8'?>
<Table class="oracle.dbtools.crest.model.design.relational.Table" directorySegmentName="seg_0" id="4369B4CA-06C7-D4C2-677B-B863225EB4CE" name="Relation_16">
<createdBy>xrpp</createdBy>
<createdTime>2022-11-28 19:35:02 UTC</createdTime>
<ownerDesignName>YH_magement3</ownerDesignName>
<importedID>2071207C-FD01-86A0-8CC5-FA38E1EFFB34</importedID>
<allowColumnReorder>false</allowColumnReorder>
<existDependencyGenerateInDDl>true</existDependencyGenerateInDDl>
<parsed>true</parsed>
<columns itemClass="oracle.dbtools.crest.model.design.relational.Column">
<Column name="Cliente_ID_cliente" id="E45BC134-92C1-CDC5-C7DD-B47E72FB2F8E">
<createdBy>xrpp</createdBy>
<createdTime>2022-11-28 19:35:02 UTC</createdTime>
<ownerDesignName>YH_magement3</ownerDesignName>
<importedID>EFA7D9F8-D9AF-27B7-D605-FB6F33D40F05</importedID>
<useDomainConstraints>false</useDomainConstraints>
<use>1</use>
<logicalDatatype>LOGDT011</logicalDatatype>
<ownDataTypeParameters>,,</ownDataTypeParameters>
<autoIncrementCycle>false</autoIncrementCycle>
<associations>
<colAssociation fkAssociation="8DAD7E0E-6A8B-FBA6-55F6-C949147AEFC2" referredColumn="DF569E35-BD19-C1E3-E7E0-0F64ABBFE07C"/>
</associations>
</Column>
<Column name="Asiento_Caja_ID" id="82D6A390-AB2B-5C68-59A1-9EC57C25768E">
<createdBy>xrpp</createdBy>
<createdTime>2022-11-28 19:35:02 UTC</createdTime>
<ownerDesignName>YH_magement3</ownerDesignName>
<importedID>3AA6CB6A-9EFC-A7FE-5241-2E34775E0EB4</importedID>
<useDomainConstraints>false</useDomainConstraints>
<use>1</use>
<logicalDatatype>LOGDT011</logicalDatatype>
<ownDataTypeParameters>,,</ownDataTypeParameters>
<autoIncrementCycle>false</autoIncrementCycle>
<associations>
<colAssociation fkAssociation="22A783A6-E380-E319-E888-35EB36CAC3E2" referredColumn="FA2B1345-23B7-E967-D6C7-91318E7C4901"/>
</associations>
</Column>
</columns>
<indexes itemClass="oracle.dbtools.crest.model.design.relational.Index">
<ind_PK_UK id="873C3580-5D13-F26F-AE5C-C11A4A253548" name="Relation_16_PK">
<createdBy>xrpp</createdBy>
<createdTime>2022-11-28 19:35:02 UTC</createdTime>
<ownerDesignName>YH_magement3</ownerDesignName>
<importedID>82C4BC78-7CD9-66D2-DD65-136F7C52A5E8</importedID>
<pk>true</pk>
<indexState>Primary Constraint</indexState>
<isSurrogateKey>false</isSurrogateKey>
<indexColumnUsage>
<colUsage columnID="E45BC134-92C1-CDC5-C7DD-B47E72FB2F8E"/>
<colUsage columnID="82D6A390-AB2B-5C68-59A1-9EC57C25768E"/>
</indexColumnUsage>
</ind_PK_UK>
<ind_PK_UK id="DADEDB8E-A1E9-E985-F487-FA01E31D400D" name="Relation_16_Asiento_Caja_FK">
<createdBy>xrpp</createdBy>
<createdTime>2022-11-28 19:35:02 UTC</createdTime>
<generatorID>65F32D60-0B12-49CB-B6AA-9C09154FC5C5</generatorID>
<ownerDesignName>YH_magement3</ownerDesignName>
<indexState>Foreign Key</indexState>
<isSurrogateKey>false</isSurrogateKey>
<indexColumnUsage>
<colUsage columnID="82D6A390-AB2B-5C68-59A1-9EC57C25768E"/>
</indexColumnUsage>
</ind_PK_UK>
<ind_PK_UK id="20E87815-3B49-1177-658B-8EC23575E43A" name="Relation_16_Cliente_FK">
<createdBy>xrpp</createdBy>
<createdTime>2022-11-28 19:35:02 UTC</createdTime>
<generatorID>65F32D60-0B12-49CB-B6AA-9C09154FC5C5</generatorID>
<ownerDesignName>YH_magement3</ownerDesignName>
<indexState>Foreign Key</indexState>
<isSurrogateKey>false</isSurrogateKey>
<indexColumnUsage>
<colUsage columnID="E45BC134-92C1-CDC5-C7DD-B47E72FB2F8E"/>
</indexColumnUsage>
</ind_PK_UK>
</indexes>
</Table>