<?xml version = '1.0' encoding = 'UTF-8'?>
<Table class="oracle.dbtools.crest.model.design.relational.Table" directorySegmentName="seg_0" id="59BF17C2-C6D3-5AD3-69D9-0979F9EB726F" name="Relation_6">
<createdBy>xrpp</createdBy>
<createdTime>2022-11-28 19:35:02 UTC</createdTime>
<ownerDesignName>YH_magement3</ownerDesignName>
<importedID>D1A69E62-8F89-E9D5-E5A5-3622E1B01CDF</importedID>
<allowColumnReorder>false</allowColumnReorder>
<existDependencyGenerateInDDl>true</existDependencyGenerateInDDl>
<parsed>true</parsed>
<columns itemClass="oracle.dbtools.crest.model.design.relational.Column">
<Column name="Evento_ID" id="6B6C2728-0120-F3FC-5004-FD27C4A402A4">
<createdBy>xrpp</createdBy>
<createdTime>2022-11-28 19:35:02 UTC</createdTime>
<ownerDesignName>YH_magement3</ownerDesignName>
<importedID>A871C6C7-E3CB-65F5-9DA5-BD9FEEF1748E</importedID>
<useDomainConstraints>false</useDomainConstraints>
<use>1</use>
<logicalDatatype>LOGDT011</logicalDatatype>
<ownDataTypeParameters>,,</ownDataTypeParameters>
<autoIncrementCycle>false</autoIncrementCycle>
<associations>
<colAssociation fkAssociation="894AF693-B541-E678-2A0B-76BCF74A9386" referredColumn="5B9CDBB2-59BE-CCD0-99A0-87C532D42FB6"/>
</associations>
</Column>
<Column name="Representado_ID" id="2D395FF7-276F-A1F0-D665-89F9728B887D">
<createdBy>xrpp</createdBy>
<createdTime>2022-11-28 19:35:02 UTC</createdTime>
<ownerDesignName>YH_magement3</ownerDesignName>
<importedID>344A8694-4BE6-44A2-1142-EEAF3BABC59E</importedID>
<useDomainConstraints>false</useDomainConstraints>
<use>1</use>
<logicalDatatype>LOGDT011</logicalDatatype>
<ownDataTypeParameters>,,</ownDataTypeParameters>
<autoIncrementCycle>false</autoIncrementCycle>
<associations>
<colAssociation fkAssociation="19720A46-55B0-3824-E499-7D5EC2E485B5" referredColumn="20E472F0-1BCB-0C76-A472-40AC2113B80F"/>
</associations>
</Column>
</columns>
<indexes itemClass="oracle.dbtools.crest.model.design.relational.Index">
<ind_PK_UK id="21D5C82A-5396-FA8F-200A-CFAA98462915" name="Relation_6_PK">
<createdBy>xrpp</createdBy>
<createdTime>2022-11-28 19:35:02 UTC</createdTime>
<ownerDesignName>YH_magement3</ownerDesignName>
<importedID>79E2EF41-7DE3-769F-E21A-9ECF64156C3B</importedID>
<pk>true</pk>
<indexState>Primary Constraint</indexState>
<isSurrogateKey>false</isSurrogateKey>
<indexColumnUsage>
<colUsage columnID="6B6C2728-0120-F3FC-5004-FD27C4A402A4"/>
<colUsage columnID="2D395FF7-276F-A1F0-D665-89F9728B887D"/>
</indexColumnUsage>
</ind_PK_UK>
<ind_PK_UK id="2604FC24-26F3-5E4E-229E-EB0B98206D20" name="Relation_6_Representado_FK">
<createdBy>xrpp</createdBy>
<createdTime>2022-11-28 19:35:02 UTC</createdTime>
<generatorID>46ED1B41-4BE0-1BC1-418C-D3A1536B543D</generatorID>
<ownerDesignName>YH_magement3</ownerDesignName>
<indexState>Foreign Key</indexState>
<isSurrogateKey>false</isSurrogateKey>
<indexColumnUsage>
<colUsage columnID="2D395FF7-276F-A1F0-D665-89F9728B887D"/>
</indexColumnUsage>
</ind_PK_UK>
<ind_PK_UK id="09F8BC77-CF06-984A-3FD3-A73D095A5E39" name="Relation_6_Evento_FK">
<createdBy>xrpp</createdBy>
<createdTime>2022-11-28 19:35:02 UTC</createdTime>
<generatorID>46ED1B41-4BE0-1BC1-418C-D3A1536B543D</generatorID>
<ownerDesignName>YH_magement3</ownerDesignName>
<indexState>Foreign Key</indexState>
<isSurrogateKey>false</isSurrogateKey>
<indexColumnUsage>
<colUsage columnID="6B6C2728-0120-F3FC-5004-FD27C4A402A4"/>
</indexColumnUsage>
</ind_PK_UK>
</indexes>
</Table>