<?xml version = '1.0' encoding = 'UTF-8'?>
<Table class="oracle.dbtools.crest.model.design.relational.Table" directorySegmentName="seg_0" id="842ABAD3-836D-D592-1930-14D903362DD0" name="Relation_10">
<createdBy>xrpp</createdBy>
<createdTime>2022-11-28 19:35:02 UTC</createdTime>
<ownerDesignName>YH_magement3</ownerDesignName>
<importedID>891BCD93-10F4-0632-CBFE-A59643E973EA</importedID>
<allowColumnReorder>false</allowColumnReorder>
<existDependencyGenerateInDDl>true</existDependencyGenerateInDDl>
<parsed>true</parsed>
<columns itemClass="oracle.dbtools.crest.model.design.relational.Column">
<Column name="Colaborador_ID_colaborador" id="EFD911AF-1F54-E5AC-83A5-805EAE64C7BF">
<createdBy>xrpp</createdBy>
<createdTime>2022-11-28 19:35:02 UTC</createdTime>
<ownerDesignName>YH_magement3</ownerDesignName>
<importedID>7849C9DC-F7E2-7E20-D805-0EC1FD1CE272</importedID>
<useDomainConstraints>false</useDomainConstraints>
<use>1</use>
<logicalDatatype>LOGDT011</logicalDatatype>
<ownDataTypeParameters>,,</ownDataTypeParameters>
<autoIncrementCycle>false</autoIncrementCycle>
<associations>
<colAssociation fkAssociation="40EAC1E3-0B7F-BFA7-C708-AEF958800D98" referredColumn="26088133-FAA4-0F41-E14B-AAD6E841466B"/>
</associations>
</Column>
<Column name="Evento_ID" id="2B9930BA-904B-B406-B9C8-EEF3A215FAAE">
<createdBy>xrpp</createdBy>
<createdTime>2022-11-28 19:35:02 UTC</createdTime>
<ownerDesignName>YH_magement3</ownerDesignName>
<importedID>CA07A899-B93F-1EB8-2117-23534163D6C7</importedID>
<useDomainConstraints>false</useDomainConstraints>
<use>1</use>
<logicalDatatype>LOGDT011</logicalDatatype>
<ownDataTypeParameters>,,</ownDataTypeParameters>
<autoIncrementCycle>false</autoIncrementCycle>
<associations>
<colAssociation fkAssociation="4DF4AE63-E93F-2280-F0B3-E23158905003" referredColumn="5B9CDBB2-59BE-CCD0-99A0-87C532D42FB6"/>
</associations>
</Column>
</columns>
<indexes itemClass="oracle.dbtools.crest.model.design.relational.Index">
<ind_PK_UK id="A6C619DC-DE8C-9E1C-C4F6-8E7CE5FD1BC2" name="Relation_10_PK">
<createdBy>xrpp</createdBy>
<createdTime>2022-11-28 19:35:02 UTC</createdTime>
<ownerDesignName>YH_magement3</ownerDesignName>
<importedID>D5C72404-4E57-5E64-E42B-72A23850D69D</importedID>
<pk>true</pk>
<indexState>Primary Constraint</indexState>
<isSurrogateKey>false</isSurrogateKey>
<indexColumnUsage>
<colUsage columnID="EFD911AF-1F54-E5AC-83A5-805EAE64C7BF"/>
<colUsage columnID="2B9930BA-904B-B406-B9C8-EEF3A215FAAE"/>
</indexColumnUsage>
</ind_PK_UK>
<ind_PK_UK id="BEA080DF-94AF-D5A4-9C99-8FB4A0379BD7" name="Relation_10_Evento_FK">
<createdBy>xrpp</createdBy>
<createdTime>2022-11-28 19:35:02 UTC</createdTime>
<generatorID>E7C0C24A-576D-8ACE-B0FA-770AA1D7D112</generatorID>
<ownerDesignName>YH_magement3</ownerDesignName>
<indexState>Foreign Key</indexState>
<isSurrogateKey>false</isSurrogateKey>
<indexColumnUsage>
<colUsage columnID="2B9930BA-904B-B406-B9C8-EEF3A215FAAE"/>
</indexColumnUsage>
</ind_PK_UK>
<ind_PK_UK id="AB75AAD6-3FFA-60B9-0290-1CCF3280BC98" name="Relation_10_Colaborador_FK">
<createdBy>xrpp</createdBy>
<createdTime>2022-11-28 19:35:02 UTC</createdTime>
<generatorID>E7C0C24A-576D-8ACE-B0FA-770AA1D7D112</generatorID>
<ownerDesignName>YH_magement3</ownerDesignName>
<indexState>Foreign Key</indexState>
<isSurrogateKey>false</isSurrogateKey>
<indexColumnUsage>
<colUsage columnID="EFD911AF-1F54-E5AC-83A5-805EAE64C7BF"/>
</indexColumnUsage>
</ind_PK_UK>
</indexes>
</Table>