<?xml version = '1.0' encoding = 'UTF-8'?>
<Table class="oracle.dbtools.crest.model.design.relational.Table" directorySegmentName="seg_0" id="892BA449-A4AE-3190-FDA6-56A3DDB9FD51" name="Aptitudes">
<createdBy>xrpp</createdBy>
<createdTime>2022-11-28 19:35:02 UTC</createdTime>
<generatorID>2C5C4071-979C-F0DE-3C11-0CF63E2C22CF</generatorID>
<ownerDesignName>YH_magement3</ownerDesignName>
<importedID>2E3E09DB-3EFA-D77C-82C7-64CD16D38546</importedID>
<allowColumnReorder>false</allowColumnReorder>
<existDependencyGenerateInDDl>true</existDependencyGenerateInDDl>
<parsed>true</parsed>
<columns itemClass="oracle.dbtools.crest.model.design.relational.Column">
<Column name="ID_apt" id="C058F64F-93A1-9B88-1E79-7C670775D9B7">
<createdBy>xrpp</createdBy>
<createdTime>2022-11-28 19:35:02 UTC</createdTime>
<generatorID>482633B3-0FBD-27E0-443B-674A5D295F03</generatorID>
<ownerDesignName>YH_magement3</ownerDesignName>
<importedID>DB736B2F-CBA7-9391-4959-5FF8A06D56AE</importedID>
<useDomainConstraints>false</useDomainConstraints>
<use>1</use>
<logicalDatatype>LOGDT011</logicalDatatype>
<ownDataTypeParameters>,,</ownDataTypeParameters>
<autoIncrementCycle>false</autoIncrementCycle>
</Column>
<Column name="Idiomas" id="E647E2E3-2888-2C9B-018B-C078499CBF3C">
<createdBy>xrpp</createdBy>
<createdTime>2022-11-28 19:35:02 UTC</createdTime>
<generatorID>52395A4E-1BFF-FA88-5C0D-62A9345B9A99</generatorID>
<ownerDesignName>YH_magement3</ownerDesignName>
<importedID>463E256E-E26A-9825-1E9C-11BD7CF785CE</importedID>
<useDomainConstraints>false</useDomainConstraints>
<use>1</use>
<logicalDatatype>LOGDT024</logicalDatatype>
<dataTypeSize>255</dataTypeSize>
<ownDataTypeParameters>255,,</ownDataTypeParameters>
<autoIncrementCycle>false</autoIncrementCycle>
</Column>
<Column name="Deporte" id="DB682293-0E55-D31A-54A8-E5EC6CCFA7E4">
<createdBy>xrpp</createdBy>
<createdTime>2022-11-28 19:35:02 UTC</createdTime>
<generatorID>2242FCEA-C023-52DF-720D-28A3548ACF80</generatorID>
<ownerDesignName>YH_magement3</ownerDesignName>
<importedID>AAC27AB4-BBA6-5268-6C95-2F4023A2CE1F</importedID>
<nullsAllowed>true</nullsAllowed>
<useDomainConstraints>false</useDomainConstraints>
<use>1</use>
<logicalDatatype>LOGDT024</logicalDatatype>
<dataTypeSize>255</dataTypeSize>
<ownDataTypeParameters>255,,</ownDataTypeParameters>
<autoIncrementCycle>false</autoIncrementCycle>
</Column>
<Column name="Baile" id="F84CFF5D-9D88-6F33-6058-55E5BA233850">
<createdBy>xrpp</createdBy>
<createdTime>2022-11-28 19:35:02 UTC</createdTime>
<generatorID>2A3029B1-8998-9C6E-3AD9-37179DAC7B98</generatorID>
<ownerDesignName>YH_magement3</ownerDesignName>
<importedID>025E9A36-3D4B-72D7-F750-442875E8D8A6</importedID>
<nullsAllowed>true</nullsAllowed>
<useDomainConstraints>false</useDomainConstraints>
<use>1</use>
<logicalDatatype>LOGDT024</logicalDatatype>
<dataTypeSize>255</dataTypeSize>
<ownDataTypeParameters>255,,</ownDataTypeParameters>
<autoIncrementCycle>false</autoIncrementCycle>
</Column>
<Column name="Actuacion" id="35271C85-3596-2E34-CD8E-A28E4C6668D2">
<createdBy>xrpp</createdBy>
<createdTime>2022-11-28 19:35:02 UTC</createdTime>
<generatorID>F7666E63-A814-2F7D-75F6-D7F96500CC67</generatorID>
<ownerDesignName>YH_magement3</ownerDesignName>
<importedID>7284FF8B-05BD-FBAF-FF4D-6945F742F3C5</importedID>
<nullsAllowed>true</nullsAllowed>
<useDomainConstraints>false</useDomainConstraints>
<use>1</use>
<logicalDatatype>LOGDT024</logicalDatatype>
<dataTypeSize>255</dataTypeSize>
<ownDataTypeParameters>255,,</ownDataTypeParameters>
<autoIncrementCycle>false</autoIncrementCycle>
</Column>
<Column name="Canto" id="EFC3AFD5-EE9D-F57E-CF1A-91AC21F3C1DB">
<createdBy>xrpp</createdBy>
<createdTime>2022-11-28 19:35:02 UTC</createdTime>
<generatorID>F0CC781F-16FA-3DD6-5282-2397A9DB0498</generatorID>
<ownerDesignName>YH_magement3</ownerDesignName>
<importedID>C599A240-5E6E-6DED-40B3-477C0C3FD0D5</importedID>
<nullsAllowed>true</nullsAllowed>
<useDomainConstraints>false</useDomainConstraints>
<use>1</use>
<logicalDatatype>LOGDT024</logicalDatatype>
<dataTypeSize>255</dataTypeSize>
<ownDataTypeParameters>255,,</ownDataTypeParameters>
<autoIncrementCycle>false</autoIncrementCycle>
</Column>
<Column name="Musica" id="C91A142B-EB4B-EAA2-106D-FDA2D9D0803F">
<createdBy>xrpp</createdBy>
<createdTime>2022-11-28 19:35:02 UTC</createdTime>
<generatorID>64413E29-26A1-1993-1327-AB35D135CAFF</generatorID>
<ownerDesignName>YH_magement3</ownerDesignName>
<importedID>62FB7CF7-77FF-CC00-49D6-2053320DEC61</importedID>
<nullsAllowed>true</nullsAllowed>
<useDomainConstraints>false</useDomainConstraints>
<use>1</use>
<logicalDatatype>LOGDT024</logicalDatatype>
<dataTypeSize>255</dataTypeSize>
<ownDataTypeParameters>255,,</ownDataTypeParameters>
<autoIncrementCycle>false</autoIncrementCycle>
</Column>
<Column name="Escritura" id="18B7B084-63D0-BAFA-C841-BC797522667E">
<createdBy>xrpp</createdBy>
<createdTime>2022-11-28 19:35:02 UTC</createdTime>
<generatorID>32E0B206-BC46-069A-0B50-31E53E44D870</generatorID>
<ownerDesignName>YH_magement3</ownerDesignName>
<importedID>891582F8-D498-42D9-0AEC-4DC77C824A63</importedID>
<nullsAllowed>true</nullsAllowed>
<useDomainConstraints>false</useDomainConstraints>
<use>1</use>
<logicalDatatype>LOGDT024</logicalDatatype>
<dataTypeSize>255</dataTypeSize>
<ownDataTypeParameters>255,,</ownDataTypeParameters>
<autoIncrementCycle>false</autoIncrementCycle>
</Column>
</columns>
<indexes itemClass="oracle.dbtools.crest.model.design.relational.Index">
<ind_PK_UK id="CCAA82D2-5DBF-44E2-6C46-206A643730D9" name="Aptitudes_PK">
<createdBy>xrpp</createdBy>
<createdTime>2022-11-28 19:35:02 UTC</createdTime>
<generatorID>5A9568F7-8E97-047D-2F17-AC705C36333C</generatorID>
<ownerDesignName>YH_magement3</ownerDesignName>
<importedID>0B6C8362-9293-5A10-60BB-3496D83FB6C0</importedID>
<pk>true</pk>
<indexState>Primary Constraint</indexState>
<isSurrogateKey>false</isSurrogateKey>
<indexColumnUsage>
<colUsage columnID="C058F64F-93A1-9B88-1E79-7C670775D9B7"/>
</indexColumnUsage>
</ind_PK_UK>
</indexes>
</Table>