<?xml version = '1.0' encoding = 'UTF-8'?>
<Table class="oracle.dbtools.crest.model.design.relational.Table" directorySegmentName="seg_0" id="8A2DC5A3-A7F2-FB7A-4DA3-EE7D40475B49" name="Relation_13">
<createdBy>xrpp</createdBy>
<createdTime>2022-11-28 19:35:02 UTC</createdTime>
<ownerDesignName>YH_magement3</ownerDesignName>
<importedID>85A72F6C-565E-02B0-32D8-8097A27DBE3E</importedID>
<allowColumnReorder>false</allowColumnReorder>
<existDependencyGenerateInDDl>true</existDependencyGenerateInDDl>
<parsed>true</parsed>
<columns itemClass="oracle.dbtools.crest.model.design.relational.Column">
<Column name="Representado_ID" id="AEA41D2D-228E-0E0F-6A75-D07CCCEFF137">
<createdBy>xrpp</createdBy>
<createdTime>2022-11-28 19:35:02 UTC</createdTime>
<ownerDesignName>YH_magement3</ownerDesignName>
<importedID>12E1A906-93A4-B5AC-296F-6456771784A5</importedID>
<useDomainConstraints>false</useDomainConstraints>
<use>1</use>
<logicalDatatype>LOGDT011</logicalDatatype>
<ownDataTypeParameters>,,</ownDataTypeParameters>
<autoIncrementCycle>false</autoIncrementCycle>
<associations>
<colAssociation fkAssociation="78BF765D-CCBC-C12D-7002-EAF3EEB3B260" referredColumn="20E472F0-1BCB-0C76-A472-40AC2113B80F"/>
</associations>
</Column>
<Column name="Asiento_Caja_ID" id="77151248-EE34-96D5-E2C0-28D9C042E34A">
<createdBy>xrpp</createdBy>
<createdTime>2022-11-28 19:35:02 UTC</createdTime>
<ownerDesignName>YH_magement3</ownerDesignName>
<importedID>5188101B-0D09-C97A-12ED-ED9DB261DF55</importedID>
<useDomainConstraints>false</useDomainConstraints>
<use>1</use>
<logicalDatatype>LOGDT011</logicalDatatype>
<ownDataTypeParameters>,,</ownDataTypeParameters>
<autoIncrementCycle>false</autoIncrementCycle>
<associations>
<colAssociation fkAssociation="0FBD3ED4-94B0-79C3-96FD-F3395C739539" referredColumn="FA2B1345-23B7-E967-D6C7-91318E7C4901"/>
</associations>
</Column>
</columns>
<indexes itemClass="oracle.dbtools.crest.model.design.relational.Index">
<ind_PK_UK id="B33DF866-4383-FA80-8F6C-934180929320" name="Relation_13_PK">
<createdBy>xrpp</createdBy>
<createdTime>2022-11-28 19:35:02 UTC</createdTime>
<ownerDesignName>YH_magement3</ownerDesignName>
<importedID>68CABA28-D445-946C-2BF3-C4EDD024F8D4</importedID>
<pk>true</pk>
<indexState>Primary Constraint</indexState>
<isSurrogateKey>false</isSurrogateKey>
<indexColumnUsage>
<colUsage columnID="AEA41D2D-228E-0E0F-6A75-D07CCCEFF137"/>
<colUsage columnID="77151248-EE34-96D5-E2C0-28D9C042E34A"/>
</indexColumnUsage>
</ind_PK_UK>
<ind_PK_UK id="28825A41-5007-6FD7-DDAB-3D4855194947" name="Relation_13_Representado_FK">
<createdBy>xrpp</createdBy>
<createdTime>2022-11-28 19:35:02 UTC</createdTime>
<generatorID>E88AF3B5-AA7F-0285-4335-DD2BBED5F991</generatorID>
<ownerDesignName>YH_magement3</ownerDesignName>
<indexState>Foreign Key</indexState>
<isSurrogateKey>false</isSurrogateKey>
<indexColumnUsage>
<colUsage columnID="AEA41D2D-228E-0E0F-6A75-D07CCCEFF137"/>
</indexColumnUsage>
</ind_PK_UK>
<ind_PK_UK id="77944C37-7879-46F2-D741-379DDCE46B00" name="Relation_13_Asiento_Caja_FK">
<createdBy>xrpp</createdBy>
<createdTime>2022-11-28 19:35:02 UTC</createdTime>
<generatorID>E88AF3B5-AA7F-0285-4335-DD2BBED5F991</generatorID>
<ownerDesignName>YH_magement3</ownerDesignName>
<indexState>Foreign Key</indexState>
<isSurrogateKey>false</isSurrogateKey>
<indexColumnUsage>
<colUsage columnID="77151248-EE34-96D5-E2C0-28D9C042E34A"/>
</indexColumnUsage>
</ind_PK_UK>
</indexes>
</Table>