<?xml version = '1.0' encoding = 'UTF-8'?>
<Table class="oracle.dbtools.crest.model.design.relational.Table" directorySegmentName="seg_0" id="9D03651E-ECCD-DBBD-B887-4A5671F26FC3" name="Relation_11">
<createdBy>xrpp</createdBy>
<createdTime>2022-11-28 19:35:02 UTC</createdTime>
<ownerDesignName>YH_magement3</ownerDesignName>
<importedID>C20E6F62-8919-6346-0A4A-F45B93398329</importedID>
<allowColumnReorder>false</allowColumnReorder>
<existDependencyGenerateInDDl>true</existDependencyGenerateInDDl>
<parsed>true</parsed>
<columns itemClass="oracle.dbtools.crest.model.design.relational.Column">
<Column name="Empleado_ID_empleado" id="B9A6EF1B-DD8E-0EB2-2BCF-2CC647418988">
<createdBy>xrpp</createdBy>
<createdTime>2022-11-28 19:35:02 UTC</createdTime>
<ownerDesignName>YH_magement3</ownerDesignName>
<importedID>745A6BBB-61A2-EE55-AA12-29722441E39C</importedID>
<useDomainConstraints>false</useDomainConstraints>
<use>1</use>
<logicalDatatype>LOGDT011</logicalDatatype>
<ownDataTypeParameters>,,</ownDataTypeParameters>
<autoIncrementCycle>false</autoIncrementCycle>
<associations>
<colAssociation fkAssociation="C4237348-6F55-9839-E880-820A70393D37" referredColumn="033288B0-78F2-CE10-7BB8-CDE6ABFC0CA6"/>
</associations>
</Column>
<Column name="Evento_ID" id="C810FE17-FA6F-3954-4EA0-E025CBCD79FB">
<createdBy>xrpp</createdBy>
<createdTime>2022-11-28 19:35:02 UTC</createdTime>
<ownerDesignName>YH_magement3</ownerDesignName>
<importedID>E460515E-56C8-8227-C7D5-6FC63DB93B1D</importedID>
<useDomainConstraints>false</useDomainConstraints>
<use>1</use>
<logicalDatatype>LOGDT011</logicalDatatype>
<ownDataTypeParameters>,,</ownDataTypeParameters>
<autoIncrementCycle>false</autoIncrementCycle>
<associations>
<colAssociation fkAssociation="F9BC1FE1-8F98-1F32-1AFE-5AAEC56F9AF6" referredColumn="5B9CDBB2-59BE-CCD0-99A0-87C532D42FB6"/>
</associations>
</Column>
</columns>
<indexes itemClass="oracle.dbtools.crest.model.design.relational.Index">
<ind_PK_UK id="E134328A-2D7A-4CBA-9ECA-031A8FCD9A95" name="Relation_11_PK">
<createdBy>xrpp</createdBy>
<createdTime>2022-11-28 19:35:02 UTC</createdTime>
<ownerDesignName>YH_magement3</ownerDesignName>
<importedID>2ED824CC-523F-9339-A7B5-F80D16DF1546</importedID>
<pk>true</pk>
<indexState>Primary Constraint</indexState>
<isSurrogateKey>false</isSurrogateKey>
<indexColumnUsage>
<colUsage columnID="B9A6EF1B-DD8E-0EB2-2BCF-2CC647418988"/>
<colUsage columnID="C810FE17-FA6F-3954-4EA0-E025CBCD79FB"/>
</indexColumnUsage>
</ind_PK_UK>
<ind_PK_UK id="C01A18F0-4873-D482-0364-D908FAB02066" name="Relation_11_Evento_FK">
<createdBy>xrpp</createdBy>
<createdTime>2022-11-28 19:35:02 UTC</createdTime>
<generatorID>7297DA15-A7D1-6425-D60E-10F3AEA6F7B9</generatorID>
<ownerDesignName>YH_magement3</ownerDesignName>
<indexState>Foreign Key</indexState>
<isSurrogateKey>false</isSurrogateKey>
<indexColumnUsage>
<colUsage columnID="C810FE17-FA6F-3954-4EA0-E025CBCD79FB"/>
</indexColumnUsage>
</ind_PK_UK>
<ind_PK_UK id="8396DA9C-7A9A-CDB5-9CF1-15ABD043A92F" name="Relation_11_Empleado_FK">
<createdBy>xrpp</createdBy>
<createdTime>2022-11-28 19:35:02 UTC</createdTime>
<generatorID>7297DA15-A7D1-6425-D60E-10F3AEA6F7B9</generatorID>
<ownerDesignName>YH_magement3</ownerDesignName>
<indexState>Foreign Key</indexState>
<isSurrogateKey>false</isSurrogateKey>
<indexColumnUsage>
<colUsage columnID="B9A6EF1B-DD8E-0EB2-2BCF-2CC647418988"/>
</indexColumnUsage>
</ind_PK_UK>
</indexes>
</Table>