<?xml version = '1.0' encoding = 'UTF-8'?>
<Table class="oracle.dbtools.crest.model.design.relational.Table" directorySegmentName="seg_0" id="B2129DA6-481D-955D-03A4-2EF8AE114F2B" name="Representado">
<createdBy>xrpp</createdBy>
<createdTime>2022-11-28 19:35:02 UTC</createdTime>
<generatorID>3E9919DA-6DB4-2607-D628-C8F693D2134A</generatorID>
<ownerDesignName>YH_magement3</ownerDesignName>
<importedID>C97B8862-6C3A-0D68-860F-FDE85E6373D6</importedID>
<allowColumnReorder>false</allowColumnReorder>
<existDependencyGenerateInDDl>true</existDependencyGenerateInDDl>
<parsed>true</parsed>
<columns itemClass="oracle.dbtools.crest.model.design.relational.Column">
<Column name="ID" id="20E472F0-1BCB-0C76-A472-40AC2113B80F">
<createdBy>xrpp</createdBy>
<createdTime>2022-11-28 19:35:02 UTC</createdTime>
<generatorID>B78995E8-3F14-DD9F-2984-7A0BB8BEB784</generatorID>
<ownerDesignName>YH_magement3</ownerDesignName>
<importedID>666401DF-4DFA-7C1A-8F00-6A6F2E147460</importedID>
<useDomainConstraints>false</useDomainConstraints>
<use>1</use>
<logicalDatatype>LOGDT011</logicalDatatype>
<ownDataTypeParameters>,,</ownDataTypeParameters>
<autoIncrementCycle>false</autoIncrementCycle>
</Column>
<Column name="DatosPersonales_DNI_NIE_NIF" id="7FE18C20-F878-EBCD-F729-3FCB08D79259">
<createdBy>xrpp</createdBy>
<createdTime>2022-11-28 19:35:02 UTC</createdTime>
<generatorID>72797185-48E9-1742-9482-6C0C015F0E30</generatorID>
<ownerDesignName>YH_magement3</ownerDesignName>
<importedID>8CD1E36B-2988-87E9-75C6-1FEBEAA9AC83</importedID>
<useDomainConstraints>false</useDomainConstraints>
<use>1</use>
<logicalDatatype>LOGDT024</logicalDatatype>
<dataTypeSize>15</dataTypeSize>
<ownDataTypeParameters>15,,</ownDataTypeParameters>
<autoIncrementCycle>false</autoIncrementCycle>
<associations>
<colAssociation fkAssociation="F5119393-FEF4-629B-2B0A-4F54C9DEAABD" referredColumn="0F322EF6-BE96-4E43-4FCD-6026210DE50F"/>
</associations>
</Column>
<Column name="Medidas_ID_med" id="4C313E33-6D19-FAE2-6ACB-A879E6F21570">
<createdBy>xrpp</createdBy>
<createdTime>2022-11-28 19:35:02 UTC</createdTime>
<generatorID>E4FD6351-DD39-24AF-E468-15B98CF44DAE</generatorID>
<ownerDesignName>YH_magement3</ownerDesignName>
<importedID>9CF95C48-59D7-556C-22B5-5B4D1FEFC895</importedID>
<useDomainConstraints>false</useDomainConstraints>
<use>1</use>
<logicalDatatype>LOGDT011</logicalDatatype>
<ownDataTypeParameters>,,</ownDataTypeParameters>
<autoIncrementCycle>false</autoIncrementCycle>
<associations>
<colAssociation fkAssociation="5E09C520-FC83-4F75-8535-A3CCF8E5BBA1" referredColumn="384AFAD2-14B9-1020-4CBE-D85FB1B4996D"/>
</associations>
</Column>
<Column name="Aptitudes_ID_apt" id="CE848A45-3E69-EB99-91C0-442E3F74BAE3">
<createdBy>xrpp</createdBy>
<createdTime>2022-11-28 19:35:02 UTC</createdTime>
<generatorID>B2E31EC5-6113-C512-559D-A27D7A983436</generatorID>
<ownerDesignName>YH_magement3</ownerDesignName>
<importedID>94B6C1C2-8517-6511-7552-A35C1464AB4B</importedID>
<useDomainConstraints>false</useDomainConstraints>
<use>1</use>
<logicalDatatype>LOGDT011</logicalDatatype>
<ownDataTypeParameters>,,</ownDataTypeParameters>
<autoIncrementCycle>false</autoIncrementCycle>
<associations>
<colAssociation fkAssociation="F853C4B7-C297-64BD-0D47-916FA4C3599C" referredColumn="C058F64F-93A1-9B88-1E79-7C670775D9B7"/>
</associations>
</Column>
<Column name="Media_ID_Media" id="B39AC865-7BF3-6E12-0311-34FBAAAF9D48">
<createdBy>xrpp</createdBy>
<createdTime>2022-11-28 19:35:02 UTC</createdTime>
<generatorID>3B788DF5-A9B9-79B2-8D18-19534CAD926B</generatorID>
<ownerDesignName>YH_magement3</ownerDesignName>
<importedID>F69A810C-A10A-3616-310B-B2FCD6D2C3BD</importedID>
<useDomainConstraints>false</useDomainConstraints>
<use>1</use>
<logicalDatatype>LOGDT011</logicalDatatype>
<ownDataTypeParameters>,,</ownDataTypeParameters>
<autoIncrementCycle>false</autoIncrementCycle>
<associations>
<colAssociation fkAssociation="04947DB3-DAC0-22C2-5216-42B2FAE38984" referredColumn="4B4B360C-D559-4DE0-858C-6C6D3F317E2F"/>
</associations>
</Column>
<Column name="Fecha_alta" id="BEE3B1F1-E6ED-60BF-14EE-29FA4740B93A">
<createdBy>xrpp</createdBy>
<createdTime>2022-11-28 19:35:02 UTC</createdTime>
<generatorID>08F3F837-3A36-A846-12F8-4FBE3A3F0017</generatorID>
<ownerDesignName>YH_magement3</ownerDesignName>
<importedID>097E17E7-6C9F-FCDD-C8EC-BA6884E40C3F</importedID>
<useDomainConstraints>false</useDomainConstraints>
<use>1</use>
<logicalDatatype>LOGDT007</logicalDatatype>
<ownDataTypeParameters>,,</ownDataTypeParameters>
<autoIncrementCycle>false</autoIncrementCycle>
</Column>
</columns>
<indexes itemClass="oracle.dbtools.crest.model.design.relational.Index">
<ind_PK_UK id="417063D0-93CD-0FE7-DC86-6D5FE3AE908E" name="Representado_PK">
<createdBy>xrpp</createdBy>
<createdTime>2022-11-28 19:35:02 UTC</createdTime>
<generatorID>E8B36827-CEC8-8701-197D-EAB2E45DDA38</generatorID>
<ownerDesignName>YH_magement3</ownerDesignName>
<importedID>A0461052-A4D5-6B6A-5121-B18B003057AD</importedID>
<pk>true</pk>
<indexState>Primary Constraint</indexState>
<isSurrogateKey>false</isSurrogateKey>
<indexColumnUsage>
<colUsage columnID="20E472F0-1BCB-0C76-A472-40AC2113B80F"/>
</indexColumnUsage>
</ind_PK_UK>
<ind_PK_UK id="A5C4FA58-A9AE-3975-F0A0-8ED849BAF391" name="Representado_Media_FK">
<createdBy>xrpp</createdBy>
<createdTime>2022-11-28 19:35:02 UTC</createdTime>
<generatorID>7960DEBA-6D5D-7782-83A3-F4C437A68099</generatorID>
<ownerDesignName>YH_magement3</ownerDesignName>
<indexState>Foreign Key</indexState>
<isSurrogateKey>false</isSurrogateKey>
<indexColumnUsage>
<colUsage columnID="B39AC865-7BF3-6E12-0311-34FBAAAF9D48"/>
</indexColumnUsage>
</ind_PK_UK>
<ind_PK_UK id="E3B66CD3-5F3F-C1EF-D6E7-5236900C8175" name="Representado_Aptitudes_FK">
<createdBy>xrpp</createdBy>
<createdTime>2022-11-28 19:35:02 UTC</createdTime>
<generatorID>B56D9900-40F2-01FA-CDEC-51474D617A1C</generatorID>
<ownerDesignName>YH_magement3</ownerDesignName>
<indexState>Foreign Key</indexState>
<isSurrogateKey>false</isSurrogateKey>
<indexColumnUsage>
<colUsage columnID="CE848A45-3E69-EB99-91C0-442E3F74BAE3"/>
</indexColumnUsage>
</ind_PK_UK>
<ind_PK_UK id="F5A8367B-AC2B-017E-02E5-BF6BAF2B8C32" name="Representado_Medidas_FK">
<createdBy>xrpp</createdBy>
<createdTime>2022-11-28 19:35:02 UTC</createdTime>
<generatorID>FAB47509-B433-F362-D107-474E234EC1EF</generatorID>
<ownerDesignName>YH_magement3</ownerDesignName>
<indexState>Foreign Key</indexState>
<isSurrogateKey>false</isSurrogateKey>
<indexColumnUsage>
<colUsage columnID="4C313E33-6D19-FAE2-6ACB-A879E6F21570"/>
</indexColumnUsage>
</ind_PK_UK>
<ind_PK_UK id="A6A172E1-791A-B57C-DBF2-EC7EF9FA5BD4" name="Representado_DatosPersonales_FK">
<createdBy>xrpp</createdBy>
<createdTime>2022-11-28 19:35:02 UTC</createdTime>
<generatorID>53C1560C-310F-2292-8CF0-B98462C89C19</generatorID>
<ownerDesignName>YH_magement3</ownerDesignName>
<indexState>Foreign Key</indexState>
<isSurrogateKey>false</isSurrogateKey>
<indexColumnUsage>
<colUsage columnID="7FE18C20-F878-EBCD-F729-3FCB08D79259"/>
</indexColumnUsage>
</ind_PK_UK>
</indexes>
</Table>