<?xml version = '1.0' encoding = 'UTF-8'?>
<Table class="oracle.dbtools.crest.model.design.relational.Table" directorySegmentName="seg_0" id="D3264696-D393-566E-8E30-02311987FAF1" name="Colaborador">
<createdBy>xrpp</createdBy>
<createdTime>2022-11-28 19:35:02 UTC</createdTime>
<generatorID>620A5960-B3CA-B663-E821-04877E49E4E4</generatorID>
<ownerDesignName>YH_magement3</ownerDesignName>
<importedID>1C1ED955-3AEE-2F52-B206-7B1342679898</importedID>
<allowColumnReorder>false</allowColumnReorder>
<existDependencyGenerateInDDl>true</existDependencyGenerateInDDl>
<parsed>true</parsed>
<columns itemClass="oracle.dbtools.crest.model.design.relational.Column">
<Column name="ID_colaborador" id="26088133-FAA4-0F41-E14B-AAD6E841466B">
<createdBy>xrpp</createdBy>
<createdTime>2022-11-28 19:35:02 UTC</createdTime>
<generatorID>B4C96C32-68DF-139F-F52D-2E806DE243E7</generatorID>
<ownerDesignName>YH_magement3</ownerDesignName>
<importedID>99DF8EA8-0546-7302-760C-B4E34B92CDE9</importedID>
<useDomainConstraints>false</useDomainConstraints>
<use>1</use>
<logicalDatatype>LOGDT011</logicalDatatype>
<ownDataTypeParameters>,,</ownDataTypeParameters>
<autoIncrementCycle>false</autoIncrementCycle>
</Column>
<Column name="Sector" id="BC133BEA-8028-BBA4-9A0B-BCEBE6D24212">
<createdBy>xrpp</createdBy>
<createdTime>2022-11-28 19:35:02 UTC</createdTime>
<generatorID>0ABB6A8F-2080-2E4B-EB8A-0B392A25E6AE</generatorID>
<ownerDesignName>YH_magement3</ownerDesignName>
<importedID>168032DC-FCC5-371D-F0FA-CE35E5CC2C37</importedID>
<useDomainConstraints>false</useDomainConstraints>
<use>1</use>
<logicalDatatype>LOGDT024</logicalDatatype>
<dataTypeSize>80</dataTypeSize>
<ownDataTypeParameters>80,,</ownDataTypeParameters>
<autoIncrementCycle>false</autoIncrementCycle>
</Column>
<Column name="Web" id="141663E4-5F33-9C0E-8EE1-189AB02CAD16">
<createdBy>xrpp</createdBy>
<createdTime>2022-11-28 19:35:02 UTC</createdTime>
<generatorID>8B516BE4-B159-151B-E4F2-20B5F2FA366D</generatorID>
<ownerDesignName>YH_magement3</ownerDesignName>
<importedID>1491DE68-F7A7-2EB1-2CA5-6C152800F4AD</importedID>
<useDomainConstraints>false</useDomainConstraints>
<use>1</use>
<logicalDatatype>LOGDT024</logicalDatatype>
<dataTypeSize>150</dataTypeSize>
<ownDataTypeParameters>150,,</ownDataTypeParameters>
<autoIncrementCycle>false</autoIncrementCycle>
</Column>
<Column name="Contraseña" id="A31EFAC1-ECFC-4F82-5F63-8BD27CEAC6EE">
<createdBy>xrpp</createdBy>
<createdTime>2022-11-28 19:35:02 UTC</createdTime>
<generatorID>31B066AA-F6A1-ED50-43D7-DB4F28805C3D</generatorID>
<ownerDesignName>YH_magement3</ownerDesignName>
<importedID>AB6536EE-F54C-879A-E714-9BA2D7F202C1</importedID>
<useDomainConstraints>false</useDomainConstraints>
<use>1</use>
<logicalDatatype>LOGDT024</logicalDatatype>
<dataTypeSize>255</dataTypeSize>
<ownDataTypeParameters>255,,</ownDataTypeParameters>
<autoIncrementCycle>false</autoIncrementCycle>
</Column>
<Column name="DatosPersonales_DNI_NIE_NIF" id="AACF5CE0-7DF2-FEFB-D1E4-ADE7CC293391">
<createdBy>xrpp</createdBy>
<createdTime>2022-11-28 19:35:02 UTC</createdTime>
<generatorID>21DF3955-44FE-1BB3-6A2F-4358072C2D85</generatorID>
<ownerDesignName>YH_magement3</ownerDesignName>
<importedID>8F94660E-2FAC-DAB2-53F8-3EB37A6CCAE6</importedID>
<useDomainConstraints>false</useDomainConstraints>
<use>1</use>
<logicalDatatype>LOGDT024</logicalDatatype>
<dataTypeSize>15</dataTypeSize>
<ownDataTypeParameters>15,,</ownDataTypeParameters>
<autoIncrementCycle>false</autoIncrementCycle>
<associations>
<colAssociation fkAssociation="E0F43017-78CC-6566-EAF9-292FFE3C05E1" referredColumn="0F322EF6-BE96-4E43-4FCD-6026210DE50F"/>
</associations>
</Column>
</columns>
<indexes itemClass="oracle.dbtools.crest.model.design.relational.Index">
<ind_PK_UK id="5EA88EBA-CC22-373E-08ED-2D89B4477922" name="Colaborador_PK">
<createdBy>xrpp</createdBy>
<createdTime>2022-11-28 19:35:02 UTC</createdTime>
<generatorID>BBF16BCF-3FB4-5B5E-CCDD-3351E658229B</generatorID>
<ownerDesignName>YH_magement3</ownerDesignName>
<importedID>466F4E59-A919-83B2-BA95-FE486BB2FF74</importedID>
<pk>true</pk>
<indexState>Primary Constraint</indexState>
<isSurrogateKey>false</isSurrogateKey>
<indexColumnUsage>
<colUsage columnID="26088133-FAA4-0F41-E14B-AAD6E841466B"/>
</indexColumnUsage>
</ind_PK_UK>
<ind_PK_UK id="EE1142C7-91C7-9F52-4C34-96594967AE2A" name="Colaborador_DatosPersonales_FK">
<createdBy>xrpp</createdBy>
<createdTime>2022-11-28 19:35:02 UTC</createdTime>
<generatorID>1A4BD6E9-5155-5D71-7B1F-8DD4F526DD3B</generatorID>
<ownerDesignName>YH_magement3</ownerDesignName>
<indexState>Foreign Key</indexState>
<isSurrogateKey>false</isSurrogateKey>
<indexColumnUsage>
<colUsage columnID="AACF5CE0-7DF2-FEFB-D1E4-ADE7CC293391"/>
</indexColumnUsage>
</ind_PK_UK>
</indexes>
</Table>