<?xml version = '1.0' encoding = 'UTF-8'?>
<Table class="oracle.dbtools.crest.model.design.relational.Table" directorySegmentName="seg_0" id="E170B6C4-8D08-E4B8-53AC-37E8D12358BE" name="Relation_14">
<createdBy>xrpp</createdBy>
<createdTime>2022-11-28 19:35:02 UTC</createdTime>
<ownerDesignName>YH_magement3</ownerDesignName>
<importedID>F5BF9729-7A4C-6601-2672-01ED8A6503DD</importedID>
<allowColumnReorder>false</allowColumnReorder>
<existDependencyGenerateInDDl>true</existDependencyGenerateInDDl>
<parsed>true</parsed>
<columns itemClass="oracle.dbtools.crest.model.design.relational.Column">
<Column name="Colaborador_ID_colaborador" id="7C338E19-173A-C9CF-CAB1-84B761AB792D">
<createdBy>xrpp</createdBy>
<createdTime>2022-11-28 19:35:02 UTC</createdTime>
<ownerDesignName>YH_magement3</ownerDesignName>
<importedID>0C6E88FE-92B5-AC07-AF51-01A0984B7C6A</importedID>
<useDomainConstraints>false</useDomainConstraints>
<use>1</use>
<logicalDatatype>LOGDT011</logicalDatatype>
<ownDataTypeParameters>,,</ownDataTypeParameters>
<autoIncrementCycle>false</autoIncrementCycle>
<associations>
<colAssociation fkAssociation="34662BA0-CBC9-A158-4F73-AB6D1D77860B" referredColumn="26088133-FAA4-0F41-E14B-AAD6E841466B"/>
</associations>
</Column>
<Column name="Asiento_Caja_ID" id="791D4EBE-0D37-0DD8-A36D-53241D026A4C">
<createdBy>xrpp</createdBy>
<createdTime>2022-11-28 19:35:02 UTC</createdTime>
<ownerDesignName>YH_magement3</ownerDesignName>
<importedID>946E634F-304C-C256-11F0-539F57DBFE1F</importedID>
<useDomainConstraints>false</useDomainConstraints>
<use>1</use>
<logicalDatatype>LOGDT011</logicalDatatype>
<ownDataTypeParameters>,,</ownDataTypeParameters>
<autoIncrementCycle>false</autoIncrementCycle>
<associations>
<colAssociation fkAssociation="8A3E13B0-1C8B-977D-CD7C-61D37B7701D8" referredColumn="FA2B1345-23B7-E967-D6C7-91318E7C4901"/>
</associations>
</Column>
</columns>
<indexes itemClass="oracle.dbtools.crest.model.design.relational.Index">
<ind_PK_UK id="B4FF537C-54F7-9B8E-16DA-AADC28AE4E25" name="Relation_14_PK">
<createdBy>xrpp</createdBy>
<createdTime>2022-11-28 19:35:02 UTC</createdTime>
<ownerDesignName>YH_magement3</ownerDesignName>
<importedID>FC3863CF-5795-CB6F-333C-62AAA7FFB718</importedID>
<pk>true</pk>
<indexState>Primary Constraint</indexState>
<isSurrogateKey>false</isSurrogateKey>
<indexColumnUsage>
<colUsage columnID="7C338E19-173A-C9CF-CAB1-84B761AB792D"/>
<colUsage columnID="791D4EBE-0D37-0DD8-A36D-53241D026A4C"/>
</indexColumnUsage>
</ind_PK_UK>
<ind_PK_UK id="872B2FFB-9876-9332-BA96-9622D80D5454" name="Relation_14_Colaborador_FK">
<createdBy>xrpp</createdBy>
<createdTime>2022-11-28 19:35:02 UTC</createdTime>
<generatorID>5760E0E6-C80F-7FB0-E60A-326D910B15A9</generatorID>
<ownerDesignName>YH_magement3</ownerDesignName>
<indexState>Foreign Key</indexState>
<isSurrogateKey>false</isSurrogateKey>
<indexColumnUsage>
<colUsage columnID="7C338E19-173A-C9CF-CAB1-84B761AB792D"/>
</indexColumnUsage>
</ind_PK_UK>
<ind_PK_UK id="2E1FB52F-678A-FE6F-1BE8-F6D7F011F0D5" name="Relation_14_Asiento_Caja_FK">
<createdBy>xrpp</createdBy>
<createdTime>2022-11-28 19:35:02 UTC</createdTime>
<generatorID>5760E0E6-C80F-7FB0-E60A-326D910B15A9</generatorID>
<ownerDesignName>YH_magement3</ownerDesignName>
<indexState>Foreign Key</indexState>
<isSurrogateKey>false</isSurrogateKey>
<indexColumnUsage>
<colUsage columnID="791D4EBE-0D37-0DD8-A36D-53241D026A4C"/>
</indexColumnUsage>
</ind_PK_UK>
</indexes>
</Table>