<?xml version = '1.0' encoding = 'UTF-8'?>
<Table class="oracle.dbtools.crest.model.design.relational.Table" directorySegmentName="seg_0" id="E580E301-570E-1430-F618-69D6E3832D61" name="Relation_12">
<createdBy>xrpp</createdBy>
<createdTime>2022-11-28 19:35:02 UTC</createdTime>
<ownerDesignName>YH_magement3</ownerDesignName>
<importedID>15673572-19AE-5F71-4B89-8915546D9B0E</importedID>
<allowColumnReorder>false</allowColumnReorder>
<existDependencyGenerateInDDl>true</existDependencyGenerateInDDl>
<parsed>true</parsed>
<columns itemClass="oracle.dbtools.crest.model.design.relational.Column">
<Column name="Cliente_ID_cliente" id="F2D84B2D-71F7-EEA6-1558-48E8D77EEA6F">
<createdBy>xrpp</createdBy>
<createdTime>2022-11-28 19:35:02 UTC</createdTime>
<ownerDesignName>YH_magement3</ownerDesignName>
<importedID>7576F280-9251-D049-179C-E50B33FCE440</importedID>
<useDomainConstraints>false</useDomainConstraints>
<use>1</use>
<logicalDatatype>LOGDT011</logicalDatatype>
<ownDataTypeParameters>,,</ownDataTypeParameters>
<autoIncrementCycle>false</autoIncrementCycle>
<associations>
<colAssociation fkAssociation="243AE317-06CF-977E-C520-92EC421C46C7" referredColumn="DF569E35-BD19-C1E3-E7E0-0F64ABBFE07C"/>
</associations>
</Column>
<Column name="Evento_ID" id="5000A4E6-CF4C-C107-F14B-66FA94881673">
<createdBy>xrpp</createdBy>
<createdTime>2022-11-28 19:35:02 UTC</createdTime>
<ownerDesignName>YH_magement3</ownerDesignName>
<importedID>6E7472C6-347D-1FB3-6E62-24791B359DB0</importedID>
<useDomainConstraints>false</useDomainConstraints>
<use>1</use>
<logicalDatatype>LOGDT011</logicalDatatype>
<ownDataTypeParameters>,,</ownDataTypeParameters>
<autoIncrementCycle>false</autoIncrementCycle>
<associations>
<colAssociation fkAssociation="199BEAB4-3060-874E-D773-AB21B89F998D" referredColumn="5B9CDBB2-59BE-CCD0-99A0-87C532D42FB6"/>
</associations>
</Column>
</columns>
<indexes itemClass="oracle.dbtools.crest.model.design.relational.Index">
<ind_PK_UK id="8CF5304F-0779-E500-0E7F-7704F842B565" name="Relation_12_PK">
<createdBy>xrpp</createdBy>
<createdTime>2022-11-28 19:35:02 UTC</createdTime>
<ownerDesignName>YH_magement3</ownerDesignName>
<importedID>166B3A15-A70C-7EB9-23EA-81C1B0DCD00B</importedID>
<pk>true</pk>
<indexState>Primary Constraint</indexState>
<isSurrogateKey>false</isSurrogateKey>
<indexColumnUsage>
<colUsage columnID="F2D84B2D-71F7-EEA6-1558-48E8D77EEA6F"/>
<colUsage columnID="5000A4E6-CF4C-C107-F14B-66FA94881673"/>
</indexColumnUsage>
</ind_PK_UK>
<ind_PK_UK id="085B180B-00D9-D100-4701-EE8FE96AA0EC" name="Relation_12_Cliente_FK">
<createdBy>xrpp</createdBy>
<createdTime>2022-11-28 19:35:02 UTC</createdTime>
<generatorID>1298C2C9-9EAF-0D4B-C6F0-982822762817</generatorID>
<ownerDesignName>YH_magement3</ownerDesignName>
<indexState>Foreign Key</indexState>
<isSurrogateKey>false</isSurrogateKey>
<indexColumnUsage>
<colUsage columnID="F2D84B2D-71F7-EEA6-1558-48E8D77EEA6F"/>
</indexColumnUsage>
</ind_PK_UK>
<ind_PK_UK id="18303C35-3865-EBE3-8E31-DBF9AA5BD4BE" name="Relation_12_Evento_FK">
<createdBy>xrpp</createdBy>
<createdTime>2022-11-28 19:35:02 UTC</createdTime>
<generatorID>1298C2C9-9EAF-0D4B-C6F0-982822762817</generatorID>
<ownerDesignName>YH_magement3</ownerDesignName>
<indexState>Foreign Key</indexState>
<isSurrogateKey>false</isSurrogateKey>
<indexColumnUsage>
<colUsage columnID="5000A4E6-CF4C-C107-F14B-66FA94881673"/>
</indexColumnUsage>
</ind_PK_UK>
</indexes>
</Table>