<?xml version = '1.0' encoding = 'UTF-8'?>
<Table class="oracle.dbtools.crest.model.design.relational.Table" directorySegmentName="seg_0" id="E7B7FBEC-3A20-D33F-5BC2-EBBEFD83BE7B" name="Operacion_Caja">
<createdBy>xrpp</createdBy>
<createdTime>2022-11-28 19:35:02 UTC</createdTime>
<generatorID>0C81B477-D9E5-FCD9-1998-EF08B3462445</generatorID>
<ownerDesignName>YH_magement3</ownerDesignName>
<importedID>FDA73B72-02B9-4DE0-7828-F73A550D2736</importedID>
<ordsAlias>asiento_caja</ordsAlias>
<allowColumnReorder>false</allowColumnReorder>
<existDependencyGenerateInDDl>true</existDependencyGenerateInDDl>
<parsed>true</parsed>
<columns itemClass="oracle.dbtools.crest.model.design.relational.Column">
<Column name="ID" id="FA2B1345-23B7-E967-D6C7-91318E7C4901">
<createdBy>xrpp</createdBy>
<createdTime>2022-11-28 19:35:02 UTC</createdTime>
<generatorID>7C3727F4-7741-24E9-6A10-F0001C2208F8</generatorID>
<ownerDesignName>YH_magement3</ownerDesignName>
<importedID>AE8A9D24-78E4-BA34-4536-6C664B9D5B8D</importedID>
<useDomainConstraints>false</useDomainConstraints>
<use>1</use>
<logicalDatatype>LOGDT011</logicalDatatype>
<ownDataTypeParameters>,,</ownDataTypeParameters>
<autoIncrementCycle>false</autoIncrementCycle>
</Column>
<Column name="Fecha" id="1A5311C5-F07B-145D-D7BF-B346B5F3BCF0">
<createdBy>xrpp</createdBy>
<createdTime>2022-11-28 19:35:02 UTC</createdTime>
<generatorID>10E084DA-4610-BF49-183E-FE46F614129D</generatorID>
<ownerDesignName>YH_magement3</ownerDesignName>
<importedID>081AC6D6-1275-9D35-4A6F-D6AE703878BF</importedID>
<useDomainConstraints>false</useDomainConstraints>
<use>1</use>
<logicalDatatype>LOGDT007</logicalDatatype>
<ownDataTypeParameters>,,</ownDataTypeParameters>
<autoIncrementCycle>false</autoIncrementCycle>
</Column>
<Column name="Tipo" id="17EFF924-868A-33FB-6D66-C1116FB17EE9">
<createdBy>xrpp</createdBy>
<createdTime>2022-11-28 19:35:02 UTC</createdTime>
<generatorID>E708D2D1-573A-EA22-8335-DB7624AF3C64</generatorID>
<ownerDesignName>YH_magement3</ownerDesignName>
<importedID>4FBF97D0-2AF8-85E1-DC38-B135922F91D9</importedID>
<useDomainConstraints>false</useDomainConstraints>
<use>1</use>
<logicalDatatype>LOGDT024</logicalDatatype>
<dataTypeSize>15</dataTypeSize>
<ownDataTypeParameters>15,,</ownDataTypeParameters>
<autoIncrementCycle>false</autoIncrementCycle>
</Column>
<Column name="Importe" id="EB5C29E4-F7BC-D5C0-7171-BA3828C16949">
<createdBy>xrpp</createdBy>
<createdTime>2022-11-28 19:35:02 UTC</createdTime>
<generatorID>E599216D-4371-85E1-806A-17CB5018A1AE</generatorID>
<ownerDesignName>YH_magement3</ownerDesignName>
<importedID>4D9174F3-9CBC-BD7F-A99B-0710DC6C41FC</importedID>
<useDomainConstraints>false</useDomainConstraints>
<use>1</use>
<logicalDatatype>LOGDT043</logicalDatatype>
<dataTypePrecision>2</dataTypePrecision>
<dataTypeScale>10</dataTypeScale>
<ownDataTypeParameters>,2,10</ownDataTypeParameters>
<autoIncrementCycle>false</autoIncrementCycle>
</Column>
</columns>
<indexes itemClass="oracle.dbtools.crest.model.design.relational.Index">
<ind_PK_UK id="7275B7B2-3E84-DF5D-7AD8-B877374E32E2" name="Asiento_Caja_PK">
<createdBy>xrpp</createdBy>
<createdTime>2022-11-28 19:35:02 UTC</createdTime>
<generatorID>438607E5-BA23-AD21-EBA2-79CC7742CD0E</generatorID>
<ownerDesignName>YH_magement3</ownerDesignName>
<importedID>4D89F528-4BEE-F448-2626-071F827CF958</importedID>
<pk>true</pk>
<indexState>Primary Constraint</indexState>
<isSurrogateKey>false</isSurrogateKey>
<indexColumnUsage>
<colUsage columnID="FA2B1345-23B7-E967-D6C7-91318E7C4901"/>
</indexColumnUsage>
</ind_PK_UK>
</indexes>
</Table>