<?xml version = '1.0' encoding = 'UTF-8'?>
<Table class="oracle.dbtools.crest.model.design.relational.Table" directorySegmentName="seg_0" id="EAEB79E2-F437-3DD8-1EF4-5DE3A6CC0F87" name="Media">
<createdBy>xrpp</createdBy>
<createdTime>2022-11-28 19:35:02 UTC</createdTime>
<generatorID>2374E2BE-FA04-5B6C-D8C7-3D1E1FFF101B</generatorID>
<ownerDesignName>YH_magement3</ownerDesignName>
<importedID>41872413-1628-9970-19F7-ABF5A67840F2</importedID>
<allowColumnReorder>false</allowColumnReorder>
<existDependencyGenerateInDDl>true</existDependencyGenerateInDDl>
<parsed>true</parsed>
<columns itemClass="oracle.dbtools.crest.model.design.relational.Column">
<Column name="ID_Media" id="4B4B360C-D559-4DE0-858C-6C6D3F317E2F">
<createdBy>xrpp</createdBy>
<createdTime>2022-11-28 19:35:02 UTC</createdTime>
<generatorID>D51DAE55-A4BF-2286-39DC-6E77B75DCF79</generatorID>
<ownerDesignName>YH_magement3</ownerDesignName>
<importedID>D0B9B54C-373B-7056-1D90-F944519D2695</importedID>
<useDomainConstraints>false</useDomainConstraints>
<use>1</use>
<logicalDatatype>LOGDT011</logicalDatatype>
<ownDataTypeParameters>,,</ownDataTypeParameters>
<autoIncrementCycle>false</autoIncrementCycle>
</Column>
<Column name="Fotos" id="A775C5B5-00F8-7538-7D9A-AC01CF86B85A">
<createdBy>xrpp</createdBy>
<createdTime>2022-11-28 19:35:02 UTC</createdTime>
<generatorID>D87A10EF-3089-146D-4169-3CB383EFA2F6</generatorID>
<ownerDesignName>YH_magement3</ownerDesignName>
<importedID>D0EFAC08-29DB-00EB-EEC4-C98E711FC9F5</importedID>
<useDomainConstraints>false</useDomainConstraints>
<use>1</use>
<logicalDatatype>LOGDT024</logicalDatatype>
<dataTypeSize>200</dataTypeSize>
<ownDataTypeParameters>200,,</ownDataTypeParameters>
<autoIncrementCycle>false</autoIncrementCycle>
</Column>
<Column name="Videos" id="232826F2-3B61-6E54-9A26-3EE846FB2618">
<createdBy>xrpp</createdBy>
<createdTime>2022-11-28 19:35:02 UTC</createdTime>
<generatorID>7760FACE-DAE3-4A45-E8A0-148D8587838F</generatorID>
<ownerDesignName>YH_magement3</ownerDesignName>
<importedID>E8860651-2B8B-5F6F-BAC6-917C3A53A2D5</importedID>
<nullsAllowed>true</nullsAllowed>
<useDomainConstraints>false</useDomainConstraints>
<use>1</use>
<logicalDatatype>LOGDT024</logicalDatatype>
<dataTypeSize>200</dataTypeSize>
<ownDataTypeParameters>200,,</ownDataTypeParameters>
<autoIncrementCycle>false</autoIncrementCycle>
</Column>
<Column name="Redes_sociales" id="2504DDFE-337E-0D90-FAFF-24D7FDE9747C">
<createdBy>xrpp</createdBy>
<createdTime>2022-11-28 19:35:02 UTC</createdTime>
<generatorID>D58B49D1-71E9-D6D8-7702-BF6C22AB6C97</generatorID>
<ownerDesignName>YH_magement3</ownerDesignName>
<importedID>5DFD8D09-00BA-CD3D-0C3E-7CDDB465C3D5</importedID>
<useDomainConstraints>false</useDomainConstraints>
<use>1</use>
<logicalDatatype>LOGDT024</logicalDatatype>
<dataTypeSize>255</dataTypeSize>
<ownDataTypeParameters>255,,</ownDataTypeParameters>
<autoIncrementCycle>false</autoIncrementCycle>
</Column>
<Column name="Entrevista_ID_entrevista" id="C7ECFC99-A2AC-1B07-1192-371D6FB1DC9B">
<createdBy>xrpp</createdBy>
<createdTime>2022-11-28 19:35:02 UTC</createdTime>
<generatorID>AD831C9D-9AEA-C470-BA6B-AE31E49AFC1C</generatorID>
<ownerDesignName>YH_magement3</ownerDesignName>
<importedID>DECBCA53-D13C-A24A-DCE9-4CA28527E668</importedID>
<useDomainConstraints>false</useDomainConstraints>
<use>1</use>
<logicalDatatype>LOGDT011</logicalDatatype>
<ownDataTypeParameters>,,</ownDataTypeParameters>
<autoIncrementCycle>false</autoIncrementCycle>
<associations>
<colAssociation fkAssociation="7AE8F33C-0FDF-6B83-79F9-FBD1B280C9D0" referredColumn="606C3058-A50B-4D03-E4A1-E750FB8D9D05"/>
</associations>
</Column>
</columns>
<indexes itemClass="oracle.dbtools.crest.model.design.relational.Index">
<ind_PK_UK id="C25F73D5-B17A-AEDB-D146-406A50EFADD6" name="Media_PK">
<createdBy>xrpp</createdBy>
<createdTime>2022-11-28 19:35:02 UTC</createdTime>
<generatorID>47BC39F5-3A6C-38EF-8EDD-F14CB864E1C2</generatorID>
<ownerDesignName>YH_magement3</ownerDesignName>
<importedID>3EBA094F-D199-1298-4472-1EE86FF0654E</importedID>
<pk>true</pk>
<indexState>Primary Constraint</indexState>
<isSurrogateKey>false</isSurrogateKey>
<indexColumnUsage>
<colUsage columnID="4B4B360C-D559-4DE0-858C-6C6D3F317E2F"/>
</indexColumnUsage>
</ind_PK_UK>
<ind_PK_UK id="1B7B5BC4-F0A4-CF13-E8DE-CBFFE206839A" name="Media_Entrevista_FK">
<createdBy>xrpp</createdBy>
<createdTime>2022-11-28 19:35:02 UTC</createdTime>
<generatorID>7D62BCB0-0776-79E2-BD3A-5BA8BB1518A5</generatorID>
<ownerDesignName>YH_magement3</ownerDesignName>
<indexState>Foreign Key</indexState>
<isSurrogateKey>false</isSurrogateKey>
<indexColumnUsage>
<colUsage columnID="C7ECFC99-A2AC-1B07-1192-371D6FB1DC9B"/>
</indexColumnUsage>
</ind_PK_UK>
</indexes>
</Table>