<?xml version = '1.0' encoding = 'UTF-8'?>
<Table class="oracle.dbtools.crest.model.design.relational.Table" directorySegmentName="seg_0" id="FC3E097A-930A-C64B-B2E6-8606F07EC187" name="Entrevista">
<createdBy>xrpp</createdBy>
<createdTime>2022-11-28 19:35:02 UTC</createdTime>
<generatorID>79A33594-26CD-EB5C-6505-B07C0E3C0050</generatorID>
<ownerDesignName>YH_magement3</ownerDesignName>
<importedID>7C629CBF-8FDF-B315-0E8A-ECF8519B04AE</importedID>
<allowColumnReorder>false</allowColumnReorder>
<existDependencyGenerateInDDl>true</existDependencyGenerateInDDl>
<parsed>true</parsed>
<columns itemClass="oracle.dbtools.crest.model.design.relational.Column">
<Column name="ID_entrevista" id="606C3058-A50B-4D03-E4A1-E750FB8D9D05">
<createdBy>xrpp</createdBy>
<createdTime>2022-11-28 19:35:02 UTC</createdTime>
<generatorID>A05EA129-F38C-C1AF-BC6D-87735CE95435</generatorID>
<ownerDesignName>YH_magement3</ownerDesignName>
<importedID>25BF9A20-2A0F-F462-A3C8-F9485747ACA4</importedID>
<useDomainConstraints>false</useDomainConstraints>
<use>1</use>
<logicalDatatype>LOGDT011</logicalDatatype>
<ownDataTypeParameters>,,</ownDataTypeParameters>
<autoIncrementCycle>false</autoIncrementCycle>
</Column>
<Column name="Formato" id="ACDF8A7A-B194-5AE9-3A06-A6F054C043CD">
<createdBy>xrpp</createdBy>
<createdTime>2022-11-28 19:35:02 UTC</createdTime>
<generatorID>B4CCBF05-4411-335E-DE31-3B7743799D69</generatorID>
<ownerDesignName>YH_magement3</ownerDesignName>
<importedID>475C5F26-08C3-3478-E1D4-C61F45532CAE</importedID>
<useDomainConstraints>false</useDomainConstraints>
<use>1</use>
<logicalDatatype>LOGDT024</logicalDatatype>
<dataTypeSize>40</dataTypeSize>
<ownDataTypeParameters>40,,</ownDataTypeParameters>
<autoIncrementCycle>false</autoIncrementCycle>
</Column>
<Column name="Medio" id="40F3B0D1-E2E3-9E54-2EC3-25C682E1D8CC">
<createdBy>xrpp</createdBy>
<createdTime>2022-11-28 19:35:02 UTC</createdTime>
<generatorID>9F1352D4-DB9F-2890-0A68-43B400629489</generatorID>
<ownerDesignName>YH_magement3</ownerDesignName>
<importedID>D4670A18-6DAE-D2BB-AE38-DE487ABEB5DE</importedID>
<useDomainConstraints>false</useDomainConstraints>
<use>1</use>
<logicalDatatype>LOGDT024</logicalDatatype>
<dataTypeSize>60</dataTypeSize>
<ownDataTypeParameters>60,,</ownDataTypeParameters>
<autoIncrementCycle>false</autoIncrementCycle>
</Column>
</columns>
<indexes itemClass="oracle.dbtools.crest.model.design.relational.Index">
<ind_PK_UK id="CB588695-EFC3-F55A-729F-E53589C5EEEF" name="Entrevista_PK">
<createdBy>xrpp</createdBy>
<createdTime>2022-11-28 19:35:02 UTC</createdTime>
<generatorID>7D7F8C2D-2EFA-9A32-CAAE-A0CDE95F62DB</generatorID>
<ownerDesignName>YH_magement3</ownerDesignName>
<importedID>45502C0F-7A31-67FD-DD4B-0C158A448E36</importedID>
<pk>true</pk>
<indexState>Primary Constraint</indexState>
<isSurrogateKey>false</isSurrogateKey>
<indexColumnUsage>
<colUsage columnID="606C3058-A50B-4D03-E4A1-E750FB8D9D05"/>
</indexColumnUsage>
</ind_PK_UK>
</indexes>
</Table>