<?xml version = '1.0' encoding = 'UTF-8'?>
<Diagram class="oracle.dbtools.crest.swingui.logical.DPVLogical" name="Logical" id="9E4D1E50-FD91-4544-8BB2-4A7570BF4351">
<createdBy>xrpp</createdBy>
<modifiedBy>xrpp</modifiedBy>
<createdTime>2022-11-28 19:35:02 UTC</createdTime>
<autoRoute>false</autoRoute>
<boxInbox>true</boxInbox>
<showLegend>false</showLegend>
<showLabels>false</showLabels>
<showRelAttributes>false</showRelAttributes>
<gridEnabled>false</gridEnabled>
<showGrid>false</showGrid>
<diagramColor>-1</diagramColor>
<display>false</display>
<notation>2</notation>
<objectViews>
<OView class="oracle.dbtools.crest.swingui.logical.TVEntity" oid="0C81B477-D9E5-FCD9-1998-EF08B3462445" otype="Entity" vid="5D5C80C6-1103-181B-61AE-F6124B1B3F41">
<hideElementsInCurrentOnly>false</hideElementsInCurrentOnly>
<bounds x="731" y="616" width="170" height="110"/>
</OView>
<OView class="oracle.dbtools.crest.swingui.logical.TVEntity" oid="1E9B0CFE-C10B-4A0D-4D62-C1E203D1CA2B" otype="Entity" vid="F1F43407-5D5B-8CF3-A58B-20917A3BE657">
<hideElementsInCurrentOnly>false</hideElementsInCurrentOnly>
<bounds x="978" y="1042" width="363" height="136"/>
</OView>
<OView class="oracle.dbtools.crest.swingui.logical.TVEntity" oid="2374E2BE-FA04-5B6C-D8C7-3D1E1FFF101B" otype="Entity" vid="97B6340C-D6ED-8588-2480-AEB6FC7AEBD7">
<hideElementsInCurrentOnly>false</hideElementsInCurrentOnly>
<bounds x="657" y="278" width="271" height="147"/>
</OView>
<OView class="oracle.dbtools.crest.swingui.logical.TVEntity" oid="2404208A-E2E0-534B-AE8E-153D0EB7FCC9" otype="Entity" vid="5CE44D16-1370-4AAA-63A8-E6F3536C6C15">
<hideElementsInCurrentOnly>false</hideElementsInCurrentOnly>
<bounds x="1251" y="52" width="205" height="126"/>
</OView>
<OView class="oracle.dbtools.crest.swingui.logical.TVEntity" oid="2C5C4071-979C-F0DE-3C11-0CF63E2C22CF" otype="Entity" vid="36CB7452-3257-AFB8-9659-612D96C97961">
<hideElementsInCurrentOnly>false</hideElementsInCurrentOnly>
<bounds x="8" y="16" width="203" height="156"/>
</OView>
<OView class="oracle.dbtools.crest.swingui.logical.TVEntity" oid="3E9919DA-6DB4-2607-D628-C8F693D2134A" otype="Entity" vid="54480223-6B0B-9636-B40A-AC513CB191D5">
<hideElementsInCurrentOnly>false</hideElementsInCurrentOnly>
<bounds x="711" y="15" width="362" height="176"/>
</OView>
<OView class="oracle.dbtools.crest.swingui.logical.TVEntity" oid="4CB6B572-DC09-B354-89E7-7C968A0C200E" otype="Entity" vid="9596D20F-8707-5715-A6E5-22E4648144AF">
<hideElementsInCurrentOnly>false</hideElementsInCurrentOnly>
<bounds x="173" y="808" width="219" height="155"/>
</OView>
<OView class="oracle.dbtools.crest.swingui.logical.TVEntity" oid="620A5960-B3CA-B663-E821-04877E49E4E4" otype="Entity" vid="EF16B0D6-4560-8467-437C-C134CEE3ACC6">
<hideElementsInCurrentOnly>false</hideElementsInCurrentOnly>
<bounds x="1088" y="510" width="170" height="110"/>
</OView>
<OView class="oracle.dbtools.crest.swingui.logical.TVEntity" oid="79A33594-26CD-EB5C-6505-B07C0E3C0050" otype="Entity" vid="D9E0C4B3-9A0E-66CF-6310-ACE5CC41F714">
<hideElementsInCurrentOnly>false</hideElementsInCurrentOnly>
<bounds x="643" y="468" width="219" height="105"/>
</OView>
<OView class="oracle.dbtools.crest.swingui.logical.TVEntity" oid="98D17F9F-5B76-3A26-F509-6D041A85DCF8" otype="Entity" vid="0D2842D1-9984-165E-8EA1-A9B9207C768B">
<hideElementsInCurrentOnly>false</hideElementsInCurrentOnly>
<bounds x="48" y="238" width="197" height="209"/>
</OView>
<OView class="oracle.dbtools.crest.swingui.logical.TVEntity" oid="BA9A45A6-168F-11A1-1932-7CE8120CFB52" otype="Entity" vid="6E990043-449E-2642-D2D0-B3CF9CE3C8DB">
<hideElementsInCurrentOnly>false</hideElementsInCurrentOnly>
<bounds x="1119" y="255" width="259" height="189"/>
</OView>
<OView class="oracle.dbtools.crest.swingui.logical.TVEntity" oid="DE221FF6-2DFB-8FC9-E011-3E97DE06E144" otype="Entity" vid="F91DE740-A6CD-8CE2-BE3D-3DB7C75B80D7">
<hideElementsInCurrentOnly>false</hideElementsInCurrentOnly>
<bounds x="294" y="20" width="274" height="183"/>
</OView>
<OView class="oracle.dbtools.crest.swingui.logical.TVEntity" oid="E9E453BB-D119-E4A1-8CE6-CBB87923F266" otype="Entity" vid="56486645-3522-B838-CE46-06C1B3538D43">
<hideElementsInCurrentOnly>false</hideElementsInCurrentOnly>
<bounds x="1039" y="728" width="337" height="145"/>
</OView>
</objectViews>
<connectors>
<Connector class="oracle.dbtools.crest.swingui.logical.TVRelation" oid="1298C2C9-9EAF-0D4B-C6F0-982822762817" otype="Relation" vid_source="F1F43407-5D5B-8CF3-A58B-20917A3BE657" vid_target="9596D20F-8707-5715-A6E5-22E4648144AF">
<hideElementsInCurrentOnly>false</hideElementsInCurrentOnly>
<backgroundColor>-16777216</backgroundColor>
<lineWidth>1</lineWidth>
<points>
<point x="1087" y="1042"/>
<point x="392" y="839"/>
</points>
</Connector>
<Connector class="oracle.dbtools.crest.swingui.logical.TVRelation" oid="17F49AB7-BBB3-2E6D-7D0F-5768BDBC828C" otype="Relation" vid_source="56486645-3522-B838-CE46-06C1B3538D43" vid_target="6E990043-449E-2642-D2D0-B3CF9CE3C8DB">
<hideElementsInCurrentOnly>false</hideElementsInCurrentOnly>
<backgroundColor>-16777216</backgroundColor>
<lineWidth>1</lineWidth>
<points>
<point x="1262" y="728"/>
<point x="1262" y="444"/>
</points>
</Connector>
<Connector class="oracle.dbtools.crest.swingui.logical.TVRelation" oid="1A4BD6E9-5155-5D71-7B1F-8DD4F526DD3B" otype="Relation" vid_source="6E990043-449E-2642-D2D0-B3CF9CE3C8DB" vid_target="EF16B0D6-4560-8467-437C-C134CEE3ACC6">
<hideElementsInCurrentOnly>false</hideElementsInCurrentOnly>
<backgroundColor>-16777216</backgroundColor>
<lineWidth>1</lineWidth>
<points>
<point x="1188" y="444"/>
<point x="1188" y="510"/>
</points>
</Connector>
<Connector class="oracle.dbtools.crest.swingui.logical.TVRelation" oid="41DBA28F-1BB6-F13A-F9EE-9025F984C1CD" otype="Relation" vid_source="F1F43407-5D5B-8CF3-A58B-20917A3BE657" vid_target="6E990043-449E-2642-D2D0-B3CF9CE3C8DB">
<hideElementsInCurrentOnly>false</hideElementsInCurrentOnly>
<backgroundColor>-16777216</backgroundColor>
<lineWidth>1</lineWidth>
<points>
<point x="1245" y="1042"/>
<point x="1245" y="444"/>
</points>
</Connector>
<Connector class="oracle.dbtools.crest.swingui.logical.TVRelation" oid="46ED1B41-4BE0-1BC1-418C-D3A1536B543D" otype="Relation" vid_source="9596D20F-8707-5715-A6E5-22E4648144AF" vid_target="54480223-6B0B-9636-B40A-AC513CB191D5">
<hideElementsInCurrentOnly>false</hideElementsInCurrentOnly>
<backgroundColor>-16777216</backgroundColor>
<lineWidth>1</lineWidth>
<points>
<point x="392" y="808"/>
<point x="820" y="191"/>
</points>
</Connector>
<Connector class="oracle.dbtools.crest.swingui.logical.TVRelation" oid="53C1560C-310F-2292-8CF0-B98462C89C19" otype="Relation" vid_source="6E990043-449E-2642-D2D0-B3CF9CE3C8DB" vid_target="54480223-6B0B-9636-B40A-AC513CB191D5">
<hideElementsInCurrentOnly>false</hideElementsInCurrentOnly>
<backgroundColor>-16777216</backgroundColor>
<lineWidth>1</lineWidth>
<points>
<point x="1119" y="259"/>
<point x="1004" y="191"/>
</points>
</Connector>
<Connector class="oracle.dbtools.crest.swingui.logical.TVRelation" oid="5760E0E6-C80F-7FB0-E60A-326D910B15A9" otype="Relation" vid_source="EF16B0D6-4560-8467-437C-C134CEE3ACC6" vid_target="5D5C80C6-1103-181B-61AE-F6124B1B3F41">
<hideElementsInCurrentOnly>false</hideElementsInCurrentOnly>
<backgroundColor>-16777216</backgroundColor>
<lineWidth>1</lineWidth>
<points>
<point x="1088" y="604"/>
<point x="870" y="616"/>
</points>
</Connector>
<Connector class="oracle.dbtools.crest.swingui.logical.TVRelation" oid="65F32D60-0B12-49CB-B6AA-9C09154FC5C5" otype="Relation" vid_source="F1F43407-5D5B-8CF3-A58B-20917A3BE657" vid_target="5D5C80C6-1103-181B-61AE-F6124B1B3F41">
<hideElementsInCurrentOnly>false</hideElementsInCurrentOnly>
<backgroundColor>-16777216</backgroundColor>
<lineWidth>1</lineWidth>
<points>
<point x="1130" y="1042"/>
<point x="836" y="726"/>
</points>
</Connector>
<Connector class="oracle.dbtools.crest.swingui.logical.TVRelation" oid="7297DA15-A7D1-6425-D60E-10F3AEA6F7B9" otype="Relation" vid_source="56486645-3522-B838-CE46-06C1B3538D43" vid_target="9596D20F-8707-5715-A6E5-22E4648144AF">
<hideElementsInCurrentOnly>false</hideElementsInCurrentOnly>
<backgroundColor>-16777216</backgroundColor>
<lineWidth>1</lineWidth>
<points>
<point x="1039" y="813"/>
<point x="392" y="813"/>
</points>
</Connector>
<Connector class="oracle.dbtools.crest.swingui.logical.TVRelation" oid="7960DEBA-6D5D-7782-83A3-F4C437A68099" otype="Relation" vid_source="97B6340C-D6ED-8588-2480-AEB6FC7AEBD7" vid_target="54480223-6B0B-9636-B40A-AC513CB191D5">
<hideElementsInCurrentOnly>false</hideElementsInCurrentOnly>
<backgroundColor>-16777216</backgroundColor>
<lineWidth>1</lineWidth>
<points>
<point x="849" y="278"/>
<point x="849" y="191"/>
</points>
</Connector>
<Connector class="oracle.dbtools.crest.swingui.logical.TVRelation" oid="7D62BCB0-0776-79E2-BD3A-5BA8BB1518A5" otype="Relation" vid_source="D9E0C4B3-9A0E-66CF-6310-ACE5CC41F714" vid_target="97B6340C-D6ED-8588-2480-AEB6FC7AEBD7">
<hideElementsInCurrentOnly>false</hideElementsInCurrentOnly>
<backgroundColor>-16777216</backgroundColor>
<lineWidth>1</lineWidth>
<points>
<point x="759" y="468"/>
<point x="759" y="425"/>
</points>
</Connector>
<Connector class="oracle.dbtools.crest.swingui.logical.TVRelation" oid="9D0E0607-532C-7CB6-478B-CEDDA17AAF7F" otype="Relation" vid_source="F91DE740-A6CD-8CE2-BE3D-3DB7C75B80D7" vid_target="54480223-6B0B-9636-B40A-AC513CB191D5">
<hideElementsInCurrentOnly>false</hideElementsInCurrentOnly>
<backgroundColor>-16777216</backgroundColor>
<lineWidth>1</lineWidth>
<points>
<point x="568" y="90"/>
<point x="711" y="90"/>
</points>
</Connector>
<Connector class="oracle.dbtools.crest.swingui.logical.TVRelation" oid="A9097E0B-B8A2-0C96-5EC9-74B2AFDFBA42" otype="Relation" vid_source="56486645-3522-B838-CE46-06C1B3538D43" vid_target="5D5C80C6-1103-181B-61AE-F6124B1B3F41">
<hideElementsInCurrentOnly>false</hideElementsInCurrentOnly>
<backgroundColor>-16777216</backgroundColor>
<lineWidth>1</lineWidth>
<points>
<point x="1039" y="766"/>
<point x="870" y="726"/>
</points>
</Connector>
<Connector class="oracle.dbtools.crest.swingui.logical.TVRelation" oid="B56D9900-40F2-01FA-CDEC-51474D617A1C" otype="Relation" vid_source="36CB7452-3257-AFB8-9659-612D96C97961" vid_target="54480223-6B0B-9636-B40A-AC513CB191D5">
<hideElementsInCurrentOnly>false</hideElementsInCurrentOnly>
<backgroundColor>-16777216</backgroundColor>
<lineWidth>1</lineWidth>
<points>
<point x="211" y="79"/>
<point x="711" y="79"/>
</points>
</Connector>
<Connector class="oracle.dbtools.crest.swingui.logical.TVRelation" oid="D6424052-125E-F391-5CE3-74FBA3A75521" otype="Relation" vid_source="5CE44D16-1370-4AAA-63A8-E6F3536C6C15" vid_target="6E990043-449E-2642-D2D0-B3CF9CE3C8DB">
<hideElementsInCurrentOnly>false</hideElementsInCurrentOnly>
<backgroundColor>-16777216</backgroundColor>
<lineWidth>1</lineWidth>
<points>
<point x="1314" y="178"/>
<point x="1314" y="255"/>
</points>
</Connector>
<Connector class="oracle.dbtools.crest.swingui.logical.TVRelation" oid="E7C0C24A-576D-8ACE-B0FA-770AA1D7D112" otype="Relation" vid_source="EF16B0D6-4560-8467-437C-C134CEE3ACC6" vid_target="9596D20F-8707-5715-A6E5-22E4648144AF">
<hideElementsInCurrentOnly>false</hideElementsInCurrentOnly>
<backgroundColor>-16777216</backgroundColor>
<lineWidth>1</lineWidth>
<points>
<point x="1102" y="620"/>
<point x="392" y="808"/>
</points>
</Connector>
<Connector class="oracle.dbtools.crest.swingui.logical.TVRelation" oid="E88AF3B5-AA7F-0285-4335-DD2BBED5F991" otype="Relation" vid_source="54480223-6B0B-9636-B40A-AC513CB191D5" vid_target="5D5C80C6-1103-181B-61AE-F6124B1B3F41">
<hideElementsInCurrentOnly>false</hideElementsInCurrentOnly>
<backgroundColor>-16777216</backgroundColor>
<lineWidth>1</lineWidth>
<points>
<point x="835" y="191"/>
<point x="835" y="616"/>
</points>
</Connector>
<Connector class="oracle.dbtools.crest.swingui.logical.TVRelation" oid="FAB47509-B433-F362-D107-474E234EC1EF" otype="Relation" vid_source="0D2842D1-9984-165E-8EA1-A9B9207C768B" vid_target="F91DE740-A6CD-8CE2-BE3D-3DB7C75B80D7">
<hideElementsInCurrentOnly>false</hideElementsInCurrentOnly>
<backgroundColor>-16777216</backgroundColor>
<lineWidth>1</lineWidth>
<points>
<point x="245" y="262"/>
<point x="318" y="203"/>
</points>
</Connector>
</connectors>
</Diagram>