<?xml version = '1.0' encoding = 'UTF-8'?>
<FKIndexAssociation class="oracle.dbtools.crest.model.design.relational.FKIndexAssociation" directorySegmentName="seg_0" id="01546313-1D4C-A5C2-A6F0-7216B09BB4FE" containerWithKeyObject="E5967936-11DD-8F53-FB54-961973C73776" localFKIndex="6A4F28CE-493A-2984-870C-BCB705267A0A" name="Relation_14_Colaborador_FK">
<createdBy>xrpp</createdBy>
<createdTime>2022-11-28 19:50:26 UTC</createdTime>
<generatorID>5760E0E6-C80F-7FB0-E60A-326D910B15A9</generatorID>
<ownerDesignName>YH_magement3</ownerDesignName>
<referredTableLongName>Colaborador</referredTableLongName>
<deleteRule>NO ACTION</deleteRule>
<referredTableID>8C946E3E-F0E7-0B7F-3AA9-F4B94B4CE32E</referredTableID>
<keyObject>987B07B5-7CFD-54A5-2600-698609A1FC02</keyObject>
<referredKeyID>987B07B5-7CFD-54A5-2600-698609A1FC02</referredKeyID>
<mandatory>true</mandatory>
<refColNames>ID_colaborador</refColNames>
<transferable>true</transferable>
<rely>false</rely>
<columnDependencyConstraintGenerateInDDL>true</columnDependencyConstraintGenerateInDDL>
</FKIndexAssociation>