<?xml version = '1.0' encoding = 'UTF-8'?>
<FKIndexAssociation class="oracle.dbtools.crest.model.design.relational.FKIndexAssociation" directorySegmentName="seg_0" id="023F9151-BFD4-9E37-5C74-F2DD69F790CD" containerWithKeyObject="D8B3435D-9E0D-067B-1286-E79A5E666457" localFKIndex="38BFDB2F-6227-1BA7-A29D-8F24FBD8D0FC" name="Relation_13_Representado_FK">
<createdBy>xrpp</createdBy>
<createdTime>2022-11-28 19:50:26 UTC</createdTime>
<generatorID>E88AF3B5-AA7F-0285-4335-DD2BBED5F991</generatorID>
<ownerDesignName>YH_magement3</ownerDesignName>
<referredTableLongName>Representado</referredTableLongName>
<deleteRule>NO ACTION</deleteRule>
<referredTableID>08A87240-CFF4-E04F-4B15-E551232870D2</referredTableID>
<keyObject>44A09D4E-8ABA-1A18-3AEA-97B5D4DFAA20</keyObject>
<referredKeyID>44A09D4E-8ABA-1A18-3AEA-97B5D4DFAA20</referredKeyID>
<mandatory>true</mandatory>
<refColNames>ID</refColNames>
<transferable>true</transferable>
<rely>false</rely>
<columnDependencyConstraintGenerateInDDL>true</columnDependencyConstraintGenerateInDDL>
</FKIndexAssociation>