<?xml version = '1.0' encoding = 'UTF-8'?>
<FKIndexAssociation class="oracle.dbtools.crest.model.design.relational.FKIndexAssociation" directorySegmentName="seg_0" id="05126C70-9CA7-0B3F-5318-293877D55339" containerWithKeyObject="19E13010-E646-557B-E221-10FAC074E923" localFKIndex="7EDBB6A5-73BE-6D8E-DDEE-ACF072396C25" name="Relation_11_Empleado_FK">
<createdBy>xrpp</createdBy>
<createdTime>2022-11-28 19:50:26 UTC</createdTime>
<generatorID>7297DA15-A7D1-6425-D60E-10F3AEA6F7B9</generatorID>
<ownerDesignName>YH_magement3</ownerDesignName>
<referredTableLongName>Empleado</referredTableLongName>
<deleteRule>NO ACTION</deleteRule>
<referredTableID>CF44909C-56AC-2305-F243-878F033C528B</referredTableID>
<keyObject>AC8C7E1A-9689-7C3D-A166-FFF360A5F331</keyObject>
<referredKeyID>AC8C7E1A-9689-7C3D-A166-FFF360A5F331</referredKeyID>
<mandatory>true</mandatory>
<refColNames>ID_empleado</refColNames>
<transferable>true</transferable>
<rely>false</rely>
<columnDependencyConstraintGenerateInDDL>true</columnDependencyConstraintGenerateInDDL>
</FKIndexAssociation>