<?xml version = '1.0' encoding = 'UTF-8'?>
<FKIndexAssociation class="oracle.dbtools.crest.model.design.relational.FKIndexAssociation" directorySegmentName="seg_0" id="06FB500E-ABEC-C3C1-BA8E-9BBD9799BE2C" containerWithKeyObject="486645C3-3B44-3071-96B3-E60F19D3E78A" localFKIndex="767C19D2-3517-6EC5-1DFA-2217F131E41C" name="DatosPersonales_Cliente_FK">
<createdBy>xrpp</createdBy>
<createdTime>2022-11-28 20:03:22 UTC</createdTime>
<generatorID>41DBA28F-1BB6-F13A-F9EE-9025F984C1CD</generatorID>
<ownerDesignName>YH_magement3</ownerDesignName>
<referredTableLongName>Cliente</referredTableLongName>
<deleteRule>NO ACTION</deleteRule>
<referredTableID>FDD46E68-1528-535F-5B5C-FD0B65BB42B1</referredTableID>
<keyObject>67FBD17C-9B0D-2684-6530-C0DFC35060C7</keyObject>
<referredKeyID>67FBD17C-9B0D-2684-6530-C0DFC35060C7</referredKeyID>
<mandatory>true</mandatory>
<refColNames>ID_cliente</refColNames>
<transferable>true</transferable>
<rely>false</rely>
<columnDependencyConstraintGenerateInDDL>true</columnDependencyConstraintGenerateInDDL>
</FKIndexAssociation>