<?xml version = '1.0' encoding = 'UTF-8'?>
<FKIndexAssociation class="oracle.dbtools.crest.model.design.relational.FKIndexAssociation" directorySegmentName="seg_0" id="0C225943-ECE1-C809-42FA-F2AAF0BE405D" containerWithKeyObject="8C946E3E-F0E7-0B7F-3AA9-F4B94B4CE32E" localFKIndex="F6E61CB8-802D-EE2D-0B3C-026FA0D65EDE" name="Colaborador_DatosPersonales_FK">
<createdBy>xrpp</createdBy>
<createdTime>2022-11-28 19:50:26 UTC</createdTime>
<generatorID>1A4BD6E9-5155-5D71-7B1F-8DD4F526DD3B</generatorID>
<ownerDesignName>YH_magement3</ownerDesignName>
<referredTableLongName>DatosPersonales</referredTableLongName>
<deleteRule>NO ACTION</deleteRule>
<referredTableID>486645C3-3B44-3071-96B3-E60F19D3E78A</referredTableID>
<keyObject>6BD26D3D-CFA3-B5D1-9899-AA7B471C1316</keyObject>
<referredKeyID>6BD26D3D-CFA3-B5D1-9899-AA7B471C1316</referredKeyID>
<mandatory>true</mandatory>
<refColNames>DNI_NIE_NIF</refColNames>
<transferable>true</transferable>
<rely>false</rely>
<columnDependencyConstraintGenerateInDDL>true</columnDependencyConstraintGenerateInDDL>
</FKIndexAssociation>