<?xml version = '1.0' encoding = 'UTF-8'?>
<FKIndexAssociation class="oracle.dbtools.crest.model.design.relational.FKIndexAssociation" directorySegmentName="seg_0" id="13DC3612-1576-112A-44B5-3C38857FF710" containerWithKeyObject="08A87240-CFF4-E04F-4B15-E551232870D2" localFKIndex="BCFE3F19-BBE7-C660-E2D2-AF6F436FB82B" name="Representado_Datos_Aspecto_FK">
<createdBy>xrpp</createdBy>
<createdTime>2022-11-28 19:50:26 UTC</createdTime>
<generatorID>9D0E0607-532C-7CB6-478B-CEDDA17AAF7F</generatorID>
<ownerDesignName>YH_magement3</ownerDesignName>
<referredTableLongName>Datos_Aspecto</referredTableLongName>
<deleteRule>NO ACTION</deleteRule>
<referredTableID>66E7CA71-30CF-B32F-AA98-D7A8AD5E6A8B</referredTableID>
<keyObject>2D58556E-8B0E-B1C6-5274-280D7615EEAC</keyObject>
<referredKeyID>2D58556E-8B0E-B1C6-5274-280D7615EEAC</referredKeyID>
<mandatory>true</mandatory>
<refColNames>ID_aspecto</refColNames>
<transferable>true</transferable>
<rely>false</rely>
<columnDependencyConstraintGenerateInDDL>true</columnDependencyConstraintGenerateInDDL>
</FKIndexAssociation>