<?xml version = '1.0' encoding = 'UTF-8'?>
<FKIndexAssociation class="oracle.dbtools.crest.model.design.relational.FKIndexAssociation" directorySegmentName="seg_0" id="1BE70C32-9D69-234B-3FA7-DA8D7808CE2E" containerWithKeyObject="9C9D1D20-A960-3136-3DDD-9AF4A49F48EE" localFKIndex="122420BD-B5CC-2E74-1D5B-D9FEB68F249F" name="Relation_15_Empleado_FK">
<createdBy>xrpp</createdBy>
<createdTime>2022-11-28 19:50:26 UTC</createdTime>
<generatorID>A9097E0B-B8A2-0C96-5EC9-74B2AFDFBA42</generatorID>
<ownerDesignName>YH_magement3</ownerDesignName>
<referredTableLongName>Empleado</referredTableLongName>
<deleteRule>NO ACTION</deleteRule>
<referredTableID>CF44909C-56AC-2305-F243-878F033C528B</referredTableID>
<keyObject>AC8C7E1A-9689-7C3D-A166-FFF360A5F331</keyObject>
<referredKeyID>AC8C7E1A-9689-7C3D-A166-FFF360A5F331</referredKeyID>
<mandatory>true</mandatory>
<refColNames>ID_empleado</refColNames>
<transferable>true</transferable>
<rely>false</rely>
<columnDependencyConstraintGenerateInDDL>true</columnDependencyConstraintGenerateInDDL>
</FKIndexAssociation>