<?xml version = '1.0' encoding = 'UTF-8'?>
<FKIndexAssociation class="oracle.dbtools.crest.model.design.relational.FKIndexAssociation" directorySegmentName="seg_0" id="282323A5-1A86-A584-00BD-138D1AAB6229" containerWithKeyObject="2F50800B-0372-425A-1DCF-83D3F651CBB8" localFKIndex="89FF38B0-276A-D0C0-19A1-4398D9E82090" name="Relation_12_Evento_FK">
<createdBy>xrpp</createdBy>
<createdTime>2022-11-28 19:50:26 UTC</createdTime>
<generatorID>1298C2C9-9EAF-0D4B-C6F0-982822762817</generatorID>
<ownerDesignName>YH_magement3</ownerDesignName>
<referredTableLongName>Evento</referredTableLongName>
<deleteRule>NO ACTION</deleteRule>
<referredTableID>580EDA17-2458-42A1-E3D0-77F9E5189FFE</referredTableID>
<keyObject>098ED4B4-E9A2-129C-CFDC-322F7CE54308</keyObject>
<referredKeyID>098ED4B4-E9A2-129C-CFDC-322F7CE54308</referredKeyID>
<mandatory>true</mandatory>
<refColNames>ID</refColNames>
<transferable>true</transferable>
<rely>false</rely>
<columnDependencyConstraintGenerateInDDL>true</columnDependencyConstraintGenerateInDDL>
</FKIndexAssociation>