<?xml version = '1.0' encoding = 'UTF-8'?>
<FKIndexAssociation class="oracle.dbtools.crest.model.design.relational.FKIndexAssociation" directorySegmentName="seg_0" id="3ADA5E65-E60C-91C2-7962-A11886C3210B" containerWithKeyObject="3041574C-6C7D-F829-E8E4-93FBD62860D2" localFKIndex="FAC23C0E-5D8D-D30B-9B9C-018AE9A5E53D" name="Relation_6_Evento_FK">
<createdBy>xrpp</createdBy>
<createdTime>2022-11-28 19:50:26 UTC</createdTime>
<generatorID>46ED1B41-4BE0-1BC1-418C-D3A1536B543D</generatorID>
<ownerDesignName>YH_magement3</ownerDesignName>
<referredTableLongName>Evento</referredTableLongName>
<deleteRule>NO ACTION</deleteRule>
<referredTableID>580EDA17-2458-42A1-E3D0-77F9E5189FFE</referredTableID>
<keyObject>098ED4B4-E9A2-129C-CFDC-322F7CE54308</keyObject>
<referredKeyID>098ED4B4-E9A2-129C-CFDC-322F7CE54308</referredKeyID>
<mandatory>true</mandatory>
<refColNames>ID</refColNames>
<transferable>true</transferable>
<rely>false</rely>
<columnDependencyConstraintGenerateInDDL>true</columnDependencyConstraintGenerateInDDL>
</FKIndexAssociation>