<?xml version = '1.0' encoding = 'UTF-8'?>
<FKIndexAssociation class="oracle.dbtools.crest.model.design.relational.FKIndexAssociation" directorySegmentName="seg_0" id="3D6B1094-56B9-E909-F233-5EB9F3815813" containerWithKeyObject="E5967936-11DD-8F53-FB54-961973C73776" localFKIndex="51C2136A-23F4-ADF4-837A-EFFF81648926" name="Relation_14_Asiento_Caja_FK">
<createdBy>xrpp</createdBy>
<createdTime>2022-11-28 19:50:26 UTC</createdTime>
<generatorID>5760E0E6-C80F-7FB0-E60A-326D910B15A9</generatorID>
<ownerDesignName>YH_magement3</ownerDesignName>
<referredTableLongName>Transacción</referredTableLongName>
<deleteRule>NO ACTION</deleteRule>
<referredTableID>B404DAB9-AB77-97C9-B768-844C1C519B3A</referredTableID>
<keyObject>60762E9E-C1E7-F865-26D9-C0D03131C8E2</keyObject>
<referredKeyID>60762E9E-C1E7-F865-26D9-C0D03131C8E2</referredKeyID>
<mandatory>true</mandatory>
<refColNames>ID</refColNames>
<transferable>true</transferable>
<rely>false</rely>
<columnDependencyConstraintGenerateInDDL>true</columnDependencyConstraintGenerateInDDL>
</FKIndexAssociation>