<?xml version = '1.0' encoding = 'UTF-8'?>
<FKIndexAssociation class="oracle.dbtools.crest.model.design.relational.FKIndexAssociation" directorySegmentName="seg_0" id="4534D79F-D74A-FF5D-C9D7-1B643B892E30" containerWithKeyObject="D8B3435D-9E0D-067B-1286-E79A5E666457" localFKIndex="348F55BA-1E51-0DC2-10F1-251D565A3C98" name="Relation_13_Asiento_Caja_FK">
<createdBy>xrpp</createdBy>
<createdTime>2022-11-28 19:50:26 UTC</createdTime>
<generatorID>E88AF3B5-AA7F-0285-4335-DD2BBED5F991</generatorID>
<ownerDesignName>YH_magement3</ownerDesignName>
<referredTableLongName>Transacción</referredTableLongName>
<deleteRule>NO ACTION</deleteRule>
<referredTableID>B404DAB9-AB77-97C9-B768-844C1C519B3A</referredTableID>
<keyObject>60762E9E-C1E7-F865-26D9-C0D03131C8E2</keyObject>
<referredKeyID>60762E9E-C1E7-F865-26D9-C0D03131C8E2</referredKeyID>
<mandatory>true</mandatory>
<refColNames>ID</refColNames>
<transferable>true</transferable>
<rely>false</rely>
<columnDependencyConstraintGenerateInDDL>true</columnDependencyConstraintGenerateInDDL>
</FKIndexAssociation>