<?xml version = '1.0' encoding = 'UTF-8'?>
<FKIndexAssociation class="oracle.dbtools.crest.model.design.relational.FKIndexAssociation" directorySegmentName="seg_0" id="49662B7F-3B9D-FF8E-6981-A8C73AF362E7" containerWithKeyObject="8488A634-A522-27AB-78CB-80A679823BEA" localFKIndex="56F4CEE2-7CD8-9CBC-3327-52E06784B462" name="Media_Entrevista_FK">
<createdBy>xrpp</createdBy>
<createdTime>2022-11-28 19:50:26 UTC</createdTime>
<generatorID>7D62BCB0-0776-79E2-BD3A-5BA8BB1518A5</generatorID>
<ownerDesignName>YH_magement3</ownerDesignName>
<referredTableLongName>Entrevista</referredTableLongName>
<deleteRule>NO ACTION</deleteRule>
<referredTableID>C161A064-2AD9-9EDA-EB84-7F3920C42340</referredTableID>
<keyObject>4D08EBB2-1F70-9733-AC41-3D774C704C7B</keyObject>
<referredKeyID>4D08EBB2-1F70-9733-AC41-3D774C704C7B</referredKeyID>
<mandatory>true</mandatory>
<refColNames>ID_entrevista</refColNames>
<transferable>true</transferable>
<rely>false</rely>
<columnDependencyConstraintGenerateInDDL>true</columnDependencyConstraintGenerateInDDL>
</FKIndexAssociation>