<?xml version = '1.0' encoding = 'UTF-8'?>
<FKIndexAssociation class="oracle.dbtools.crest.model.design.relational.FKIndexAssociation" directorySegmentName="seg_0" id="53D0950E-A91D-5CB4-EBF3-CE3F0DEAD91B" containerWithKeyObject="FF336853-FFCF-C9F9-A8C1-D54F3E5B89AE" localFKIndex="588F3FFE-EFF4-1ED6-3BB0-880E10005058" name="Relation_10_Colaborador_FK">
<createdBy>xrpp</createdBy>
<createdTime>2022-11-28 19:50:26 UTC</createdTime>
<generatorID>E7C0C24A-576D-8ACE-B0FA-770AA1D7D112</generatorID>
<ownerDesignName>YH_magement3</ownerDesignName>
<referredTableLongName>Colaborador</referredTableLongName>
<deleteRule>NO ACTION</deleteRule>
<referredTableID>8C946E3E-F0E7-0B7F-3AA9-F4B94B4CE32E</referredTableID>
<keyObject>987B07B5-7CFD-54A5-2600-698609A1FC02</keyObject>
<referredKeyID>987B07B5-7CFD-54A5-2600-698609A1FC02</referredKeyID>
<mandatory>true</mandatory>
<refColNames>ID_colaborador</refColNames>
<transferable>true</transferable>
<rely>false</rely>
<columnDependencyConstraintGenerateInDDL>true</columnDependencyConstraintGenerateInDDL>
</FKIndexAssociation>