<?xml version = '1.0' encoding = 'UTF-8'?>
<FKIndexAssociation class="oracle.dbtools.crest.model.design.relational.FKIndexAssociation" directorySegmentName="seg_0" id="630262F9-5874-C6BF-1342-8A445EAB069D" containerWithKeyObject="08A87240-CFF4-E04F-4B15-E551232870D2" localFKIndex="E8EE5221-96C8-6CE1-EB11-A4455768D589" name="Representado_Media_FK">
<createdBy>xrpp</createdBy>
<createdTime>2022-11-28 19:50:26 UTC</createdTime>
<generatorID>7960DEBA-6D5D-7782-83A3-F4C437A68099</generatorID>
<ownerDesignName>YH_magement3</ownerDesignName>
<referredTableLongName>Media</referredTableLongName>
<deleteRule>NO ACTION</deleteRule>
<referredTableID>8488A634-A522-27AB-78CB-80A679823BEA</referredTableID>
<keyObject>6BC72052-FA26-4CB9-AA3D-540B3D8D8CE2</keyObject>
<referredKeyID>6BC72052-FA26-4CB9-AA3D-540B3D8D8CE2</referredKeyID>
<mandatory>true</mandatory>
<refColNames>ID_Media</refColNames>
<transferable>true</transferable>
<rely>false</rely>
<columnDependencyConstraintGenerateInDDL>true</columnDependencyConstraintGenerateInDDL>
</FKIndexAssociation>