<?xml version = '1.0' encoding = 'UTF-8'?>
<FKIndexAssociation class="oracle.dbtools.crest.model.design.relational.FKIndexAssociation" directorySegmentName="seg_0" id="72325859-C995-AFC9-2610-AB931CAFD955" containerWithKeyObject="3CBDBF25-A506-BB88-AA35-7EB3284413C0" localFKIndex="E1AF6B85-75A3-F1F4-C282-D88B6489CC5A" name="Relation_16_Cliente_FK">
<createdBy>xrpp</createdBy>
<createdTime>2022-11-28 19:50:26 UTC</createdTime>
<generatorID>65F32D60-0B12-49CB-B6AA-9C09154FC5C5</generatorID>
<ownerDesignName>YH_magement3</ownerDesignName>
<referredTableLongName>Cliente</referredTableLongName>
<deleteRule>NO ACTION</deleteRule>
<referredTableID>FDD46E68-1528-535F-5B5C-FD0B65BB42B1</referredTableID>
<keyObject>67FBD17C-9B0D-2684-6530-C0DFC35060C7</keyObject>
<referredKeyID>67FBD17C-9B0D-2684-6530-C0DFC35060C7</referredKeyID>
<mandatory>true</mandatory>
<refColNames>ID_cliente</refColNames>
<transferable>true</transferable>
<rely>false</rely>
<columnDependencyConstraintGenerateInDDL>true</columnDependencyConstraintGenerateInDDL>
</FKIndexAssociation>