<?xml version = '1.0' encoding = 'UTF-8'?>
<FKIndexAssociation class="oracle.dbtools.crest.model.design.relational.FKIndexAssociation" directorySegmentName="seg_0" id="767B514E-DF63-CA23-57A9-30F888927463" containerWithKeyObject="2F50800B-0372-425A-1DCF-83D3F651CBB8" localFKIndex="C339A795-94D0-0CD7-7B86-DBEBFCB5C824" name="Relation_12_Cliente_FK">
<createdBy>xrpp</createdBy>
<createdTime>2022-11-28 19:50:26 UTC</createdTime>
<generatorID>1298C2C9-9EAF-0D4B-C6F0-982822762817</generatorID>
<ownerDesignName>YH_magement3</ownerDesignName>
<referredTableLongName>Cliente</referredTableLongName>
<deleteRule>NO ACTION</deleteRule>
<referredTableID>FDD46E68-1528-535F-5B5C-FD0B65BB42B1</referredTableID>
<keyObject>67FBD17C-9B0D-2684-6530-C0DFC35060C7</keyObject>
<referredKeyID>67FBD17C-9B0D-2684-6530-C0DFC35060C7</referredKeyID>
<mandatory>true</mandatory>
<refColNames>ID_cliente</refColNames>
<transferable>true</transferable>
<rely>false</rely>
<columnDependencyConstraintGenerateInDDL>true</columnDependencyConstraintGenerateInDDL>
</FKIndexAssociation>