<?xml version = '1.0' encoding = 'UTF-8'?>
<FKIndexAssociation class="oracle.dbtools.crest.model.design.relational.FKIndexAssociation" directorySegmentName="seg_0" id="7ED2F7E6-1F73-072A-6E01-C266C7C03916" containerWithKeyObject="9C9D1D20-A960-3136-3DDD-9AF4A49F48EE" localFKIndex="1EE2A5F5-E9A3-EB12-3DDE-0D63874CE050" name="Relation_15_Asiento_Caja_FK">
<createdBy>xrpp</createdBy>
<createdTime>2022-11-28 19:50:26 UTC</createdTime>
<generatorID>A9097E0B-B8A2-0C96-5EC9-74B2AFDFBA42</generatorID>
<ownerDesignName>YH_magement3</ownerDesignName>
<referredTableLongName>Transacción</referredTableLongName>
<deleteRule>NO ACTION</deleteRule>
<referredTableID>B404DAB9-AB77-97C9-B768-844C1C519B3A</referredTableID>
<keyObject>60762E9E-C1E7-F865-26D9-C0D03131C8E2</keyObject>
<referredKeyID>60762E9E-C1E7-F865-26D9-C0D03131C8E2</referredKeyID>
<mandatory>true</mandatory>
<refColNames>ID</refColNames>
<transferable>true</transferable>
<rely>false</rely>
<columnDependencyConstraintGenerateInDDL>true</columnDependencyConstraintGenerateInDDL>
</FKIndexAssociation>