<?xml version = '1.0' encoding = 'UTF-8'?>
<FKIndexAssociation class="oracle.dbtools.crest.model.design.relational.FKIndexAssociation" directorySegmentName="seg_0" id="7F9D2665-793E-F224-05D0-4A0534E3E698" containerWithKeyObject="FF336853-FFCF-C9F9-A8C1-D54F3E5B89AE" localFKIndex="BBF9E508-51D1-1250-9016-EF358FD66F8A" name="Relation_10_Evento_FK">
<createdBy>xrpp</createdBy>
<createdTime>2022-11-28 19:50:26 UTC</createdTime>
<generatorID>E7C0C24A-576D-8ACE-B0FA-770AA1D7D112</generatorID>
<ownerDesignName>YH_magement3</ownerDesignName>
<referredTableLongName>Evento</referredTableLongName>
<deleteRule>NO ACTION</deleteRule>
<referredTableID>580EDA17-2458-42A1-E3D0-77F9E5189FFE</referredTableID>
<keyObject>098ED4B4-E9A2-129C-CFDC-322F7CE54308</keyObject>
<referredKeyID>098ED4B4-E9A2-129C-CFDC-322F7CE54308</referredKeyID>
<mandatory>true</mandatory>
<refColNames>ID</refColNames>
<transferable>true</transferable>
<rely>false</rely>
<columnDependencyConstraintGenerateInDDL>true</columnDependencyConstraintGenerateInDDL>
</FKIndexAssociation>