<?xml version = '1.0' encoding = 'UTF-8'?>
<FKIndexAssociation class="oracle.dbtools.crest.model.design.relational.FKIndexAssociation" directorySegmentName="seg_0" id="8C432F25-FF1F-FD19-7B01-FD52EEEAF0A2" containerWithKeyObject="3CBDBF25-A506-BB88-AA35-7EB3284413C0" localFKIndex="BDAE0A33-2FE9-692C-4AE3-F51BE1C8AE1B" name="Relation_16_Asiento_Caja_FK">
<createdBy>xrpp</createdBy>
<createdTime>2022-11-28 19:50:26 UTC</createdTime>
<generatorID>65F32D60-0B12-49CB-B6AA-9C09154FC5C5</generatorID>
<ownerDesignName>YH_magement3</ownerDesignName>
<referredTableLongName>Transacción</referredTableLongName>
<deleteRule>NO ACTION</deleteRule>
<referredTableID>B404DAB9-AB77-97C9-B768-844C1C519B3A</referredTableID>
<keyObject>60762E9E-C1E7-F865-26D9-C0D03131C8E2</keyObject>
<referredKeyID>60762E9E-C1E7-F865-26D9-C0D03131C8E2</referredKeyID>
<mandatory>true</mandatory>
<refColNames>ID</refColNames>
<transferable>true</transferable>
<rely>false</rely>
<columnDependencyConstraintGenerateInDDL>true</columnDependencyConstraintGenerateInDDL>
</FKIndexAssociation>