<?xml version = '1.0' encoding = 'UTF-8'?>
<FKIndexAssociation class="oracle.dbtools.crest.model.design.relational.FKIndexAssociation" directorySegmentName="seg_0" id="A0310180-E4B0-D9F1-A0D9-6A90C24A125D" containerWithKeyObject="486645C3-3B44-3071-96B3-E60F19D3E78A" localFKIndex="4495FAAD-0B32-BF1D-D13F-24FA81054DAB" name="DatosPersonales_Empleado_FK">
<createdBy>xrpp</createdBy>
<createdTime>2022-11-28 20:03:22 UTC</createdTime>
<generatorID>17F49AB7-BBB3-2E6D-7D0F-5768BDBC828C</generatorID>
<ownerDesignName>YH_magement3</ownerDesignName>
<referredTableLongName>Empleado</referredTableLongName>
<deleteRule>NO ACTION</deleteRule>
<referredTableID>CF44909C-56AC-2305-F243-878F033C528B</referredTableID>
<keyObject>AC8C7E1A-9689-7C3D-A166-FFF360A5F331</keyObject>
<referredKeyID>AC8C7E1A-9689-7C3D-A166-FFF360A5F331</referredKeyID>
<mandatory>true</mandatory>
<refColNames>ID_empleado</refColNames>
<transferable>true</transferable>
<rely>false</rely>
<columnDependencyConstraintGenerateInDDL>true</columnDependencyConstraintGenerateInDDL>
</FKIndexAssociation>