<?xml version = '1.0' encoding = 'UTF-8'?>
<FKIndexAssociation class="oracle.dbtools.crest.model.design.relational.FKIndexAssociation" directorySegmentName="seg_0" id="B42437CD-570C-0BAC-B589-E755CD456588" containerWithKeyObject="486645C3-3B44-3071-96B3-E60F19D3E78A" localFKIndex="2B3C3CB9-7B00-DBFD-9E9F-7418F50555DA" name="DatosPersonales_Localización_FK">
<createdBy>xrpp</createdBy>
<createdTime>2022-11-28 19:50:26 UTC</createdTime>
<generatorID>D6424052-125E-F391-5CE3-74FBA3A75521</generatorID>
<ownerDesignName>YH_magement3</ownerDesignName>
<referredTableLongName>Localización</referredTableLongName>
<deleteRule>NO ACTION</deleteRule>
<referredTableID>E4D2AA53-82CE-14A9-0C2D-27C89C8A2A46</referredTableID>
<keyObject>B0537C44-81FB-A28E-8DC1-BAE106C0E452</keyObject>
<referredKeyID>B0537C44-81FB-A28E-8DC1-BAE106C0E452</referredKeyID>
<mandatory>true</mandatory>
<refColNames>ID_local</refColNames>
<transferable>true</transferable>
<rely>false</rely>
<columnDependencyConstraintGenerateInDDL>true</columnDependencyConstraintGenerateInDDL>
</FKIndexAssociation>