<?xml version = '1.0' encoding = 'UTF-8'?>
<FKIndexAssociation class="oracle.dbtools.crest.model.design.relational.FKIndexAssociation" directorySegmentName="seg_0" id="B8C9D7E9-FAEF-04B6-F4C6-4580969C7D12" containerWithKeyObject="08A87240-CFF4-E04F-4B15-E551232870D2" localFKIndex="45C50019-F18F-8D1C-9621-F40B00C8E2EE" name="Representado_DatosPersonales_FK">
<createdBy>xrpp</createdBy>
<createdTime>2022-11-28 19:50:26 UTC</createdTime>
<generatorID>53C1560C-310F-2292-8CF0-B98462C89C19</generatorID>
<ownerDesignName>YH_magement3</ownerDesignName>
<referredTableLongName>DatosPersonales</referredTableLongName>
<deleteRule>NO ACTION</deleteRule>
<referredTableID>486645C3-3B44-3071-96B3-E60F19D3E78A</referredTableID>
<keyObject>6BD26D3D-CFA3-B5D1-9899-AA7B471C1316</keyObject>
<referredKeyID>6BD26D3D-CFA3-B5D1-9899-AA7B471C1316</referredKeyID>
<mandatory>true</mandatory>
<refColNames>DNI_NIE_NIF</refColNames>
<transferable>true</transferable>
<rely>false</rely>
<columnDependencyConstraintGenerateInDDL>true</columnDependencyConstraintGenerateInDDL>
</FKIndexAssociation>