<?xml version = '1.0' encoding = 'UTF-8'?>
<FKIndexAssociation class="oracle.dbtools.crest.model.design.relational.FKIndexAssociation" directorySegmentName="seg_0" id="C24A7F00-3F5A-4661-6D31-A3683DD10CBF" containerWithKeyObject="66E7CA71-30CF-B32F-AA98-D7A8AD5E6A8B" localFKIndex="906463FA-76F9-2128-7B20-7F66F728C62F" name="Datos_Aspecto_Medidas_FK">
<createdBy>xrpp</createdBy>
<createdTime>2022-11-28 19:50:26 UTC</createdTime>
<generatorID>FAB47509-B433-F362-D107-474E234EC1EF</generatorID>
<ownerDesignName>YH_magement3</ownerDesignName>
<referredTableLongName>Medidas</referredTableLongName>
<deleteRule>NO ACTION</deleteRule>
<referredTableID>788FB2BB-CEE5-C4BA-F951-05BE912F886E</referredTableID>
<keyObject>E6B46141-3F35-F8F4-7628-5216620B1EE3</keyObject>
<referredKeyID>E6B46141-3F35-F8F4-7628-5216620B1EE3</referredKeyID>
<mandatory>true</mandatory>
<refColNames>ID_med</refColNames>
<transferable>true</transferable>
<rely>false</rely>
<columnDependencyConstraintGenerateInDDL>true</columnDependencyConstraintGenerateInDDL>
</FKIndexAssociation>