<?xml version = '1.0' encoding = 'UTF-8'?>
<FKIndexAssociation class="oracle.dbtools.crest.model.design.relational.FKIndexAssociation" directorySegmentName="seg_0" id="E8025E14-C6A9-1941-3147-B79259E9A1E5" containerWithKeyObject="08A87240-CFF4-E04F-4B15-E551232870D2" localFKIndex="E0E71C3C-D8A1-75AA-84E4-BB47599CE687" name="Representado_Aptitudes_FK">
<createdBy>xrpp</createdBy>
<createdTime>2022-11-28 19:50:26 UTC</createdTime>
<generatorID>B56D9900-40F2-01FA-CDEC-51474D617A1C</generatorID>
<ownerDesignName>YH_magement3</ownerDesignName>
<referredTableLongName>Aptitudes</referredTableLongName>
<deleteRule>NO ACTION</deleteRule>
<referredTableID>B73035D9-BED7-36E3-439B-A6F8E2AC6DC6</referredTableID>
<keyObject>E88466DD-2EDF-943F-808F-837F53F67462</keyObject>
<referredKeyID>E88466DD-2EDF-943F-808F-837F53F67462</referredKeyID>
<mandatory>true</mandatory>
<refColNames>ID_apt</refColNames>
<transferable>true</transferable>
<rely>false</rely>
<columnDependencyConstraintGenerateInDDL>true</columnDependencyConstraintGenerateInDDL>
</FKIndexAssociation>