<?xml version = '1.0' encoding = 'UTF-8'?>
<FKIndexAssociation class="oracle.dbtools.crest.model.design.relational.FKIndexAssociation" directorySegmentName="seg_0" id="F826AFF4-5AF6-3808-CC86-9E480EFFE84E" containerWithKeyObject="19E13010-E646-557B-E221-10FAC074E923" localFKIndex="1D436EC1-D71E-7AF9-7B89-6A7BFF28F4C3" name="Relation_11_Evento_FK">
<createdBy>xrpp</createdBy>
<createdTime>2022-11-28 19:50:26 UTC</createdTime>
<generatorID>7297DA15-A7D1-6425-D60E-10F3AEA6F7B9</generatorID>
<ownerDesignName>YH_magement3</ownerDesignName>
<referredTableLongName>Evento</referredTableLongName>
<deleteRule>NO ACTION</deleteRule>
<referredTableID>580EDA17-2458-42A1-E3D0-77F9E5189FFE</referredTableID>
<keyObject>098ED4B4-E9A2-129C-CFDC-322F7CE54308</keyObject>
<referredKeyID>098ED4B4-E9A2-129C-CFDC-322F7CE54308</referredKeyID>
<mandatory>true</mandatory>
<refColNames>ID</refColNames>
<transferable>true</transferable>
<rely>false</rely>
<columnDependencyConstraintGenerateInDDL>true</columnDependencyConstraintGenerateInDDL>
</FKIndexAssociation>