<?xml version = '1.0' encoding = 'UTF-8'?>
<FKIndexAssociation class="oracle.dbtools.crest.model.design.relational.FKIndexAssociation" directorySegmentName="seg_0" id="FFF85692-3D48-4603-21E4-8785EE6EB53F" containerWithKeyObject="3041574C-6C7D-F829-E8E4-93FBD62860D2" localFKIndex="0FCDBFCB-F98E-2C01-02D4-93B8D192A3FF" name="Relation_6_Representado_FK">
<createdBy>xrpp</createdBy>
<createdTime>2022-11-28 19:50:26 UTC</createdTime>
<generatorID>46ED1B41-4BE0-1BC1-418C-D3A1536B543D</generatorID>
<ownerDesignName>YH_magement3</ownerDesignName>
<referredTableLongName>Representado</referredTableLongName>
<deleteRule>NO ACTION</deleteRule>
<referredTableID>08A87240-CFF4-E04F-4B15-E551232870D2</referredTableID>
<keyObject>44A09D4E-8ABA-1A18-3AEA-97B5D4DFAA20</keyObject>
<referredKeyID>44A09D4E-8ABA-1A18-3AEA-97B5D4DFAA20</referredKeyID>
<mandatory>true</mandatory>
<refColNames>ID</refColNames>
<transferable>true</transferable>
<rely>false</rely>
<columnDependencyConstraintGenerateInDDL>true</columnDependencyConstraintGenerateInDDL>
</FKIndexAssociation>