<?xml version = '1.0' encoding = 'UTF-8'?>
<Entity class="oracle.dbtools.crest.model.design.logical.Entity" directorySegmentName="seg_0" id="0C9EAF37-034C-C16E-B3F8-250CB1EA5A72" name="Medidas">
<createdBy>xrpp</createdBy>
<createdTime>2022-11-21 19:27:00 UTC</createdTime>
<ownerDesignName>YH_magement</ownerDesignName>
<importedID>0419ECBC-5C8E-E007-6FE8-26565C6E21B1</importedID>
<engineerTo>
<item key="102C726D-E865-C16E-1A3E-68C24D8F16E6" value="true"/>
<item key="BD7CFEA6-D8E2-6E97-2A8F-E37400418898" value="true"/>
</engineerTo>
<adequatelyNormalized>NO</adequatelyNormalized>
<expectedVolumes>0</expectedVolumes>
<fwdEngineeringStrategyName>Single Table</fwdEngineeringStrategyName>
<growthPercent>0</growthPercent>
<growthType>Year</growthType>
<maxVolumes>9999999</maxVolumes>
<minVolumes>0</minVolumes>
<normalForm>Third</normalForm>
<attributes itemClass="oracle.dbtools.crest.model.design.logical.Attribute">
<Attribute name="ID_med" id="B1F9FAEB-13E4-01BC-963B-5E3F4267FEE2">
<createdBy>xrpp</createdBy>
<createdTime>2022-11-21 19:27:00 UTC</createdTime>
<ownerDesignName>YH_magement</ownerDesignName>
<importedID>39EADF57-A9EE-C5F8-EEC3-C857D019B45D</importedID>
<engineerTo>
<item key="102C726D-E865-C16E-1A3E-68C24D8F16E6" value="true"/>
<item key="BD7CFEA6-D8E2-6E97-2A8F-E37400418898" value="true"/>
</engineerTo>
<useDomainConstraints>false</useDomainConstraints>
<use>1</use>
<logicalDatatype>LOGDT011</logicalDatatype>
<ownDataTypeParameters>,,</ownDataTypeParameters>
</Attribute>
<Attribute name="Altura_cm" id="9FF289EE-F330-659D-E3DB-BFF6A394ED60">
<createdBy>xrpp</createdBy>
<createdTime>2022-11-21 19:27:00 UTC</createdTime>
<ownerDesignName>YH_magement</ownerDesignName>
<importedID>E2E759E8-0D2D-C7BF-0473-F92D7124FB9E</importedID>
<engineerTo>
<item key="102C726D-E865-C16E-1A3E-68C24D8F16E6" value="true"/>
<item key="BD7CFEA6-D8E2-6E97-2A8F-E37400418898" value="true"/>
</engineerTo>
<useDomainConstraints>false</useDomainConstraints>
<use>1</use>
<logicalDatatype>LOGDT042</logicalDatatype>
<ownDataTypeParameters>,,</ownDataTypeParameters>
</Attribute>
<Attribute name="Peso" id="18B518C5-DC28-D003-A00D-488ED5ADF0A1">
<createdBy>xrpp</createdBy>
<createdTime>2022-11-21 19:27:00 UTC</createdTime>
<ownerDesignName>YH_magement</ownerDesignName>
<importedID>9C987082-5202-A3C4-2796-9474AA616C50</importedID>
<engineerTo>
<item key="102C726D-E865-C16E-1A3E-68C24D8F16E6" value="true"/>
<item key="BD7CFEA6-D8E2-6E97-2A8F-E37400418898" value="true"/>
</engineerTo>
<useDomainConstraints>false</useDomainConstraints>
<use>1</use>
<logicalDatatype>LOGDT042</logicalDatatype>
<ownDataTypeParameters>,,</ownDataTypeParameters>
</Attribute>
<Attribute name="Genero" id="B9F0D65C-66BD-6799-D3B7-866E793B16C4">
<createdBy>xrpp</createdBy>
<createdTime>2022-11-21 19:27:00 UTC</createdTime>
<ownerDesignName>YH_magement</ownerDesignName>
<importedID>57AC429A-18EF-629D-2A86-703895E94BCB</importedID>
<engineerTo>
<item key="102C726D-E865-C16E-1A3E-68C24D8F16E6" value="true"/>
<item key="BD7CFEA6-D8E2-6E97-2A8F-E37400418898" value="true"/>
</engineerTo>
<useDomainConstraints>false</useDomainConstraints>
<use>1</use>
<logicalDatatype>LOGDT024</logicalDatatype>
<dataTypeSize>12</dataTypeSize>
<ownDataTypeParameters>12,,</ownDataTypeParameters>
</Attribute>
<Attribute name="Color_ojos" id="7136947E-5695-4CEF-EDC7-5DF82D68962F">
<createdBy>xrpp</createdBy>
<createdTime>2022-11-21 19:27:00 UTC</createdTime>
<ownerDesignName>YH_magement</ownerDesignName>
<importedID>25E74D87-CCAC-455E-E6A6-87AFA22DECCC</importedID>
<engineerTo>
<item key="102C726D-E865-C16E-1A3E-68C24D8F16E6" value="true"/>
<item key="BD7CFEA6-D8E2-6E97-2A8F-E37400418898" value="true"/>
</engineerTo>
<useDomainConstraints>false</useDomainConstraints>
<use>1</use>
<logicalDatatype>LOGDT024</logicalDatatype>
<dataTypeSize>12</dataTypeSize>
<ownDataTypeParameters>12,,</ownDataTypeParameters>
</Attribute>
<Attribute name="Color_pelo" id="FBEF893F-C2B6-0CC2-CFEA-CFD880DAE050">
<createdBy>xrpp</createdBy>
<createdTime>2022-11-21 19:27:00 UTC</createdTime>
<ownerDesignName>YH_magement</ownerDesignName>
<importedID>E80D7034-47D5-3453-570E-4D9AD49EEC1A</importedID>
<engineerTo>
<item key="102C726D-E865-C16E-1A3E-68C24D8F16E6" value="true"/>
<item key="BD7CFEA6-D8E2-6E97-2A8F-E37400418898" value="true"/>
</engineerTo>
<useDomainConstraints>false</useDomainConstraints>
<use>1</use>
<logicalDatatype>LOGDT024</logicalDatatype>
<dataTypeSize>15</dataTypeSize>
<ownDataTypeParameters>15,,</ownDataTypeParameters>
</Attribute>
<Attribute name="Talla_calzado" id="D6D28D1C-F2CC-8229-8BD8-6993063BE840">
<createdBy>xrpp</createdBy>
<createdTime>2022-11-21 19:27:00 UTC</createdTime>
<ownerDesignName>YH_magement</ownerDesignName>
<importedID>ECE4C5C2-E5AA-E19A-7940-7D3BF0496434</importedID>
<engineerTo>
<item key="102C726D-E865-C16E-1A3E-68C24D8F16E6" value="true"/>
<item key="BD7CFEA6-D8E2-6E97-2A8F-E37400418898" value="true"/>
</engineerTo>
<useDomainConstraints>false</useDomainConstraints>
<use>1</use>
<logicalDatatype>LOGDT042</logicalDatatype>
<ownDataTypeParameters>,,</ownDataTypeParameters>
</Attribute>
<Attribute name="Talla_busto" id="EEFF1E1D-46F2-1A1F-A561-2714BA17DCA4">
<createdBy>xrpp</createdBy>
<createdTime>2022-11-21 19:27:00 UTC</createdTime>
<ownerDesignName>YH_magement</ownerDesignName>
<importedID>5CF36BEA-10E8-35D8-68FF-4F289964E850</importedID>
<engineerTo>
<item key="102C726D-E865-C16E-1A3E-68C24D8F16E6" value="true"/>
<item key="BD7CFEA6-D8E2-6E97-2A8F-E37400418898" value="true"/>
</engineerTo>
<useDomainConstraints>false</useDomainConstraints>
<use>1</use>
<logicalDatatype>LOGDT042</logicalDatatype>
<ownDataTypeParameters>,,</ownDataTypeParameters>
</Attribute>
<Attribute name="Talla_cintura" id="E2CC9D56-7E14-F15C-7181-909188FD193D">
<createdBy>xrpp</createdBy>
<createdTime>2022-11-21 19:27:00 UTC</createdTime>
<ownerDesignName>YH_magement</ownerDesignName>
<importedID>D8F5BB78-9474-8173-3EC7-0395487064C3</importedID>
<engineerTo>
<item key="102C726D-E865-C16E-1A3E-68C24D8F16E6" value="true"/>
<item key="BD7CFEA6-D8E2-6E97-2A8F-E37400418898" value="true"/>
</engineerTo>
<useDomainConstraints>false</useDomainConstraints>
<use>1</use>
<logicalDatatype>LOGDT042</logicalDatatype>
<ownDataTypeParameters>,,</ownDataTypeParameters>
</Attribute>
<Attribute name="Talla_caderas" id="784A6B4E-A936-7C88-5424-862AC577C8E8">
<createdBy>xrpp</createdBy>
<createdTime>2022-11-21 19:27:00 UTC</createdTime>
<ownerDesignName>YH_magement</ownerDesignName>
<importedID>32A4449A-0492-38D0-A162-193557B99FCD</importedID>
<engineerTo>
<item key="102C726D-E865-C16E-1A3E-68C24D8F16E6" value="true"/>
<item key="BD7CFEA6-D8E2-6E97-2A8F-E37400418898" value="true"/>
</engineerTo>
<useDomainConstraints>false</useDomainConstraints>
<use>1</use>
<logicalDatatype>LOGDT042</logicalDatatype>
<ownDataTypeParameters>,,</ownDataTypeParameters>
</Attribute>
<Attribute name="Talla_ropa" id="1F10E4C9-4358-4E31-C1BF-E93C8A4AF652">
<createdBy>xrpp</createdBy>
<createdTime>2022-11-21 19:27:00 UTC</createdTime>
<ownerDesignName>YH_magement</ownerDesignName>
<importedID>20AA63C5-E59A-6EBE-F70D-340952639E39</importedID>
<engineerTo>
<item key="102C726D-E865-C16E-1A3E-68C24D8F16E6" value="true"/>
<item key="BD7CFEA6-D8E2-6E97-2A8F-E37400418898" value="true"/>
</engineerTo>
<useDomainConstraints>false</useDomainConstraints>
<use>1</use>
<logicalDatatype>LOGDT042</logicalDatatype>
<ownDataTypeParameters>,,</ownDataTypeParameters>
</Attribute>
</attributes>
<identifiers itemClass="oracle.dbtools.crest.model.design.logical.CandidateKey">
<identifier id="57305235-9F6A-EE0B-BE79-865C085AFA44" name="Medidas PK">
<createdBy>xrpp</createdBy>
<createdTime>2022-11-21 19:27:00 UTC</createdTime>
<ownerDesignName>YH_magement</ownerDesignName>
<shouldEngineer>false</shouldEngineer>
<importedID>47148F08-BD7A-3794-62FA-69FBFE864319</importedID>
<engineerTo>
<item key="102C726D-E865-C16E-1A3E-68C24D8F16E6" value="false"/>
<item key="BD7CFEA6-D8E2-6E97-2A8F-E37400418898" value="true"/>
</engineerTo>
<pk>true</pk>
<usedAttributes>
<attributeRef>B1F9FAEB-13E4-01BC-963B-5E3F4267FEE2</attributeRef>
</usedAttributes>
</identifier>
</identifiers>
</Entity>