<?xml version = '1.0' encoding = 'UTF-8'?>
<Entity class="oracle.dbtools.crest.model.design.logical.Entity" directorySegmentName="seg_0" id="9D047B1C-7B16-6788-B48B-C5A4D5897EDC" name="Media">
<createdBy>xrpp</createdBy>
<createdTime>2022-11-21 19:27:00 UTC</createdTime>
<ownerDesignName>YH_magement</ownerDesignName>
<importedID>B00F4D90-862F-700D-3716-B0F3F2996641</importedID>
<engineerTo>
<item key="102C726D-E865-C16E-1A3E-68C24D8F16E6" value="true"/>
<item key="BD7CFEA6-D8E2-6E97-2A8F-E37400418898" value="true"/>
</engineerTo>
<adequatelyNormalized>NO</adequatelyNormalized>
<expectedVolumes>0</expectedVolumes>
<fwdEngineeringStrategyName>Single Table</fwdEngineeringStrategyName>
<growthPercent>0</growthPercent>
<growthType>Year</growthType>
<maxVolumes>9999999</maxVolumes>
<minVolumes>0</minVolumes>
<normalForm>Third</normalForm>
<attributes itemClass="oracle.dbtools.crest.model.design.logical.Attribute">
<Attribute name="ID_Media" id="401B4C53-18AC-0995-80B1-AC8281EC5D69">
<createdBy>xrpp</createdBy>
<createdTime>2022-11-21 19:27:00 UTC</createdTime>
<ownerDesignName>YH_magement</ownerDesignName>
<importedID>4F6C5B91-DE42-AEDF-688B-B677787A47E7</importedID>
<engineerTo>
<item key="102C726D-E865-C16E-1A3E-68C24D8F16E6" value="true"/>
<item key="BD7CFEA6-D8E2-6E97-2A8F-E37400418898" value="true"/>
</engineerTo>
<useDomainConstraints>false</useDomainConstraints>
<use>1</use>
<logicalDatatype>LOGDT011</logicalDatatype>
<ownDataTypeParameters>,,</ownDataTypeParameters>
</Attribute>
<Attribute name="Fotos" id="405A6A14-B490-74CE-0BA7-7CAB6AF0CACC">
<createdBy>xrpp</createdBy>
<createdTime>2022-11-21 19:27:00 UTC</createdTime>
<ownerDesignName>YH_magement</ownerDesignName>
<importedID>51213386-9E7E-F861-2956-2CA1B2B36579</importedID>
<engineerTo>
<item key="102C726D-E865-C16E-1A3E-68C24D8F16E6" value="true"/>
<item key="BD7CFEA6-D8E2-6E97-2A8F-E37400418898" value="true"/>
</engineerTo>
<useDomainConstraints>false</useDomainConstraints>
<use>1</use>
<logicalDatatype>LOGDT024</logicalDatatype>
<dataTypeSize>200</dataTypeSize>
<ownDataTypeParameters>200,,</ownDataTypeParameters>
</Attribute>
<Attribute name="Videos" id="916951EC-BA83-7D2E-184F-F81D6150F4F6">
<createdBy>xrpp</createdBy>
<createdTime>2022-11-21 19:27:00 UTC</createdTime>
<ownerDesignName>YH_magement</ownerDesignName>
<importedID>5735D3EF-A0C3-0423-D845-9B0B49C4AE19</importedID>
<engineerTo>
<item key="102C726D-E865-C16E-1A3E-68C24D8F16E6" value="true"/>
<item key="BD7CFEA6-D8E2-6E97-2A8F-E37400418898" value="true"/>
</engineerTo>
<nullsAllowed>true</nullsAllowed>
<useDomainConstraints>false</useDomainConstraints>
<use>1</use>
<logicalDatatype>LOGDT024</logicalDatatype>
<dataTypeSize>200</dataTypeSize>
<ownDataTypeParameters>200,,</ownDataTypeParameters>
</Attribute>
<Attribute name="Redes_sociales" id="614CEDA5-9ABF-B350-9383-B5D6FAF4AEBD">
<createdBy>xrpp</createdBy>
<createdTime>2022-11-21 19:27:00 UTC</createdTime>
<ownerDesignName>YH_magement</ownerDesignName>
<importedID>1F45BF49-9BD8-3352-3BF1-FA992B1DC56D</importedID>
<engineerTo>
<item key="102C726D-E865-C16E-1A3E-68C24D8F16E6" value="true"/>
<item key="BD7CFEA6-D8E2-6E97-2A8F-E37400418898" value="true"/>
</engineerTo>
<useDomainConstraints>false</useDomainConstraints>
<use>1</use>
<logicalDatatype>LOGDT024</logicalDatatype>
<dataTypeSize>255</dataTypeSize>
<ownDataTypeParameters>255,,</ownDataTypeParameters>
</Attribute>
<Attribute name="ID_entrevista" id="48C87D8D-FF7E-D5DA-9DEB-DA164B343F4B">
<createdBy>xrpp</createdBy>
<createdTime>2022-11-21 19:27:00 UTC</createdTime>
<generatorID>948F0A99-035B-C1EE-1390-2BE77D61406C</generatorID>
<ownerDesignName>YH_magement</ownerDesignName>
<importedID>D83C42EB-941A-643D-BE95-633A7F691A5F</importedID>
<engineerTo>
<item key="102C726D-E865-C16E-1A3E-68C24D8F16E6" value="true"/>
<item key="BD7CFEA6-D8E2-6E97-2A8F-E37400418898" value="true"/>
</engineerTo>
<referedAttribute>3F66CFFE-3C1C-BCE3-9B8A-C8470245747B</referedAttribute>
<useDomainConstraints>false</useDomainConstraints>
<use>1</use>
<logicalDatatype>LOGDT011</logicalDatatype>
<ownDataTypeParameters>,,</ownDataTypeParameters>
</Attribute>
</attributes>
<identifiers itemClass="oracle.dbtools.crest.model.design.logical.CandidateKey">
<identifier id="707BAF55-1796-B12F-C688-F3D375ECD8B3" name="Media PK">
<createdBy>xrpp</createdBy>
<createdTime>2022-11-21 19:27:00 UTC</createdTime>
<ownerDesignName>YH_magement</ownerDesignName>
<shouldEngineer>false</shouldEngineer>
<importedID>498B55E9-47E9-6DC4-4AB0-1F9638E17D50</importedID>
<engineerTo>
<item key="102C726D-E865-C16E-1A3E-68C24D8F16E6" value="false"/>
<item key="BD7CFEA6-D8E2-6E97-2A8F-E37400418898" value="true"/>
</engineerTo>
<pk>true</pk>
<usedAttributes>
<attributeRef>401B4C53-18AC-0995-80B1-AC8281EC5D69</attributeRef>
</usedAttributes>
</identifier>
</identifiers>
</Entity>