<?xml version = '1.0' encoding = 'UTF-8'?>
<Diagram class="oracle.dbtools.crest.swingui.relational.DPVRelational" name="Relational_1(2)" id="6FB9A30F-D6C9-D5AB-9594-9A56C9F0BABF">
<createdBy>xrpp</createdBy>
<modifiedBy>xrpp</modifiedBy>
<createdTime>2022-11-21 19:27:00 UTC</createdTime>
<autoRoute>false</autoRoute>
<boxInbox>true</boxInbox>
<showLegend>false</showLegend>
<showLabels>false</showLabels>
<showRelAttributes>false</showRelAttributes>
<gridEnabled>false</gridEnabled>
<showGrid>false</showGrid>
<diagramColor>-1</diagramColor>
<display>false</display>
<notation>1</notation>
<objectViews>
<OView class="oracle.dbtools.crest.swingui.relational.TVTable" oid="08E2639F-85F8-6CE8-B52C-CDA24CA62696" otype="Table" vid="61761ADF-13B1-6A90-63B5-04D9E3A04F8E">
<hideElementsInCurrentOnly>false</hideElementsInCurrentOnly>
<bounds x="744" y="837" width="170" height="110"/>
</OView>
<OView class="oracle.dbtools.crest.swingui.relational.TVTable" oid="0DE81B72-F0C4-221C-FF81-4E706958B9AD" otype="Table" vid="67E506A5-C306-BC07-7D2B-D986CF491976">
<hideElementsInCurrentOnly>false</hideElementsInCurrentOnly>
<bounds x="419" y="700" width="170" height="110"/>
</OView>
<OView class="oracle.dbtools.crest.swingui.relational.TVTable" oid="28052CB9-43B4-4F21-DAB5-AE0AD0C16551" otype="Table" vid="60DEB629-1DED-9D75-A320-9C238F016742">
<hideElementsInCurrentOnly>false</hideElementsInCurrentOnly>
<bounds x="722" y="6" width="368" height="207"/>
</OView>
<OView class="oracle.dbtools.crest.swingui.relational.TVTable" oid="2F2B2C0C-E74D-1845-1D18-B3AD15E16FBA" otype="Table" vid="DF1E07E4-A9E8-0D3A-82D9-1DD841A5CD8E">
<hideElementsInCurrentOnly>false</hideElementsInCurrentOnly>
<bounds x="758" y="274" width="170" height="110"/>
</OView>
<OView class="oracle.dbtools.crest.swingui.relational.TVTable" oid="471A0D94-B2B5-DBE1-5457-44D138EAE22B" otype="Table" vid="379A99CF-0C51-6BC0-7143-6894A8FCAB26">
<hideElementsInCurrentOnly>false</hideElementsInCurrentOnly>
<bounds x="697" y="656" width="170" height="110"/>
</OView>
<OView class="oracle.dbtools.crest.swingui.relational.TVTable" oid="555E5B8B-2775-E04F-24EA-DB5C35767D96" otype="Table" vid="5CFF2BE8-94DE-A795-8CD9-D341F39DC4A8">
<hideElementsInCurrentOnly>false</hideElementsInCurrentOnly>
<bounds x="166" y="573" width="170" height="110"/>
</OView>
<OView class="oracle.dbtools.crest.swingui.relational.TVTable" oid="55833BD8-053A-5092-814E-176F7906BB16" otype="Table" vid="6AC8006F-6EEA-B3DB-FCAD-943C4F139BC6">
<hideElementsInCurrentOnly>false</hideElementsInCurrentOnly>
<bounds x="1094" y="391" width="198" height="124"/>
</OView>
<OView class="oracle.dbtools.crest.swingui.relational.TVTable" oid="8DA25D3C-C4AD-753C-CA9B-2AD6CD21758B" otype="Table" vid="644580CE-4AF6-394B-7D99-69A19F2FD9EB">
<hideElementsInCurrentOnly>false</hideElementsInCurrentOnly>
<bounds x="269" y="336" width="170" height="110"/>
</OView>
<OView class="oracle.dbtools.crest.swingui.relational.TVTable" oid="8FD1B75F-1417-3B83-245C-CDB1DE5C4EF0" otype="Table" vid="47547746-CDD7-6CF1-9C9F-74E24936680A">
<hideElementsInCurrentOnly>false</hideElementsInCurrentOnly>
<bounds x="58" y="344" width="162" height="105"/>
</OView>
<OView class="oracle.dbtools.crest.swingui.relational.TVTable" oid="9D27A39D-3AFB-F4C3-0980-03884180609C" otype="Table" vid="C3208A41-313A-AA6B-4183-57920D5B67EE">
<hideElementsInCurrentOnly>false</hideElementsInCurrentOnly>
<bounds x="868" y="386" width="170" height="110"/>
</OView>
<OView class="oracle.dbtools.crest.swingui.relational.TVTable" oid="A40018BD-A105-C91B-2887-259DC558FAD7" otype="Table" vid="DC4E8CAF-B896-46AE-D07B-BB90DA38EA32">
<hideElementsInCurrentOnly>false</hideElementsInCurrentOnly>
<bounds x="1186" y="516" width="215" height="136"/>
</OView>
<OView class="oracle.dbtools.crest.swingui.relational.TVTable" oid="A82A1C8B-E18F-59A5-5769-BAF30724EADC" otype="Table" vid="C1AA2241-D418-47DC-300C-E75EF5CC1FBB">
<hideElementsInCurrentOnly>false</hideElementsInCurrentOnly>
<bounds x="1088" y="243" width="170" height="110"/>
</OView>
<OView class="oracle.dbtools.crest.swingui.relational.TVTable" oid="B01099E2-510E-5151-C8FA-EB3397BEE2B1" otype="Table" vid="29E3A799-0A2F-1635-BEE9-086A78D2D9D3">
<hideElementsInCurrentOnly>false</hideElementsInCurrentOnly>
<bounds x="338" y="13" width="177" height="192"/>
</OView>
<OView class="oracle.dbtools.crest.swingui.relational.TVTable" oid="B11E71E8-BEA2-6A85-28F0-78899862FB02" otype="Table" vid="83805B90-83CB-4873-CF9F-225A1ABED05B">
<hideElementsInCurrentOnly>false</hideElementsInCurrentOnly>
<bounds x="1121" y="13" width="259" height="189"/>
</OView>
<OView class="oracle.dbtools.crest.swingui.relational.TVTable" oid="C46EC5CE-89DD-1D12-675F-015345789804" otype="Table" vid="B34181BD-2469-1D9F-23AA-DBCA746F4E5E">
<hideElementsInCurrentOnly>false</hideElementsInCurrentOnly>
<bounds x="947" y="583" width="170" height="110"/>
</OView>
<OView class="oracle.dbtools.crest.swingui.relational.TVTable" oid="DA8D6F9E-8BE0-14D4-71ED-78864D2F4EBC" otype="Table" vid="975F2A37-F695-8369-CE3C-9A46DBBFDA50">
<hideElementsInCurrentOnly>false</hideElementsInCurrentOnly>
<bounds x="687" y="480" width="170" height="110"/>
</OView>
<OView class="oracle.dbtools.crest.swingui.relational.TVTable" oid="DF363159-4C81-5B6C-1F9D-2830F2A8473B" otype="Table" vid="BE480E2A-3ABB-16F0-AA8C-C30D6A8DC23D">
<hideElementsInCurrentOnly>false</hideElementsInCurrentOnly>
<bounds x="43" y="46" width="168" height="156"/>
</OView>
<OView class="oracle.dbtools.crest.swingui.relational.TVTable" oid="F1966D23-681F-75A1-985E-B8038426B40A" otype="Table" vid="A1E8E54F-A6D7-49C9-3EFD-3E04D925C823">
<hideElementsInCurrentOnly>false</hideElementsInCurrentOnly>
<bounds x="524" y="321" width="187" height="155"/>
</OView>
<OView class="oracle.dbtools.crest.swingui.relational.TVTable" oid="F541BB3D-98E6-BC1A-68A5-DBF6CA537FAD" otype="Table" vid="F6B9A833-FC33-59BE-781D-CB088279D9B5">
<hideElementsInCurrentOnly>false</hideElementsInCurrentOnly>
<bounds x="520" y="164" width="170" height="110"/>
</OView>
</objectViews>
<connectors>
<Connector class="oracle.dbtools.crest.swingui.relational.TVFKRelation" oid="0955AC60-4826-6F1F-630B-9E3E045B0C7C" otype="FKIndexAssociation" vid_source="C1AA2241-D418-47DC-300C-E75EF5CC1FBB" vid_target="61761ADF-13B1-6A90-63B5-04D9E3A04F8E">
<hideElementsInCurrentOnly>false</hideElementsInCurrentOnly>
<backgroundColor>-16777216</backgroundColor>
<lineWidth>1</lineWidth>
<points>
<point x="1141" y="353"/>
<point x="860" y="837"/>
</points>
</Connector>
<Connector class="oracle.dbtools.crest.swingui.relational.TVFKRelation" oid="1E15CE9D-5950-FEA1-11D7-7581474D13FC" otype="FKIndexAssociation" vid_source="DC4E8CAF-B896-46AE-D07B-BB90DA38EA32" vid_target="5CFF2BE8-94DE-A795-8CD9-D341F39DC4A8">
<hideElementsInCurrentOnly>false</hideElementsInCurrentOnly>
<backgroundColor>-16777216</backgroundColor>
<lineWidth>1</lineWidth>
<points>
<point x="1186" y="652"/>
<point x="336" y="640"/>
</points>
</Connector>
<Connector class="oracle.dbtools.crest.swingui.relational.TVFKRelation" oid="2C1DE513-57D9-B6C8-9679-49E770ECE120" otype="FKIndexAssociation" vid_source="60DEB629-1DED-9D75-A320-9C238F016742" vid_target="F6B9A833-FC33-59BE-781D-CB088279D9B5">
<hideElementsInCurrentOnly>false</hideElementsInCurrentOnly>
<backgroundColor>-16777216</backgroundColor>
<lineWidth>1</lineWidth>
<points>
<point x="722" y="188"/>
<point x="690" y="188"/>
</points>
</Connector>
<Connector class="oracle.dbtools.crest.swingui.relational.TVFKRelation" oid="2C262C1E-8033-FE0C-B1CC-6E522AAB74C2" otype="FKIndexAssociation" vid_source="83805B90-83CB-4873-CF9F-225A1ABED05B" vid_target="C1AA2241-D418-47DC-300C-E75EF5CC1FBB">
<hideElementsInCurrentOnly>false</hideElementsInCurrentOnly>
<backgroundColor>-16777216</backgroundColor>
<lineWidth>1</lineWidth>
<points>
<point x="1159" y="202"/>
<point x="1159" y="243"/>
</points>
</Connector>
<Connector class="oracle.dbtools.crest.swingui.relational.TVFKRelation" oid="2C3CC3C5-48DD-CCEE-F74D-A95D3512A57B" otype="FKIndexAssociation" vid_source="379A99CF-0C51-6BC0-7143-6894A8FCAB26" vid_target="61761ADF-13B1-6A90-63B5-04D9E3A04F8E">
<hideElementsInCurrentOnly>false</hideElementsInCurrentOnly>
<backgroundColor>-16777216</backgroundColor>
<lineWidth>1</lineWidth>
<points>
<point x="805" y="766"/>
<point x="805" y="837"/>
</points>
</Connector>
<Connector class="oracle.dbtools.crest.swingui.relational.TVFKRelation" oid="42A35C17-58CE-DA1E-A4D9-3CCE422A69F5" otype="FKIndexAssociation" vid_source="379A99CF-0C51-6BC0-7143-6894A8FCAB26" vid_target="B34181BD-2469-1D9F-23AA-DBCA746F4E5E">
<hideElementsInCurrentOnly>false</hideElementsInCurrentOnly>
<backgroundColor>-16777216</backgroundColor>
<lineWidth>1</lineWidth>
<points>
<point x="867" y="674"/>
<point x="947" y="674"/>
</points>
</Connector>
<Connector class="oracle.dbtools.crest.swingui.relational.TVFKRelation" oid="43479B07-CB17-A6A7-4E38-02197DB7F04A" otype="FKIndexAssociation" vid_source="C1AA2241-D418-47DC-300C-E75EF5CC1FBB" vid_target="C3208A41-313A-AA6B-4183-57920D5B67EE">
<hideElementsInCurrentOnly>false</hideElementsInCurrentOnly>
<backgroundColor>-16777216</backgroundColor>
<lineWidth>1</lineWidth>
<points>
<point x="1088" y="353"/>
<point x="1037" y="386"/>
</points>
</Connector>
<Connector class="oracle.dbtools.crest.swingui.relational.TVFKRelation" oid="4BD9C761-11FE-3D54-5C74-13806CCEF52B" otype="FKIndexAssociation" vid_source="379A99CF-0C51-6BC0-7143-6894A8FCAB26" vid_target="975F2A37-F695-8369-CE3C-9A46DBBFDA50">
<hideElementsInCurrentOnly>false</hideElementsInCurrentOnly>
<backgroundColor>-16777216</backgroundColor>
<lineWidth>1</lineWidth>
<points>
<point x="777" y="656"/>
<point x="777" y="590"/>
</points>
</Connector>
<Connector class="oracle.dbtools.crest.swingui.relational.TVFKRelation" oid="523266AD-016E-F986-0211-6CB805AFC53B" otype="FKIndexAssociation" vid_source="83805B90-83CB-4873-CF9F-225A1ABED05B" vid_target="6AC8006F-6EEA-B3DB-FCAD-943C4F139BC6">
<hideElementsInCurrentOnly>false</hideElementsInCurrentOnly>
<backgroundColor>-16777216</backgroundColor>
<lineWidth>1</lineWidth>
<points>
<point x="1206" y="202"/>
<point x="1206" y="391"/>
</points>
</Connector>
<Connector class="oracle.dbtools.crest.swingui.relational.TVFKRelation" oid="5D369034-1015-3BA4-9BB5-9E9E6D279409" otype="FKIndexAssociation" vid_source="379A99CF-0C51-6BC0-7143-6894A8FCAB26" vid_target="67E506A5-C306-BC07-7D2B-D986CF491976">
<hideElementsInCurrentOnly>false</hideElementsInCurrentOnly>
<backgroundColor>-16777216</backgroundColor>
<lineWidth>1</lineWidth>
<points>
<point x="697" y="748"/>
<point x="589" y="748"/>
</points>
</Connector>
<Connector class="oracle.dbtools.crest.swingui.relational.TVFKRelation" oid="5FA1CB10-4E3A-6C57-F3EC-C69ECB8A5B24" otype="FKIndexAssociation" vid_source="DC4E8CAF-B896-46AE-D07B-BB90DA38EA32" vid_target="B34181BD-2469-1D9F-23AA-DBCA746F4E5E">
<hideElementsInCurrentOnly>false</hideElementsInCurrentOnly>
<backgroundColor>-16777216</backgroundColor>
<lineWidth>1</lineWidth>
<points>
<point x="1186" y="652"/>
<point x="1117" y="687"/>
</points>
</Connector>
<Connector class="oracle.dbtools.crest.swingui.relational.TVFKRelation" oid="69A78C6B-AC63-6A43-52A0-A840A316294C" otype="FKIndexAssociation" vid_source="83805B90-83CB-4873-CF9F-225A1ABED05B" vid_target="DC4E8CAF-B896-46AE-D07B-BB90DA38EA32">
<hideElementsInCurrentOnly>false</hideElementsInCurrentOnly>
<backgroundColor>-16777216</backgroundColor>
<lineWidth>1</lineWidth>
<points>
<point x="1283" y="202"/>
<point x="1283" y="516"/>
</points>
</Connector>
<Connector class="oracle.dbtools.crest.swingui.relational.TVFKRelation" oid="74F612BE-3182-5B2F-4B0F-08A1DAFA0BDF" otype="FKIndexAssociation" vid_source="A1E8E54F-A6D7-49C9-3EFD-3E04D925C823" vid_target="DF1E07E4-A9E8-0D3A-82D9-1DD841A5CD8E">
<hideElementsInCurrentOnly>false</hideElementsInCurrentOnly>
<backgroundColor>-16777216</backgroundColor>
<lineWidth>1</lineWidth>
<points>
<point x="711" y="352"/>
<point x="758" y="352"/>
</points>
</Connector>
<Connector class="oracle.dbtools.crest.swingui.relational.TVFKRelation" oid="8FB491E6-9785-1BF5-18CD-CD9068D796D0" otype="FKIndexAssociation" vid_source="A1E8E54F-A6D7-49C9-3EFD-3E04D925C823" vid_target="C3208A41-313A-AA6B-4183-57920D5B67EE">
<hideElementsInCurrentOnly>false</hideElementsInCurrentOnly>
<backgroundColor>-16777216</backgroundColor>
<lineWidth>1</lineWidth>
<points>
<point x="711" y="431"/>
<point x="868" y="431"/>
</points>
</Connector>
<Connector class="oracle.dbtools.crest.swingui.relational.TVFKRelation" oid="90EC9FAC-6AF3-FA9E-3A3D-E86DEA4D3BA4" otype="FKIndexAssociation" vid_source="BE480E2A-3ABB-16F0-AA8C-C30D6A8DC23D" vid_target="60DEB629-1DED-9D75-A320-9C238F016742">
<hideElementsInCurrentOnly>false</hideElementsInCurrentOnly>
<backgroundColor>-16777216</backgroundColor>
<lineWidth>1</lineWidth>
<points>
<point x="211" y="124"/>
<point x="770" y="124"/>
</points>
</Connector>
<Connector class="oracle.dbtools.crest.swingui.relational.TVFKRelation" oid="914A2C90-93BB-279F-1640-E8ABF2CE805E" otype="FKIndexAssociation" vid_source="644580CE-4AF6-394B-7D99-69A19F2FD9EB" vid_target="60DEB629-1DED-9D75-A320-9C238F016742">
<hideElementsInCurrentOnly>false</hideElementsInCurrentOnly>
<backgroundColor>-16777216</backgroundColor>
<lineWidth>1</lineWidth>
<points>
<point x="439" y="341"/>
<point x="770" y="131"/>
</points>
</Connector>
<Connector class="oracle.dbtools.crest.swingui.relational.TVFKRelation" oid="B1794AB0-9C5F-4BC8-7333-C1767744B52C" otype="FKIndexAssociation" vid_source="6AC8006F-6EEA-B3DB-FCAD-943C4F139BC6" vid_target="DF1E07E4-A9E8-0D3A-82D9-1DD841A5CD8E">
<hideElementsInCurrentOnly>false</hideElementsInCurrentOnly>
<backgroundColor>-16777216</backgroundColor>
<lineWidth>1</lineWidth>
<points>
<point x="1094" y="417"/>
<point x="928" y="359"/>
</points>
</Connector>
<Connector class="oracle.dbtools.crest.swingui.relational.TVFKRelation" oid="B75706DB-15BC-BE2A-A0E0-CF58F84C4DA7" otype="FKIndexAssociation" vid_source="83805B90-83CB-4873-CF9F-225A1ABED05B" vid_target="60DEB629-1DED-9D75-A320-9C238F016742">
<hideElementsInCurrentOnly>false</hideElementsInCurrentOnly>
<backgroundColor>-16777216</backgroundColor>
<lineWidth>1</lineWidth>
<points>
<point x="1121" y="107"/>
<point x="955" y="107"/>
</points>
</Connector>
<Connector class="oracle.dbtools.crest.swingui.relational.TVFKRelation" oid="BBF6BD89-F54F-B2DC-FDE2-9B290A8DBE82" otype="FKIndexAssociation" vid_source="6AC8006F-6EEA-B3DB-FCAD-943C4F139BC6" vid_target="975F2A37-F695-8369-CE3C-9A46DBBFDA50">
<hideElementsInCurrentOnly>false</hideElementsInCurrentOnly>
<backgroundColor>-16777216</backgroundColor>
<lineWidth>1</lineWidth>
<points>
<point x="1094" y="497"/>
<point x="857" y="497"/>
</points>
</Connector>
<Connector class="oracle.dbtools.crest.swingui.relational.TVFKRelation" oid="CD98ABDE-C2E8-AB03-87B2-72A93009A11C" otype="FKIndexAssociation" vid_source="47547746-CDD7-6CF1-9C9F-74E24936680A" vid_target="644580CE-4AF6-394B-7D99-69A19F2FD9EB">
<hideElementsInCurrentOnly>false</hideElementsInCurrentOnly>
<backgroundColor>-16777216</backgroundColor>
<lineWidth>1</lineWidth>
<points>
<point x="220" y="395"/>
<point x="269" y="395"/>
</points>
</Connector>
<Connector class="oracle.dbtools.crest.swingui.relational.TVFKRelation" oid="D70BA43F-FD6A-AF7A-6AE2-9B9AF0EB3260" otype="FKIndexAssociation" vid_source="A1E8E54F-A6D7-49C9-3EFD-3E04D925C823" vid_target="5CFF2BE8-94DE-A795-8CD9-D341F39DC4A8">
<hideElementsInCurrentOnly>false</hideElementsInCurrentOnly>
<backgroundColor>-16777216</backgroundColor>
<lineWidth>1</lineWidth>
<points>
<point x="524" y="476"/>
<point x="336" y="592"/>
</points>
</Connector>
<Connector class="oracle.dbtools.crest.swingui.relational.TVFKRelation" oid="EE53A811-2F65-D61A-D800-A0EC2F75A7CE" otype="FKIndexAssociation" vid_source="A1E8E54F-A6D7-49C9-3EFD-3E04D925C823" vid_target="F6B9A833-FC33-59BE-781D-CB088279D9B5">
<hideElementsInCurrentOnly>false</hideElementsInCurrentOnly>
<backgroundColor>-16777216</backgroundColor>
<lineWidth>1</lineWidth>
<points>
<point x="549" y="476"/>
<point x="549" y="274"/>
</points>
</Connector>
<Connector class="oracle.dbtools.crest.swingui.relational.TVFKRelation" oid="F17E12EE-8DA4-E7A7-C9FB-D3AFB03469FD" otype="FKIndexAssociation" vid_source="29E3A799-0A2F-1635-BEE9-086A78D2D9D3" vid_target="60DEB629-1DED-9D75-A320-9C238F016742">
<hideElementsInCurrentOnly>false</hideElementsInCurrentOnly>
<backgroundColor>-16777216</backgroundColor>
<lineWidth>1</lineWidth>
<points>
<point x="515" y="109"/>
<point x="770" y="109"/>
</points>
</Connector>
<Connector class="oracle.dbtools.crest.swingui.relational.TVFKRelation" oid="F278CBBB-54C0-3DC7-A56A-1CBD0CCF0629" otype="FKIndexAssociation" vid_source="60DEB629-1DED-9D75-A320-9C238F016742" vid_target="67E506A5-C306-BC07-7D2B-D986CF491976">
<hideElementsInCurrentOnly>false</hideElementsInCurrentOnly>
<backgroundColor>-16777216</backgroundColor>
<lineWidth>1</lineWidth>
<points>
<point x="841" y="213"/>
<point x="538" y="700"/>
</points>
</Connector>
</connectors>
</Diagram>