<?xml version = '1.0' encoding = 'UTF-8'?>
<Diagram class="oracle.dbtools.crest.swingui.relational.DPVRelational" name="Relational_1" id="BFB04564-3C78-DAB0-DD2C-DAFBD2E61145">
<createdBy>xrpp</createdBy>
<modifiedBy>xrpp</modifiedBy>
<createdTime>2022-11-28 19:50:26 UTC</createdTime>
<autoRoute>false</autoRoute>
<boxInbox>true</boxInbox>
<showLegend>false</showLegend>
<showLabels>false</showLabels>
<showRelAttributes>false</showRelAttributes>
<gridEnabled>false</gridEnabled>
<showGrid>false</showGrid>
<diagramColor>-1</diagramColor>
<display>false</display>
<notation>1</notation>
<objectViews>
<OView class="oracle.dbtools.crest.swingui.relational.TVTable" oid="08A87240-CFF4-E04F-4B15-E551232870D2" otype="Table" vid="1DE9305D-596D-B30F-7904-62154278ED62">
<hideElementsInCurrentOnly>false</hideElementsInCurrentOnly>
<bounds x="711" y="15" width="362" height="176"/>
</OView>
<OView class="oracle.dbtools.crest.swingui.relational.TVTable" oid="19E13010-E646-557B-E221-10FAC074E923" otype="Table" vid="9415A4DB-7382-9F80-4E47-8349F35384E2">
<hideElementsInCurrentOnly>false</hideElementsInCurrentOnly>
<bounds x="470" y="766" width="316" height="110"/>
</OView>
<OView class="oracle.dbtools.crest.swingui.relational.TVTable" oid="2F50800B-0372-425A-1DCF-83D3F651CBB8" otype="Table" vid="2E69444F-3245-FCEE-5B68-E0461E37C1AC">
<hideElementsInCurrentOnly>false</hideElementsInCurrentOnly>
<bounds x="351" y="1079" width="170" height="110"/>
</OView>
<OView class="oracle.dbtools.crest.swingui.relational.TVTable" oid="3041574C-6C7D-F829-E8E4-93FBD62860D2" otype="Table" vid="D71917FF-E627-A1B1-27C5-0F92BCC43F72">
<hideElementsInCurrentOnly>false</hideElementsInCurrentOnly>
<bounds x="328" y="247" width="289" height="110"/>
</OView>
<OView class="oracle.dbtools.crest.swingui.relational.TVTable" oid="3CBDBF25-A506-BB88-AA35-7EB3284413C0" otype="Table" vid="3E9A23B8-DEAA-1A7D-2397-D9EE4AA20B2E">
<hideElementsInCurrentOnly>false</hideElementsInCurrentOnly>
<bounds x="663" y="1007" width="170" height="110"/>
</OView>
<OView class="oracle.dbtools.crest.swingui.relational.TVTable" oid="486645C3-3B44-3071-96B3-E60F19D3E78A" otype="Table" vid="118E63D1-161C-4B81-316C-7D76427AAF66">
<hideElementsInCurrentOnly>false</hideElementsInCurrentOnly>
<bounds x="1119" y="255" width="259" height="189"/>
</OView>
<OView class="oracle.dbtools.crest.swingui.relational.TVTable" oid="580EDA17-2458-42A1-E3D0-77F9E5189FFE" otype="Table" vid="1348B2A1-EA1C-346D-8A61-ECA398870559">
<hideElementsInCurrentOnly>false</hideElementsInCurrentOnly>
<bounds x="173" y="808" width="219" height="155"/>
</OView>
<OView class="oracle.dbtools.crest.swingui.relational.TVTable" oid="66E7CA71-30CF-B32F-AA98-D7A8AD5E6A8B" otype="Table" vid="1ABDC696-8567-6459-ADCE-2624F3249D07">
<hideElementsInCurrentOnly>false</hideElementsInCurrentOnly>
<bounds x="294" y="20" width="274" height="183"/>
</OView>
<OView class="oracle.dbtools.crest.swingui.relational.TVTable" oid="788FB2BB-CEE5-C4BA-F951-05BE912F886E" otype="Table" vid="F16E5155-D5AB-CB0A-1C23-1FF8C765414B">
<hideElementsInCurrentOnly>false</hideElementsInCurrentOnly>
<bounds x="48" y="238" width="197" height="174"/>
</OView>
<OView class="oracle.dbtools.crest.swingui.relational.TVTable" oid="8488A634-A522-27AB-78CB-80A679823BEA" otype="Table" vid="349F6E90-F9E0-50FE-C32F-7AB3CEB26AC9">
<hideElementsInCurrentOnly>false</hideElementsInCurrentOnly>
<bounds x="657" y="278" width="271" height="147"/>
</OView>
<OView class="oracle.dbtools.crest.swingui.relational.TVTable" oid="8C946E3E-F0E7-0B7F-3AA9-F4B94B4CE32E" otype="Table" vid="46C5F112-844A-80A7-3658-2E7AB0DD545D">
<hideElementsInCurrentOnly>false</hideElementsInCurrentOnly>
<bounds x="1265" y="515" width="170" height="110"/>
</OView>
<OView class="oracle.dbtools.crest.swingui.relational.TVTable" oid="9C9D1D20-A960-3136-3DDD-9AF4A49F48EE" otype="Table" vid="C843FA7F-99AF-4C30-39B9-CF9FB800C2C0">
<hideElementsInCurrentOnly>false</hideElementsInCurrentOnly>
<bounds x="823" y="856" width="170" height="110"/>
</OView>
<OView class="oracle.dbtools.crest.swingui.relational.TVTable" oid="B404DAB9-AB77-97C9-B768-844C1C519B3A" otype="Table" vid="E03DABEE-AB6C-8955-964B-B728B1BAB0FE">
<hideElementsInCurrentOnly>false</hideElementsInCurrentOnly>
<bounds x="731" y="616" width="170" height="110"/>
</OView>
<OView class="oracle.dbtools.crest.swingui.relational.TVTable" oid="B73035D9-BED7-36E3-439B-A6F8E2AC6DC6" otype="Table" vid="011373B8-22F1-9324-A9E0-C207048E673E">
<hideElementsInCurrentOnly>false</hideElementsInCurrentOnly>
<bounds x="8" y="16" width="203" height="156"/>
</OView>
<OView class="oracle.dbtools.crest.swingui.relational.TVTable" oid="C161A064-2AD9-9EDA-EB84-7F3920C42340" otype="Table" vid="DBFE0B68-7DCE-5913-13E3-C08C0E4FF69A">
<hideElementsInCurrentOnly>false</hideElementsInCurrentOnly>
<bounds x="643" y="468" width="219" height="105"/>
</OView>
<OView class="oracle.dbtools.crest.swingui.relational.TVTable" oid="CF44909C-56AC-2305-F243-878F033C528B" otype="Table" vid="2F15C03A-718E-6EBF-56D0-813BF7C89000">
<hideElementsInCurrentOnly>false</hideElementsInCurrentOnly>
<bounds x="1039" y="728" width="337" height="145"/>
</OView>
<OView class="oracle.dbtools.crest.swingui.relational.TVTable" oid="D8B3435D-9E0D-067B-1286-E79A5E666457" otype="Table" vid="D62FF2AD-7037-869F-C679-27A4481E4EB0">
<hideElementsInCurrentOnly>false</hideElementsInCurrentOnly>
<bounds x="312" y="494" width="294" height="110"/>
</OView>
<OView class="oracle.dbtools.crest.swingui.relational.TVTable" oid="E4D2AA53-82CE-14A9-0C2D-27C89C8A2A46" otype="Table" vid="036067D6-E951-EBE3-503A-1418D3E5CCFC">
<hideElementsInCurrentOnly>false</hideElementsInCurrentOnly>
<bounds x="1251" y="52" width="205" height="126"/>
</OView>
<OView class="oracle.dbtools.crest.swingui.relational.TVTable" oid="E5967936-11DD-8F53-FB54-961973C73776" otype="Table" vid="F7071EA7-9C2D-ACC2-5D31-A1529618E83C">
<hideElementsInCurrentOnly>false</hideElementsInCurrentOnly>
<bounds x="994" y="492" width="170" height="110"/>
</OView>
<OView class="oracle.dbtools.crest.swingui.relational.TVTable" oid="FDD46E68-1528-535F-5B5C-FD0B65BB42B1" otype="Table" vid="40393900-5262-E137-A5BC-04DFECD4391D">
<hideElementsInCurrentOnly>false</hideElementsInCurrentOnly>
<bounds x="978" y="1042" width="363" height="136"/>
</OView>
<OView class="oracle.dbtools.crest.swingui.relational.TVTable" oid="FF336853-FFCF-C9F9-A8C1-D54F3E5B89AE" otype="Table" vid="A373C2F0-2133-1CBE-2C28-BE2256C5A5BE">
<hideElementsInCurrentOnly>false</hideElementsInCurrentOnly>
<bounds x="129" y="622" width="170" height="110"/>
</OView>
</objectViews>
<connectors>
<Connector class="oracle.dbtools.crest.swingui.relational.TVFKRelation" oid="01546313-1D4C-A5C2-A6F0-7216B09BB4FE" otype="FKIndexAssociation" vid_source="46C5F112-844A-80A7-3658-2E7AB0DD545D" vid_target="F7071EA7-9C2D-ACC2-5D31-A1529618E83C">
<hideElementsInCurrentOnly>false</hideElementsInCurrentOnly>
<backgroundColor>-16777216</backgroundColor>
<lineWidth>1</lineWidth>
<points>
<point x="1265" y="558"/>
<point x="1164" y="558"/>
</points>
</Connector>
<Connector class="oracle.dbtools.crest.swingui.relational.TVFKRelation" oid="023F9151-BFD4-9E37-5C74-F2DD69F790CD" otype="FKIndexAssociation" vid_source="1DE9305D-596D-B30F-7904-62154278ED62" vid_target="D62FF2AD-7037-869F-C679-27A4481E4EB0">
<hideElementsInCurrentOnly>false</hideElementsInCurrentOnly>
<backgroundColor>-16777216</backgroundColor>
<lineWidth>1</lineWidth>
<points>
<point x="806" y="191"/>
<point x="512" y="494"/>
</points>
</Connector>
<Connector class="oracle.dbtools.crest.swingui.relational.TVFKRelation" oid="05126C70-9CA7-0B3F-5318-293877D55339" otype="FKIndexAssociation" vid_source="2F15C03A-718E-6EBF-56D0-813BF7C89000" vid_target="9415A4DB-7382-9F80-4E47-8349F35384E2">
<hideElementsInCurrentOnly>false</hideElementsInCurrentOnly>
<backgroundColor>-16777216</backgroundColor>
<lineWidth>1</lineWidth>
<points>
<point x="1039" y="819"/>
<point x="786" y="819"/>
</points>
</Connector>
<Connector class="oracle.dbtools.crest.swingui.relational.TVFKRelation" oid="06FB500E-ABEC-C3C1-BA8E-9BBD9799BE2C" otype="FKIndexAssociation" vid_source="40393900-5262-E137-A5BC-04DFECD4391D" vid_target="118E63D1-161C-4B81-316C-7D76427AAF66">
<hideElementsInCurrentOnly>false</hideElementsInCurrentOnly>
<backgroundColor>-16777216</backgroundColor>
<lineWidth>1</lineWidth>
<points>
<point x="1245" y="1042"/>
<point x="1245" y="444"/>
</points>
</Connector>
<Connector class="oracle.dbtools.crest.swingui.relational.TVFKRelation" oid="0C225943-ECE1-C809-42FA-F2AAF0BE405D" otype="FKIndexAssociation" vid_source="118E63D1-161C-4B81-316C-7D76427AAF66" vid_target="46C5F112-844A-80A7-3658-2E7AB0DD545D">
<hideElementsInCurrentOnly>false</hideElementsInCurrentOnly>
<backgroundColor>-16777216</backgroundColor>
<lineWidth>1</lineWidth>
<points>
<point x="1321" y="444"/>
<point x="1321" y="515"/>
</points>
</Connector>
<Connector class="oracle.dbtools.crest.swingui.relational.TVFKRelation" oid="13DC3612-1576-112A-44B5-3C38857FF710" otype="FKIndexAssociation" vid_source="1ABDC696-8567-6459-ADCE-2624F3249D07" vid_target="1DE9305D-596D-B30F-7904-62154278ED62">
<hideElementsInCurrentOnly>false</hideElementsInCurrentOnly>
<backgroundColor>-16777216</backgroundColor>
<lineWidth>1</lineWidth>
<points>
<point x="568" y="90"/>
<point x="711" y="90"/>
</points>
</Connector>
<Connector class="oracle.dbtools.crest.swingui.relational.TVFKRelation" oid="1BE70C32-9D69-234B-3FA7-DA8D7808CE2E" otype="FKIndexAssociation" vid_source="2F15C03A-718E-6EBF-56D0-813BF7C89000" vid_target="C843FA7F-99AF-4C30-39B9-CF9FB800C2C0">
<hideElementsInCurrentOnly>false</hideElementsInCurrentOnly>
<backgroundColor>-16777216</backgroundColor>
<lineWidth>1</lineWidth>
<points>
<point x="1039" y="864"/>
<point x="993" y="864"/>
</points>
</Connector>
<Connector class="oracle.dbtools.crest.swingui.relational.TVFKRelation" oid="282323A5-1A86-A584-00BD-138D1AAB6229" otype="FKIndexAssociation" vid_source="1348B2A1-EA1C-346D-8A61-ECA398870559" vid_target="2E69444F-3245-FCEE-5B68-E0461E37C1AC">
<hideElementsInCurrentOnly>false</hideElementsInCurrentOnly>
<backgroundColor>-16777216</backgroundColor>
<lineWidth>1</lineWidth>
<points>
<point x="371" y="963"/>
<point x="371" y="1079"/>
</points>
</Connector>
<Connector class="oracle.dbtools.crest.swingui.relational.TVFKRelation" oid="3ADA5E65-E60C-91C2-7962-A11886C3210B" otype="FKIndexAssociation" vid_source="1348B2A1-EA1C-346D-8A61-ECA398870559" vid_target="D71917FF-E627-A1B1-27C5-0F92BCC43F72">
<hideElementsInCurrentOnly>false</hideElementsInCurrentOnly>
<backgroundColor>-16777216</backgroundColor>
<lineWidth>1</lineWidth>
<points>
<point x="360" y="808"/>
<point x="360" y="357"/>
</points>
</Connector>
<Connector class="oracle.dbtools.crest.swingui.relational.TVFKRelation" oid="3D6B1094-56B9-E909-F233-5EB9F3815813" otype="FKIndexAssociation" vid_source="E03DABEE-AB6C-8955-964B-B728B1BAB0FE" vid_target="F7071EA7-9C2D-ACC2-5D31-A1529618E83C">
<hideElementsInCurrentOnly>false</hideElementsInCurrentOnly>
<backgroundColor>-16777216</backgroundColor>
<lineWidth>1</lineWidth>
<points>
<point x="901" y="630"/>
<point x="994" y="587"/>
</points>
</Connector>
<Connector class="oracle.dbtools.crest.swingui.relational.TVFKRelation" oid="4534D79F-D74A-FF5D-C9D7-1B643B892E30" otype="FKIndexAssociation" vid_source="E03DABEE-AB6C-8955-964B-B728B1BAB0FE" vid_target="D62FF2AD-7037-869F-C679-27A4481E4EB0">
<hideElementsInCurrentOnly>false</hideElementsInCurrentOnly>
<backgroundColor>-16777216</backgroundColor>
<lineWidth>1</lineWidth>
<points>
<point x="731" y="641"/>
<point x="606" y="599"/>
</points>
</Connector>
<Connector class="oracle.dbtools.crest.swingui.relational.TVFKRelation" oid="49662B7F-3B9D-FF8E-6981-A8C73AF362E7" otype="FKIndexAssociation" vid_source="DBFE0B68-7DCE-5913-13E3-C08C0E4FF69A" vid_target="349F6E90-F9E0-50FE-C32F-7AB3CEB26AC9">
<hideElementsInCurrentOnly>false</hideElementsInCurrentOnly>
<backgroundColor>-16777216</backgroundColor>
<lineWidth>1</lineWidth>
<points>
<point x="759" y="468"/>
<point x="759" y="425"/>
</points>
</Connector>
<Connector class="oracle.dbtools.crest.swingui.relational.TVFKRelation" oid="53D0950E-A91D-5CB4-EBF3-CE3F0DEAD91B" otype="FKIndexAssociation" vid_source="46C5F112-844A-80A7-3658-2E7AB0DD545D" vid_target="A373C2F0-2133-1CBE-2C28-BE2256C5A5BE">
<hideElementsInCurrentOnly>false</hideElementsInCurrentOnly>
<backgroundColor>-16777216</backgroundColor>
<lineWidth>1</lineWidth>
<points>
<point x="1265" y="623"/>
<point x="299" y="623"/>
</points>
</Connector>
<Connector class="oracle.dbtools.crest.swingui.relational.TVFKRelation" oid="630262F9-5874-C6BF-1342-8A445EAB069D" otype="FKIndexAssociation" vid_source="349F6E90-F9E0-50FE-C32F-7AB3CEB26AC9" vid_target="1DE9305D-596D-B30F-7904-62154278ED62">
<hideElementsInCurrentOnly>false</hideElementsInCurrentOnly>
<backgroundColor>-16777216</backgroundColor>
<lineWidth>1</lineWidth>
<points>
<point x="849" y="278"/>
<point x="849" y="191"/>
</points>
</Connector>
<Connector class="oracle.dbtools.crest.swingui.relational.TVFKRelation" oid="72325859-C995-AFC9-2610-AB931CAFD955" otype="FKIndexAssociation" vid_source="40393900-5262-E137-A5BC-04DFECD4391D" vid_target="3E9A23B8-DEAA-1A7D-2397-D9EE4AA20B2E">
<hideElementsInCurrentOnly>false</hideElementsInCurrentOnly>
<backgroundColor>-16777216</backgroundColor>
<lineWidth>1</lineWidth>
<points>
<point x="978" y="1079"/>
<point x="833" y="1079"/>
</points>
</Connector>
<Connector class="oracle.dbtools.crest.swingui.relational.TVFKRelation" oid="767B514E-DF63-CA23-57A9-30F888927463" otype="FKIndexAssociation" vid_source="40393900-5262-E137-A5BC-04DFECD4391D" vid_target="2E69444F-3245-FCEE-5B68-E0461E37C1AC">
<hideElementsInCurrentOnly>false</hideElementsInCurrentOnly>
<backgroundColor>-16777216</backgroundColor>
<lineWidth>1</lineWidth>
<points>
<point x="978" y="1128"/>
<point x="521" y="1128"/>
</points>
</Connector>
<Connector class="oracle.dbtools.crest.swingui.relational.TVFKRelation" oid="7ED2F7E6-1F73-072A-6E01-C266C7C03916" otype="FKIndexAssociation" vid_source="E03DABEE-AB6C-8955-964B-B728B1BAB0FE" vid_target="C843FA7F-99AF-4C30-39B9-CF9FB800C2C0">
<hideElementsInCurrentOnly>false</hideElementsInCurrentOnly>
<backgroundColor>-16777216</backgroundColor>
<lineWidth>1</lineWidth>
<points>
<point x="862" y="726"/>
<point x="862" y="856"/>
</points>
</Connector>
<Connector class="oracle.dbtools.crest.swingui.relational.TVFKRelation" oid="7F9D2665-793E-F224-05D0-4A0534E3E698" otype="FKIndexAssociation" vid_source="1348B2A1-EA1C-346D-8A61-ECA398870559" vid_target="A373C2F0-2133-1CBE-2C28-BE2256C5A5BE">
<hideElementsInCurrentOnly>false</hideElementsInCurrentOnly>
<backgroundColor>-16777216</backgroundColor>
<lineWidth>1</lineWidth>
<points>
<point x="236" y="808"/>
<point x="236" y="732"/>
</points>
</Connector>
<Connector class="oracle.dbtools.crest.swingui.relational.TVFKRelation" oid="8C432F25-FF1F-FD19-7B01-FD52EEEAF0A2" otype="FKIndexAssociation" vid_source="E03DABEE-AB6C-8955-964B-B728B1BAB0FE" vid_target="3E9A23B8-DEAA-1A7D-2397-D9EE4AA20B2E">
<hideElementsInCurrentOnly>false</hideElementsInCurrentOnly>
<backgroundColor>-16777216</backgroundColor>
<lineWidth>1</lineWidth>
<points>
<point x="782" y="726"/>
<point x="782" y="1007"/>
</points>
</Connector>
<Connector class="oracle.dbtools.crest.swingui.relational.TVFKRelation" oid="A0310180-E4B0-D9F1-A0D9-6A90C24A125D" otype="FKIndexAssociation" vid_source="2F15C03A-718E-6EBF-56D0-813BF7C89000" vid_target="118E63D1-161C-4B81-316C-7D76427AAF66">
<hideElementsInCurrentOnly>false</hideElementsInCurrentOnly>
<backgroundColor>-16777216</backgroundColor>
<lineWidth>1</lineWidth>
<points>
<point x="1262" y="728"/>
<point x="1262" y="444"/>
</points>
</Connector>
<Connector class="oracle.dbtools.crest.swingui.relational.TVFKRelation" oid="B42437CD-570C-0BAC-B589-E755CD456588" otype="FKIndexAssociation" vid_source="036067D6-E951-EBE3-503A-1418D3E5CCFC" vid_target="118E63D1-161C-4B81-316C-7D76427AAF66">
<hideElementsInCurrentOnly>false</hideElementsInCurrentOnly>
<backgroundColor>-16777216</backgroundColor>
<lineWidth>1</lineWidth>
<points>
<point x="1314" y="178"/>
<point x="1314" y="255"/>
</points>
</Connector>
<Connector class="oracle.dbtools.crest.swingui.relational.TVFKRelation" oid="B8C9D7E9-FAEF-04B6-F4C6-4580969C7D12" otype="FKIndexAssociation" vid_source="118E63D1-161C-4B81-316C-7D76427AAF66" vid_target="1DE9305D-596D-B30F-7904-62154278ED62">
<hideElementsInCurrentOnly>false</hideElementsInCurrentOnly>
<backgroundColor>-16777216</backgroundColor>
<lineWidth>1</lineWidth>
<points>
<point x="1119" y="259"/>
<point x="1019" y="191"/>
</points>
</Connector>
<Connector class="oracle.dbtools.crest.swingui.relational.TVFKRelation" oid="C24A7F00-3F5A-4661-6D31-A3683DD10CBF" otype="FKIndexAssociation" vid_source="F16E5155-D5AB-CB0A-1C23-1FF8C765414B" vid_target="1ABDC696-8567-6459-ADCE-2624F3249D07">
<hideElementsInCurrentOnly>false</hideElementsInCurrentOnly>
<backgroundColor>-16777216</backgroundColor>
<lineWidth>1</lineWidth>
<points>
<point x="245" y="251"/>
<point x="309" y="203"/>
</points>
</Connector>
<Connector class="oracle.dbtools.crest.swingui.relational.TVFKRelation" oid="E8025E14-C6A9-1941-3147-B79259E9A1E5" otype="FKIndexAssociation" vid_source="011373B8-22F1-9324-A9E0-C207048E673E" vid_target="1DE9305D-596D-B30F-7904-62154278ED62">
<hideElementsInCurrentOnly>false</hideElementsInCurrentOnly>
<backgroundColor>-16777216</backgroundColor>
<lineWidth>1</lineWidth>
<points>
<point x="211" y="79"/>
<point x="711" y="79"/>
</points>
</Connector>
<Connector class="oracle.dbtools.crest.swingui.relational.TVFKRelation" oid="F826AFF4-5AF6-3808-CC86-9E480EFFE84E" otype="FKIndexAssociation" vid_source="1348B2A1-EA1C-346D-8A61-ECA398870559" vid_target="9415A4DB-7382-9F80-4E47-8349F35384E2">
<hideElementsInCurrentOnly>false</hideElementsInCurrentOnly>
<backgroundColor>-16777216</backgroundColor>
<lineWidth>1</lineWidth>
<points>
<point x="392" y="842"/>
<point x="470" y="842"/>
</points>
</Connector>
<Connector class="oracle.dbtools.crest.swingui.relational.TVFKRelation" oid="FFF85692-3D48-4603-21E4-8785EE6EB53F" otype="FKIndexAssociation" vid_source="1DE9305D-596D-B30F-7904-62154278ED62" vid_target="D71917FF-E627-A1B1-27C5-0F92BCC43F72">
<hideElementsInCurrentOnly>false</hideElementsInCurrentOnly>
<backgroundColor>-16777216</backgroundColor>
<lineWidth>1</lineWidth>
<points>
<point x="711" y="188"/>
<point x="588" y="247"/>
</points>
</Connector>
</connectors>
</Diagram>