<?xml version = '1.0' encoding = 'UTF-8'?>
<Diagram class="oracle.dbtools.crest.swingui.logical.DPVLogical" name="Logical" id="097A0532-4095-2535-564C-FF5F38DACA73">
<createdBy>xrpp</createdBy>
<modifiedBy>xrpp</modifiedBy>
<createdTime>2022-11-21 19:27:00 UTC</createdTime>
<autoRoute>false</autoRoute>
<boxInbox>true</boxInbox>
<showLegend>false</showLegend>
<showLabels>false</showLabels>
<showRelAttributes>false</showRelAttributes>
<gridEnabled>false</gridEnabled>
<showGrid>false</showGrid>
<diagramColor>-1</diagramColor>
<display>false</display>
<notation>2</notation>
<objectViews>
<OView class="oracle.dbtools.crest.swingui.logical.TVEntity" oid="00E39604-E73D-FAC3-78FD-9F4BDBD5D2AF" otype="Entity" vid="A9FA600A-9704-ECF1-57E4-9DCFBB0C1259">
<hideElementsInCurrentOnly>false</hideElementsInCurrentOnly>
<bounds x="524" y="321" width="187" height="155"/>
</OView>
<OView class="oracle.dbtools.crest.swingui.logical.TVEntity" oid="049046E1-9608-340A-9E92-5E2F5401236B" otype="Entity" vid="642461D9-B594-DB26-27BD-2BABC4D5C444">
<hideElementsInCurrentOnly>false</hideElementsInCurrentOnly>
<bounds x="43" y="46" width="168" height="156"/>
</OView>
<OView class="oracle.dbtools.crest.swingui.logical.TVEntity" oid="0C9EAF37-034C-C16E-B3F8-250CB1EA5A72" otype="Entity" vid="3C098328-856D-CDBA-E48B-1CC23BB3DC71">
<hideElementsInCurrentOnly>false</hideElementsInCurrentOnly>
<bounds x="338" y="13" width="177" height="192"/>
</OView>
<OView class="oracle.dbtools.crest.swingui.logical.TVEntity" oid="1AAAD478-09DB-9CBF-D94E-28FF626504C0" otype="Entity" vid="8FACCAA8-F6DD-7217-C890-D433B0F0E04D">
<hideElementsInCurrentOnly>false</hideElementsInCurrentOnly>
<bounds x="770" y="15" width="185" height="155"/>
</OView>
<OView class="oracle.dbtools.crest.swingui.logical.TVEntity" oid="7412BBBF-E404-96C3-A070-365AA3E188BF" otype="Entity" vid="9F03AA35-B8A1-7FE5-5B14-8D77D733F16E">
<hideElementsInCurrentOnly>false</hideElementsInCurrentOnly>
<bounds x="58" y="344" width="162" height="105"/>
</OView>
<OView class="oracle.dbtools.crest.swingui.logical.TVEntity" oid="9D047B1C-7B16-6788-B48B-C5A4D5897EDC" otype="Entity" vid="4762B26F-F434-3B47-7143-D6ECD1F5C677">
<hideElementsInCurrentOnly>false</hideElementsInCurrentOnly>
<bounds x="269" y="336" width="170" height="110"/>
</OView>
<OView class="oracle.dbtools.crest.swingui.logical.TVEntity" oid="A3B6D052-F371-3CC0-3327-CE080A557A67" otype="Entity" vid="12669969-A474-D2CA-58DB-9335F25EB8B8">
<hideElementsInCurrentOnly>false</hideElementsInCurrentOnly>
<bounds x="808" y="293" width="170" height="110"/>
</OView>
<OView class="oracle.dbtools.crest.swingui.logical.TVEntity" oid="A40C5F3C-EF4A-310B-B3C3-0C3BF868B1F2" otype="Entity" vid="5D2DFB92-F990-1D36-895A-BDEA95C9B46C">
<hideElementsInCurrentOnly>false</hideElementsInCurrentOnly>
<bounds x="1121" y="13" width="259" height="189"/>
</OView>
<OView class="oracle.dbtools.crest.swingui.logical.TVEntity" oid="B235D4B9-B048-4088-68B9-58B52D2A4CD3" otype="Entity" vid="59D09AF8-CEFC-5BA0-D396-00ED7CAFF0B7">
<hideElementsInCurrentOnly>false</hideElementsInCurrentOnly>
<bounds x="1088" y="243" width="170" height="110"/>
</OView>
<OView class="oracle.dbtools.crest.swingui.logical.TVEntity" oid="C94BD484-0F0A-E1C0-62C3-2E946E68FB17" otype="Entity" vid="40737FB6-0CD7-0EB6-0490-758A3A767C4A">
<hideElementsInCurrentOnly>false</hideElementsInCurrentOnly>
<bounds x="1094" y="391" width="198" height="124"/>
</OView>
<OView class="oracle.dbtools.crest.swingui.logical.TVEntity" oid="F8E6CA6F-31E6-712C-1A87-A17BC34B5BC9" otype="Entity" vid="8CA48815-1A1F-2C6C-8B7F-100BD2650630">
<hideElementsInCurrentOnly>false</hideElementsInCurrentOnly>
<bounds x="1186" y="516" width="215" height="136"/>
</OView>
</objectViews>
<connectors>
<Connector class="oracle.dbtools.crest.swingui.logical.TVRelation" oid="04F165C3-AD48-85FB-2B0C-AC8CFA86BF47" otype="Relation" vid_source="5D2DFB92-F990-1D36-895A-BDEA95C9B46C" vid_target="59D09AF8-CEFC-5BA0-D396-00ED7CAFF0B7">
<hideElementsInCurrentOnly>false</hideElementsInCurrentOnly>
<backgroundColor>-16777216</backgroundColor>
<lineWidth>1</lineWidth>
<points>
<point x="1159" y="202"/>
<point x="1159" y="243"/>
</points>
</Connector>
<Connector class="oracle.dbtools.crest.swingui.logical.TVRelation" oid="06BFACC1-F48F-D2EC-C0A4-EE2370EB03BA" otype="Relation" vid_source="642461D9-B594-DB26-27BD-2BABC4D5C444" vid_target="8FACCAA8-F6DD-7217-C890-D433B0F0E04D">
<hideElementsInCurrentOnly>false</hideElementsInCurrentOnly>
<backgroundColor>-16777216</backgroundColor>
<lineWidth>1</lineWidth>
<points>
<point x="211" y="108"/>
<point x="770" y="108"/>
</points>
</Connector>
<Connector class="oracle.dbtools.crest.swingui.logical.TVRelation" oid="1BD8585D-8E37-B125-D521-9A7C0E7E4D00" otype="Relation" vid_source="8CA48815-1A1F-2C6C-8B7F-100BD2650630" vid_target="A9FA600A-9704-ECF1-57E4-9DCFBB0C1259">
<hideElementsInCurrentOnly>false</hideElementsInCurrentOnly>
<backgroundColor>-16777216</backgroundColor>
<lineWidth>1</lineWidth>
<points>
<point x="1186" y="554"/>
<point x="711" y="409"/>
</points>
</Connector>
<Connector class="oracle.dbtools.crest.swingui.logical.TVRelation" oid="2F660879-D8FA-ADE1-9BEC-9C2016941F27" otype="Relation" vid_source="40737FB6-0CD7-0EB6-0490-758A3A767C4A" vid_target="12669969-A474-D2CA-58DB-9335F25EB8B8">
<hideElementsInCurrentOnly>false</hideElementsInCurrentOnly>
<backgroundColor>-16777216</backgroundColor>
<lineWidth>1</lineWidth>
<points>
<point x="1094" y="397"/>
<point x="978" y="397"/>
</points>
</Connector>
<Connector class="oracle.dbtools.crest.swingui.logical.TVRelation" oid="45D3F074-0EE2-187B-1C83-6F78CAF0CB2A" otype="Relation" vid_source="59D09AF8-CEFC-5BA0-D396-00ED7CAFF0B7" vid_target="A9FA600A-9704-ECF1-57E4-9DCFBB0C1259">
<hideElementsInCurrentOnly>false</hideElementsInCurrentOnly>
<backgroundColor>-16777216</backgroundColor>
<lineWidth>1</lineWidth>
<points>
<point x="1088" y="337"/>
<point x="711" y="337"/>
</points>
</Connector>
<Connector class="oracle.dbtools.crest.swingui.logical.TVRelation" oid="59015E42-1DDC-B313-CEDC-818CB70DE24C" otype="Relation" vid_source="A9FA600A-9704-ECF1-57E4-9DCFBB0C1259" vid_target="8FACCAA8-F6DD-7217-C890-D433B0F0E04D">
<hideElementsInCurrentOnly>false</hideElementsInCurrentOnly>
<backgroundColor>-16777216</backgroundColor>
<lineWidth>1</lineWidth>
<points>
<point x="679" y="321"/>
<point x="800" y="170"/>
</points>
</Connector>
<Connector class="oracle.dbtools.crest.swingui.logical.TVRelation" oid="5E53B8EC-CA03-4D9F-CBAB-D11E886FB980" otype="Relation" vid_source="8FACCAA8-F6DD-7217-C890-D433B0F0E04D" vid_target="12669969-A474-D2CA-58DB-9335F25EB8B8">
<hideElementsInCurrentOnly>false</hideElementsInCurrentOnly>
<backgroundColor>-16777216</backgroundColor>
<lineWidth>1</lineWidth>
<points>
<point x="881" y="170"/>
<point x="881" y="293"/>
</points>
</Connector>
<Connector class="oracle.dbtools.crest.swingui.logical.TVRelation" oid="6AC6E6A8-295E-6341-4729-A6E7876182DF" otype="Relation" vid_source="40737FB6-0CD7-0EB6-0490-758A3A767C4A" vid_target="A9FA600A-9704-ECF1-57E4-9DCFBB0C1259">
<hideElementsInCurrentOnly>false</hideElementsInCurrentOnly>
<backgroundColor>-16777216</backgroundColor>
<lineWidth>1</lineWidth>
<points>
<point x="1094" y="433"/>
<point x="711" y="433"/>
</points>
</Connector>
<Connector class="oracle.dbtools.crest.swingui.logical.TVRelation" oid="77F62DDC-434D-CF07-8A0F-288B2C0906EF" otype="Relation" vid_source="8CA48815-1A1F-2C6C-8B7F-100BD2650630" vid_target="12669969-A474-D2CA-58DB-9335F25EB8B8">
<hideElementsInCurrentOnly>false</hideElementsInCurrentOnly>
<backgroundColor>-16777216</backgroundColor>
<lineWidth>1</lineWidth>
<points>
<point x="1186" y="520"/>
<point x="978" y="383"/>
</points>
</Connector>
<Connector class="oracle.dbtools.crest.swingui.logical.TVRelation" oid="796EF197-18B4-8813-66FE-D01D8ACB67EB" otype="Relation" vid_source="59D09AF8-CEFC-5BA0-D396-00ED7CAFF0B7" vid_target="12669969-A474-D2CA-58DB-9335F25EB8B8">
<hideElementsInCurrentOnly>false</hideElementsInCurrentOnly>
<backgroundColor>-16777216</backgroundColor>
<lineWidth>1</lineWidth>
<points>
<point x="1088" y="323"/>
<point x="978" y="323"/>
</points>
</Connector>
<Connector class="oracle.dbtools.crest.swingui.logical.TVRelation" oid="926778D4-87C2-44C5-66A8-A2DC85A0C25A" otype="Relation" vid_source="40737FB6-0CD7-0EB6-0490-758A3A767C4A" vid_target="5D2DFB92-F990-1D36-895A-BDEA95C9B46C">
<hideElementsInCurrentOnly>false</hideElementsInCurrentOnly>
<backgroundColor>-16777216</backgroundColor>
<lineWidth>1</lineWidth>
<points>
<point x="1206" y="391"/>
<point x="1206" y="202"/>
</points>
</Connector>
<Connector class="oracle.dbtools.crest.swingui.logical.TVRelation" oid="948F0A99-035B-C1EE-1390-2BE77D61406C" otype="Relation" vid_source="9F03AA35-B8A1-7FE5-5B14-8D77D733F16E" vid_target="4762B26F-F434-3B47-7143-D6ECD1F5C677">
<hideElementsInCurrentOnly>false</hideElementsInCurrentOnly>
<backgroundColor>-16777216</backgroundColor>
<lineWidth>1</lineWidth>
<points>
<point x="220" y="395"/>
<point x="269" y="395"/>
</points>
</Connector>
<Connector class="oracle.dbtools.crest.swingui.logical.TVRelation" oid="99E4DE16-F38D-1655-7F32-9DC3AAA71BE5" otype="Relation" vid_source="8CA48815-1A1F-2C6C-8B7F-100BD2650630" vid_target="5D2DFB92-F990-1D36-895A-BDEA95C9B46C">
<hideElementsInCurrentOnly>false</hideElementsInCurrentOnly>
<backgroundColor>-16777216</backgroundColor>
<lineWidth>1</lineWidth>
<points>
<point x="1283" y="516"/>
<point x="1283" y="202"/>
</points>
</Connector>
<Connector class="oracle.dbtools.crest.swingui.logical.TVRelation" oid="E626E66D-BDA0-42C3-F9DD-111712483BDE" otype="Relation" vid_source="5D2DFB92-F990-1D36-895A-BDEA95C9B46C" vid_target="8FACCAA8-F6DD-7217-C890-D433B0F0E04D">
<hideElementsInCurrentOnly>false</hideElementsInCurrentOnly>
<backgroundColor>-16777216</backgroundColor>
<lineWidth>1</lineWidth>
<points>
<point x="1121" y="92"/>
<point x="955" y="92"/>
</points>
</Connector>
<Connector class="oracle.dbtools.crest.swingui.logical.TVRelation" oid="EE2F3E29-9790-514F-930E-E714354A05AA" otype="Relation" vid_source="3C098328-856D-CDBA-E48B-1CC23BB3DC71" vid_target="8FACCAA8-F6DD-7217-C890-D433B0F0E04D">
<hideElementsInCurrentOnly>false</hideElementsInCurrentOnly>
<backgroundColor>-16777216</backgroundColor>
<lineWidth>1</lineWidth>
<points>
<point x="515" y="92"/>
<point x="770" y="92"/>
</points>
</Connector>
<Connector class="oracle.dbtools.crest.swingui.logical.TVRelation" oid="F3FCFBE4-EF76-1F18-D876-505EF0A4B719" otype="Relation" vid_source="4762B26F-F434-3B47-7143-D6ECD1F5C677" vid_target="8FACCAA8-F6DD-7217-C890-D433B0F0E04D">
<hideElementsInCurrentOnly>false</hideElementsInCurrentOnly>
<backgroundColor>-16777216</backgroundColor>
<lineWidth>1</lineWidth>
<points>
<point x="439" y="341"/>
<point x="770" y="146"/>
</points>
</Connector>
</connectors>
</Diagram>