<?xml version = '1.0' encoding = 'UTF-8'?>
<Table class="oracle.dbtools.crest.model.design.relational.Table" directorySegmentName="seg_0" id="08A87240-CFF4-E04F-4B15-E551232870D2" name="Representado">
<createdBy>xrpp</createdBy>
<createdTime>2022-11-28 19:50:26 UTC</createdTime>
<generatorID>3E9919DA-6DB4-2607-D628-C8F693D2134A</generatorID>
<ownerDesignName>YH_magement3</ownerDesignName>
<allowColumnReorder>false</allowColumnReorder>
<existDependencyGenerateInDDl>true</existDependencyGenerateInDDl>
<parsed>true</parsed>
<columns itemClass="oracle.dbtools.crest.model.design.relational.Column">
<Column name="ID" id="0154565E-68DF-5363-56B3-3762A2670466">
<createdBy>xrpp</createdBy>
<createdTime>2022-11-28 19:50:26 UTC</createdTime>
<generatorID>B78995E8-3F14-DD9F-2984-7A0BB8BEB784</generatorID>
<ownerDesignName>YH_magement3</ownerDesignName>
<useDomainConstraints>false</useDomainConstraints>
<use>1</use>
<logicalDatatype>LOGDT011</logicalDatatype>
<ownDataTypeParameters>,,</ownDataTypeParameters>
<autoIncrementCycle>false</autoIncrementCycle>
</Column>
<Column name="DatosPersonales_DNI_NIE_NIF" id="22ED8FD2-5648-31B2-C959-1DC217081B46">
<createdBy>xrpp</createdBy>
<createdTime>2022-11-28 19:50:26 UTC</createdTime>
<generatorID>72797185-48E9-1742-9482-6C0C015F0E30</generatorID>
<ownerDesignName>YH_magement3</ownerDesignName>
<useDomainConstraints>false</useDomainConstraints>
<use>1</use>
<logicalDatatype>LOGDT024</logicalDatatype>
<dataTypeSize>15</dataTypeSize>
<ownDataTypeParameters>,,</ownDataTypeParameters>
<previousColumn>false</previousColumn>
<autoIncrementCycle>false</autoIncrementCycle>
<associations>
<colAssociation fkAssociation="B8C9D7E9-FAEF-04B6-F4C6-4580969C7D12" referredColumn="D8AFD841-F944-CE26-27D5-5887BAA8AF7B"/>
</associations>
</Column>
<Column name="ID_med" id="CA95B6BE-2BCD-64B9-BBAE-351E97336310">
<createdBy>xrpp</createdBy>
<createdTime>2022-11-28 19:50:26 UTC</createdTime>
<generatorID>E4FD6351-DD39-24AF-E468-15B98CF44DAE</generatorID>
<ownerDesignName>YH_magement3</ownerDesignName>
<useDomainConstraints>false</useDomainConstraints>
<use>1</use>
<logicalDatatype>LOGDT011</logicalDatatype>
<ownDataTypeParameters>,,</ownDataTypeParameters>
<previousColumn>false</previousColumn>
<autoIncrementCycle>false</autoIncrementCycle>
</Column>
<Column name="Aptitudes_ID_apt" id="0810E1F6-DF5C-ED6F-CBA0-1E7E69721D80">
<createdBy>xrpp</createdBy>
<createdTime>2022-11-28 19:50:26 UTC</createdTime>
<generatorID>B2E31EC5-6113-C512-559D-A27D7A983436</generatorID>
<ownerDesignName>YH_magement3</ownerDesignName>
<useDomainConstraints>false</useDomainConstraints>
<use>1</use>
<logicalDatatype>LOGDT011</logicalDatatype>
<ownDataTypeParameters>,,</ownDataTypeParameters>
<previousColumn>false</previousColumn>
<autoIncrementCycle>false</autoIncrementCycle>
<associations>
<colAssociation fkAssociation="E8025E14-C6A9-1941-3147-B79259E9A1E5" referredColumn="4F8AE50B-B941-8D32-E6C4-2E427B417A40"/>
</associations>
</Column>
<Column name="Media_ID_Media" id="C1EACE27-6847-EA8D-B969-A767288DD320">
<createdBy>xrpp</createdBy>
<createdTime>2022-11-28 19:50:26 UTC</createdTime>
<generatorID>3B788DF5-A9B9-79B2-8D18-19534CAD926B</generatorID>
<ownerDesignName>YH_magement3</ownerDesignName>
<useDomainConstraints>false</useDomainConstraints>
<use>1</use>
<logicalDatatype>LOGDT011</logicalDatatype>
<ownDataTypeParameters>,,</ownDataTypeParameters>
<previousColumn>false</previousColumn>
<autoIncrementCycle>false</autoIncrementCycle>
<associations>
<colAssociation fkAssociation="630262F9-5874-C6BF-1342-8A445EAB069D" referredColumn="86DBB2B9-C524-DF50-579D-1927CC845FC6"/>
</associations>
</Column>
<Column name="Fecha_alta" id="F192C79E-7F99-35F5-72EB-57C9DF89B784">
<createdBy>xrpp</createdBy>
<createdTime>2022-11-28 19:50:26 UTC</createdTime>
<generatorID>08F3F837-3A36-A846-12F8-4FBE3A3F0017</generatorID>
<ownerDesignName>YH_magement3</ownerDesignName>
<useDomainConstraints>false</useDomainConstraints>
<use>1</use>
<logicalDatatype>LOGDT007</logicalDatatype>
<ownDataTypeParameters>,,</ownDataTypeParameters>
<autoIncrementCycle>false</autoIncrementCycle>
</Column>
<Column name="Datos_Aspecto_ID_aspecto" id="D519FC07-9FB4-9095-BEC7-59D344BD544A">
<createdBy>xrpp</createdBy>
<createdTime>2022-11-28 19:50:26 UTC</createdTime>
<generatorID>1C1D6162-DF05-6FB3-0838-BE55FD59FE75</generatorID>
<ownerDesignName>YH_magement3</ownerDesignName>
<useDomainConstraints>false</useDomainConstraints>
<use>1</use>
<logicalDatatype>LOGDT011</logicalDatatype>
<ownDataTypeParameters>,,</ownDataTypeParameters>
<previousColumn>false</previousColumn>
<autoIncrementCycle>false</autoIncrementCycle>
<associations>
<colAssociation fkAssociation="13DC3612-1576-112A-44B5-3C38857FF710" referredColumn="235E4530-5B6A-B43C-7ACC-1E8194663ADE"/>
</associations>
</Column>
</columns>
<indexes itemClass="oracle.dbtools.crest.model.design.relational.Index">
<ind_PK_UK id="44A09D4E-8ABA-1A18-3AEA-97B5D4DFAA20" name="Representado_PK">
<createdBy>xrpp</createdBy>
<createdTime>2022-11-28 19:50:26 UTC</createdTime>
<generatorID>E8B36827-CEC8-8701-197D-EAB2E45DDA38</generatorID>
<ownerDesignName>YH_magement3</ownerDesignName>
<pk>true</pk>
<indexState>Primary Constraint</indexState>
<isSurrogateKey>false</isSurrogateKey>
<indexColumnUsage>
<colUsage columnID="0154565E-68DF-5363-56B3-3762A2670466"/>
</indexColumnUsage>
</ind_PK_UK>
<ind_PK_UK id="45C50019-F18F-8D1C-9621-F40B00C8E2EE" name="Representado_DatosPersonales_FK">
<createdBy>xrpp</createdBy>
<createdTime>2022-11-28 19:50:26 UTC</createdTime>
<generatorID>53C1560C-310F-2292-8CF0-B98462C89C19</generatorID>
<ownerDesignName>YH_magement3</ownerDesignName>
<indexState>Foreign Key</indexState>
<isSurrogateKey>false</isSurrogateKey>
<indexColumnUsage>
<colUsage columnID="22ED8FD2-5648-31B2-C959-1DC217081B46"/>
</indexColumnUsage>
</ind_PK_UK>
<ind_PK_UK id="BCFE3F19-BBE7-C660-E2D2-AF6F436FB82B" name="Representado_Datos_Aspecto_FK">
<createdBy>xrpp</createdBy>
<createdTime>2022-11-28 19:50:26 UTC</createdTime>
<generatorID>9D0E0607-532C-7CB6-478B-CEDDA17AAF7F</generatorID>
<ownerDesignName>YH_magement3</ownerDesignName>
<indexState>Foreign Key</indexState>
<isSurrogateKey>false</isSurrogateKey>
<indexColumnUsage>
<colUsage columnID="D519FC07-9FB4-9095-BEC7-59D344BD544A"/>
</indexColumnUsage>
</ind_PK_UK>
<ind_PK_UK id="E0E71C3C-D8A1-75AA-84E4-BB47599CE687" name="Representado_Aptitudes_FK">
<createdBy>xrpp</createdBy>
<createdTime>2022-11-28 19:50:26 UTC</createdTime>
<generatorID>B56D9900-40F2-01FA-CDEC-51474D617A1C</generatorID>
<ownerDesignName>YH_magement3</ownerDesignName>
<indexState>Foreign Key</indexState>
<isSurrogateKey>false</isSurrogateKey>
<indexColumnUsage>
<colUsage columnID="0810E1F6-DF5C-ED6F-CBA0-1E7E69721D80"/>
</indexColumnUsage>
</ind_PK_UK>
<ind_PK_UK id="E8EE5221-96C8-6CE1-EB11-A4455768D589" name="Representado_Media_FK">
<createdBy>xrpp</createdBy>
<createdTime>2022-11-28 19:50:26 UTC</createdTime>
<generatorID>7960DEBA-6D5D-7782-83A3-F4C437A68099</generatorID>
<ownerDesignName>YH_magement3</ownerDesignName>
<indexState>Foreign Key</indexState>
<isSurrogateKey>false</isSurrogateKey>
<indexColumnUsage>
<colUsage columnID="C1EACE27-6847-EA8D-B969-A767288DD320"/>
</indexColumnUsage>
</ind_PK_UK>
</indexes>
</Table>