<?xml version = '1.0' encoding = 'UTF-8'?>
<Table class="oracle.dbtools.crest.model.design.relational.Table" directorySegmentName="seg_0" id="19E13010-E646-557B-E221-10FAC074E923" name="Asiste">
<createdBy>xrpp</createdBy>
<createdTime>2022-11-28 19:50:26 UTC</createdTime>
<ownerDesignName>YH_magement3</ownerDesignName>
<ordsAlias>relation_11</ordsAlias>
<allowColumnReorder>false</allowColumnReorder>
<existDependencyGenerateInDDl>true</existDependencyGenerateInDDl>
<parsed>true</parsed>
<columns itemClass="oracle.dbtools.crest.model.design.relational.Column">
<Column name="Empleado_ID_empleado" id="3130119F-989A-F5C8-16E3-5324E8AA3CDA">
<createdBy>xrpp</createdBy>
<createdTime>2022-11-28 19:50:26 UTC</createdTime>
<ownerDesignName>YH_magement3</ownerDesignName>
<useDomainConstraints>false</useDomainConstraints>
<use>1</use>
<logicalDatatype>LOGDT011</logicalDatatype>
<ownDataTypeParameters>,,</ownDataTypeParameters>
<previousColumn>false</previousColumn>
<autoIncrementCycle>false</autoIncrementCycle>
<associations>
<colAssociation fkAssociation="05126C70-9CA7-0B3F-5318-293877D55339" referredColumn="ACC9F0FE-91AD-8C21-78F3-FC6384500E30"/>
</associations>
</Column>
<Column name="Evento_ID" id="C12B5D76-1246-8012-9E8C-2FDEA9E652A6">
<createdBy>xrpp</createdBy>
<createdTime>2022-11-28 19:50:26 UTC</createdTime>
<ownerDesignName>YH_magement3</ownerDesignName>
<useDomainConstraints>false</useDomainConstraints>
<use>1</use>
<logicalDatatype>LOGDT011</logicalDatatype>
<ownDataTypeParameters>,,</ownDataTypeParameters>
<previousColumn>false</previousColumn>
<autoIncrementCycle>false</autoIncrementCycle>
<associations>
<colAssociation fkAssociation="F826AFF4-5AF6-3808-CC86-9E480EFFE84E" referredColumn="A3F608E3-2FE2-CC89-6F3F-366A0BCBD859"/>
</associations>
</Column>
</columns>
<indexes itemClass="oracle.dbtools.crest.model.design.relational.Index">
<ind_PK_UK id="07E73C5F-848D-A75A-2051-C7A6745F8221" name="Relation_11_PK">
<createdBy>xrpp</createdBy>
<createdTime>2022-11-28 19:50:26 UTC</createdTime>
<ownerDesignName>YH_magement3</ownerDesignName>
<pk>true</pk>
<indexState>Primary Constraint</indexState>
<isSurrogateKey>false</isSurrogateKey>
<indexColumnUsage>
<colUsage columnID="3130119F-989A-F5C8-16E3-5324E8AA3CDA"/>
<colUsage columnID="C12B5D76-1246-8012-9E8C-2FDEA9E652A6"/>
</indexColumnUsage>
</ind_PK_UK>
<ind_PK_UK id="7EDBB6A5-73BE-6D8E-DDEE-ACF072396C25" name="Relation_11_Empleado_FK">
<createdBy>xrpp</createdBy>
<createdTime>2022-11-28 19:50:26 UTC</createdTime>
<generatorID>7297DA15-A7D1-6425-D60E-10F3AEA6F7B9</generatorID>
<ownerDesignName>YH_magement3</ownerDesignName>
<indexState>Foreign Key</indexState>
<isSurrogateKey>false</isSurrogateKey>
<indexColumnUsage>
<colUsage columnID="3130119F-989A-F5C8-16E3-5324E8AA3CDA"/>
</indexColumnUsage>
</ind_PK_UK>
<ind_PK_UK id="1D436EC1-D71E-7AF9-7B89-6A7BFF28F4C3" name="Relation_11_Evento_FK">
<createdBy>xrpp</createdBy>
<createdTime>2022-11-28 19:50:26 UTC</createdTime>
<generatorID>7297DA15-A7D1-6425-D60E-10F3AEA6F7B9</generatorID>
<ownerDesignName>YH_magement3</ownerDesignName>
<indexState>Foreign Key</indexState>
<isSurrogateKey>false</isSurrogateKey>
<indexColumnUsage>
<colUsage columnID="C12B5D76-1246-8012-9E8C-2FDEA9E652A6"/>
</indexColumnUsage>
</ind_PK_UK>
</indexes>
</Table>