<?xml version = '1.0' encoding = 'UTF-8'?>
<Table class="oracle.dbtools.crest.model.design.relational.Table" directorySegmentName="seg_0" id="2F50800B-0372-425A-1DCF-83D3F651CBB8" name="Organiza">
<createdBy>xrpp</createdBy>
<createdTime>2022-11-28 19:50:26 UTC</createdTime>
<ownerDesignName>YH_magement3</ownerDesignName>
<ordsAlias>relation_12</ordsAlias>
<allowColumnReorder>false</allowColumnReorder>
<existDependencyGenerateInDDl>true</existDependencyGenerateInDDl>
<parsed>true</parsed>
<columns itemClass="oracle.dbtools.crest.model.design.relational.Column">
<Column name="Cliente_ID_cliente" id="0971F45E-8C73-58BF-64D6-9B4C2A3D42D4">
<createdBy>xrpp</createdBy>
<createdTime>2022-11-28 19:50:26 UTC</createdTime>
<ownerDesignName>YH_magement3</ownerDesignName>
<useDomainConstraints>false</useDomainConstraints>
<use>1</use>
<logicalDatatype>LOGDT011</logicalDatatype>
<ownDataTypeParameters>,,</ownDataTypeParameters>
<previousColumn>false</previousColumn>
<autoIncrementCycle>false</autoIncrementCycle>
<associations>
<colAssociation fkAssociation="767B514E-DF63-CA23-57A9-30F888927463" referredColumn="6B0BEF99-8461-D4DB-C10F-E7CE297B3731"/>
</associations>
</Column>
<Column name="Evento_ID" id="248F17B9-C2CF-C6F8-F284-85EBFA626B36">
<createdBy>xrpp</createdBy>
<createdTime>2022-11-28 19:50:26 UTC</createdTime>
<ownerDesignName>YH_magement3</ownerDesignName>
<useDomainConstraints>false</useDomainConstraints>
<use>1</use>
<logicalDatatype>LOGDT011</logicalDatatype>
<ownDataTypeParameters>,,</ownDataTypeParameters>
<previousColumn>false</previousColumn>
<autoIncrementCycle>false</autoIncrementCycle>
<associations>
<colAssociation fkAssociation="282323A5-1A86-A584-00BD-138D1AAB6229" referredColumn="A3F608E3-2FE2-CC89-6F3F-366A0BCBD859"/>
</associations>
</Column>
</columns>
<indexes itemClass="oracle.dbtools.crest.model.design.relational.Index">
<ind_PK_UK id="4A7D3BD6-218F-0BD8-C4B4-625CDB8ED053" name="Relation_12_PK">
<createdBy>xrpp</createdBy>
<createdTime>2022-11-28 19:50:26 UTC</createdTime>
<ownerDesignName>YH_magement3</ownerDesignName>
<pk>true</pk>
<indexState>Primary Constraint</indexState>
<isSurrogateKey>false</isSurrogateKey>
<indexColumnUsage>
<colUsage columnID="0971F45E-8C73-58BF-64D6-9B4C2A3D42D4"/>
<colUsage columnID="248F17B9-C2CF-C6F8-F284-85EBFA626B36"/>
</indexColumnUsage>
</ind_PK_UK>
<ind_PK_UK id="C339A795-94D0-0CD7-7B86-DBEBFCB5C824" name="Relation_12_Cliente_FK">
<createdBy>xrpp</createdBy>
<createdTime>2022-11-28 19:50:26 UTC</createdTime>
<generatorID>1298C2C9-9EAF-0D4B-C6F0-982822762817</generatorID>
<ownerDesignName>YH_magement3</ownerDesignName>
<indexState>Foreign Key</indexState>
<isSurrogateKey>false</isSurrogateKey>
<indexColumnUsage>
<colUsage columnID="0971F45E-8C73-58BF-64D6-9B4C2A3D42D4"/>
</indexColumnUsage>
</ind_PK_UK>
<ind_PK_UK id="89FF38B0-276A-D0C0-19A1-4398D9E82090" name="Relation_12_Evento_FK">
<createdBy>xrpp</createdBy>
<createdTime>2022-11-28 19:50:26 UTC</createdTime>
<generatorID>1298C2C9-9EAF-0D4B-C6F0-982822762817</generatorID>
<ownerDesignName>YH_magement3</ownerDesignName>
<indexState>Foreign Key</indexState>
<isSurrogateKey>false</isSurrogateKey>
<indexColumnUsage>
<colUsage columnID="248F17B9-C2CF-C6F8-F284-85EBFA626B36"/>
</indexColumnUsage>
</ind_PK_UK>
</indexes>
</Table>