<?xml version = '1.0' encoding = 'UTF-8'?>
<Table class="oracle.dbtools.crest.model.design.relational.Table" directorySegmentName="seg_0" id="3041574C-6C7D-F829-E8E4-93FBD62860D2" name="Participa">
<createdBy>xrpp</createdBy>
<createdTime>2022-11-28 19:50:26 UTC</createdTime>
<ownerDesignName>YH_magement3</ownerDesignName>
<ordsAlias>relation_6</ordsAlias>
<allowColumnReorder>false</allowColumnReorder>
<existDependencyGenerateInDDl>true</existDependencyGenerateInDDl>
<parsed>true</parsed>
<columns itemClass="oracle.dbtools.crest.model.design.relational.Column">
<Column name="Evento_ID" id="9279348E-691F-35D5-7ED8-44528D619241">
<createdBy>xrpp</createdBy>
<createdTime>2022-11-28 19:50:26 UTC</createdTime>
<ownerDesignName>YH_magement3</ownerDesignName>
<useDomainConstraints>false</useDomainConstraints>
<use>1</use>
<logicalDatatype>LOGDT011</logicalDatatype>
<ownDataTypeParameters>,,</ownDataTypeParameters>
<previousColumn>false</previousColumn>
<autoIncrementCycle>false</autoIncrementCycle>
<associations>
<colAssociation fkAssociation="3ADA5E65-E60C-91C2-7962-A11886C3210B" referredColumn="A3F608E3-2FE2-CC89-6F3F-366A0BCBD859"/>
</associations>
</Column>
<Column name="Representado_ID" id="5027D022-9775-24F8-5B47-F9A4D822ABE7">
<createdBy>xrpp</createdBy>
<createdTime>2022-11-28 19:50:26 UTC</createdTime>
<ownerDesignName>YH_magement3</ownerDesignName>
<useDomainConstraints>false</useDomainConstraints>
<use>1</use>
<logicalDatatype>LOGDT011</logicalDatatype>
<ownDataTypeParameters>,,</ownDataTypeParameters>
<previousColumn>false</previousColumn>
<autoIncrementCycle>false</autoIncrementCycle>
<associations>
<colAssociation fkAssociation="FFF85692-3D48-4603-21E4-8785EE6EB53F" referredColumn="0154565E-68DF-5363-56B3-3762A2670466"/>
</associations>
</Column>
</columns>
<indexes itemClass="oracle.dbtools.crest.model.design.relational.Index">
<ind_PK_UK id="B12CAF60-CA92-2074-F922-36B309AEB6CC" name="Relation_6_PK">
<createdBy>xrpp</createdBy>
<createdTime>2022-11-28 19:50:26 UTC</createdTime>
<ownerDesignName>YH_magement3</ownerDesignName>
<pk>true</pk>
<indexState>Primary Constraint</indexState>
<isSurrogateKey>false</isSurrogateKey>
<indexColumnUsage>
<colUsage columnID="9279348E-691F-35D5-7ED8-44528D619241"/>
<colUsage columnID="5027D022-9775-24F8-5B47-F9A4D822ABE7"/>
</indexColumnUsage>
</ind_PK_UK>
<ind_PK_UK id="FAC23C0E-5D8D-D30B-9B9C-018AE9A5E53D" name="Relation_6_Evento_FK">
<createdBy>xrpp</createdBy>
<createdTime>2022-11-28 19:50:26 UTC</createdTime>
<generatorID>46ED1B41-4BE0-1BC1-418C-D3A1536B543D</generatorID>
<ownerDesignName>YH_magement3</ownerDesignName>
<indexState>Foreign Key</indexState>
<isSurrogateKey>false</isSurrogateKey>
<indexColumnUsage>
<colUsage columnID="9279348E-691F-35D5-7ED8-44528D619241"/>
</indexColumnUsage>
</ind_PK_UK>
<ind_PK_UK id="0FCDBFCB-F98E-2C01-02D4-93B8D192A3FF" name="Relation_6_Representado_FK">
<createdBy>xrpp</createdBy>
<createdTime>2022-11-28 19:50:26 UTC</createdTime>
<generatorID>46ED1B41-4BE0-1BC1-418C-D3A1536B543D</generatorID>
<ownerDesignName>YH_magement3</ownerDesignName>
<indexState>Foreign Key</indexState>
<isSurrogateKey>false</isSurrogateKey>
<indexColumnUsage>
<colUsage columnID="5027D022-9775-24F8-5B47-F9A4D822ABE7"/>
</indexColumnUsage>
</ind_PK_UK>
</indexes>
</Table>