<?xml version = '1.0' encoding = 'UTF-8'?>
<Table class="oracle.dbtools.crest.model.design.relational.Table" directorySegmentName="seg_0" id="3CBDBF25-A506-BB88-AA35-7EB3284413C0" name="Cobro">
<createdBy>xrpp</createdBy>
<createdTime>2022-11-28 19:50:26 UTC</createdTime>
<ownerDesignName>YH_magement3</ownerDesignName>
<ordsAlias>relation_16</ordsAlias>
<allowColumnReorder>false</allowColumnReorder>
<existDependencyGenerateInDDl>true</existDependencyGenerateInDDl>
<parsed>true</parsed>
<columns itemClass="oracle.dbtools.crest.model.design.relational.Column">
<Column name="Cliente_ID_cliente" id="26AA896A-0008-3D8C-6B95-9943D150A5DB">
<createdBy>xrpp</createdBy>
<createdTime>2022-11-28 19:50:26 UTC</createdTime>
<ownerDesignName>YH_magement3</ownerDesignName>
<useDomainConstraints>false</useDomainConstraints>
<use>1</use>
<logicalDatatype>LOGDT011</logicalDatatype>
<ownDataTypeParameters>,,</ownDataTypeParameters>
<previousColumn>false</previousColumn>
<autoIncrementCycle>false</autoIncrementCycle>
<associations>
<colAssociation fkAssociation="72325859-C995-AFC9-2610-AB931CAFD955" referredColumn="6B0BEF99-8461-D4DB-C10F-E7CE297B3731"/>
</associations>
</Column>
<Column name="Asiento_Caja_ID" id="F0D6B381-2723-007D-C290-668AA7B62EAD">
<createdBy>xrpp</createdBy>
<createdTime>2022-11-28 19:50:26 UTC</createdTime>
<ownerDesignName>YH_magement3</ownerDesignName>
<useDomainConstraints>false</useDomainConstraints>
<use>1</use>
<logicalDatatype>LOGDT011</logicalDatatype>
<ownDataTypeParameters>,,</ownDataTypeParameters>
<previousColumn>false</previousColumn>
<autoIncrementCycle>false</autoIncrementCycle>
<associations>
<colAssociation fkAssociation="8C432F25-FF1F-FD19-7B01-FD52EEEAF0A2" referredColumn="CA5D3C1C-A97D-C735-D27F-4835A8C53379"/>
</associations>
</Column>
</columns>
<indexes itemClass="oracle.dbtools.crest.model.design.relational.Index">
<ind_PK_UK id="61748282-1366-C3B3-2D74-F1BBD722218E" name="Relation_16_PK">
<createdBy>xrpp</createdBy>
<createdTime>2022-11-28 19:50:26 UTC</createdTime>
<ownerDesignName>YH_magement3</ownerDesignName>
<pk>true</pk>
<indexState>Primary Constraint</indexState>
<isSurrogateKey>false</isSurrogateKey>
<indexColumnUsage>
<colUsage columnID="26AA896A-0008-3D8C-6B95-9943D150A5DB"/>
<colUsage columnID="F0D6B381-2723-007D-C290-668AA7B62EAD"/>
</indexColumnUsage>
</ind_PK_UK>
<ind_PK_UK id="E1AF6B85-75A3-F1F4-C282-D88B6489CC5A" name="Relation_16_Cliente_FK">
<createdBy>xrpp</createdBy>
<createdTime>2022-11-28 19:50:26 UTC</createdTime>
<generatorID>65F32D60-0B12-49CB-B6AA-9C09154FC5C5</generatorID>
<ownerDesignName>YH_magement3</ownerDesignName>
<indexState>Foreign Key</indexState>
<isSurrogateKey>false</isSurrogateKey>
<indexColumnUsage>
<colUsage columnID="26AA896A-0008-3D8C-6B95-9943D150A5DB"/>
</indexColumnUsage>
</ind_PK_UK>
<ind_PK_UK id="BDAE0A33-2FE9-692C-4AE3-F51BE1C8AE1B" name="Relation_16_Asiento_Caja_FK">
<createdBy>xrpp</createdBy>
<createdTime>2022-11-28 19:50:26 UTC</createdTime>
<generatorID>65F32D60-0B12-49CB-B6AA-9C09154FC5C5</generatorID>
<ownerDesignName>YH_magement3</ownerDesignName>
<indexState>Foreign Key</indexState>
<isSurrogateKey>false</isSurrogateKey>
<indexColumnUsage>
<colUsage columnID="F0D6B381-2723-007D-C290-668AA7B62EAD"/>
</indexColumnUsage>
</ind_PK_UK>
</indexes>
</Table>