<?xml version = '1.0' encoding = 'UTF-8'?>
<Table class="oracle.dbtools.crest.model.design.relational.Table" directorySegmentName="seg_0" id="486645C3-3B44-3071-96B3-E60F19D3E78A" name="DatosPersonales">
<createdBy>xrpp</createdBy>
<createdTime>2022-11-28 19:50:26 UTC</createdTime>
<generatorID>BA9A45A6-168F-11A1-1932-7CE8120CFB52</generatorID>
<ownerDesignName>YH_magement3</ownerDesignName>
<allowColumnReorder>false</allowColumnReorder>
<existDependencyGenerateInDDl>true</existDependencyGenerateInDDl>
<parsed>true</parsed>
<columns itemClass="oracle.dbtools.crest.model.design.relational.Column">
<Column name="DNI_NIE_NIF" id="D8AFD841-F944-CE26-27D5-5887BAA8AF7B">
<createdBy>xrpp</createdBy>
<createdTime>2022-11-28 19:50:26 UTC</createdTime>
<generatorID>9C239AF7-C460-94DA-E535-2EF279580E0C</generatorID>
<ownerDesignName>YH_magement3</ownerDesignName>
<useDomainConstraints>false</useDomainConstraints>
<use>1</use>
<logicalDatatype>LOGDT024</logicalDatatype>
<dataTypeSize>15</dataTypeSize>
<ownDataTypeParameters>15,,</ownDataTypeParameters>
<autoIncrementCycle>false</autoIncrementCycle>
</Column>
<Column name="Nombre" id="8DC09B86-4D10-7FD1-51FC-9716BE72A581">
<createdBy>xrpp</createdBy>
<createdTime>2022-11-28 19:50:26 UTC</createdTime>
<generatorID>3F3E66AC-7A06-C51D-87EB-C8692109F847</generatorID>
<ownerDesignName>YH_magement3</ownerDesignName>
<useDomainConstraints>false</useDomainConstraints>
<use>1</use>
<logicalDatatype>LOGDT024</logicalDatatype>
<dataTypeSize>40</dataTypeSize>
<ownDataTypeParameters>40,,</ownDataTypeParameters>
<autoIncrementCycle>false</autoIncrementCycle>
</Column>
<Column name="Apellidos" id="69832AAF-AB99-9F57-083D-60AE15986D8B">
<createdBy>xrpp</createdBy>
<createdTime>2022-11-28 19:50:26 UTC</createdTime>
<generatorID>B55F3F65-E094-12F8-8DEE-B681FD344D6C</generatorID>
<ownerDesignName>YH_magement3</ownerDesignName>
<nullsAllowed>true</nullsAllowed>
<useDomainConstraints>false</useDomainConstraints>
<use>1</use>
<logicalDatatype>LOGDT024</logicalDatatype>
<dataTypeSize>90</dataTypeSize>
<ownDataTypeParameters>90,,</ownDataTypeParameters>
<autoIncrementCycle>false</autoIncrementCycle>
</Column>
<Column name="Domicilio" id="86F40DAC-379A-D6D3-8774-2A417732E8A7">
<createdBy>xrpp</createdBy>
<createdTime>2022-11-28 19:50:26 UTC</createdTime>
<generatorID>6F6A10AB-1F83-327B-69CE-8C0BBD97D660</generatorID>
<ownerDesignName>YH_magement3</ownerDesignName>
<useDomainConstraints>false</useDomainConstraints>
<use>1</use>
<logicalDatatype>LOGDT024</logicalDatatype>
<dataTypeSize>120</dataTypeSize>
<ownDataTypeParameters>120,,</ownDataTypeParameters>
<autoIncrementCycle>false</autoIncrementCycle>
</Column>
<Column name="Telefono" id="478B7EC8-9F67-A9E2-98F9-0BA48CB645D3">
<createdBy>xrpp</createdBy>
<createdTime>2022-11-28 19:50:26 UTC</createdTime>
<generatorID>AF8B4EF5-3A33-B0A9-F4C3-4F136ECFAC73</generatorID>
<ownerDesignName>YH_magement3</ownerDesignName>
<useDomainConstraints>false</useDomainConstraints>
<use>1</use>
<logicalDatatype>LOGDT024</logicalDatatype>
<dataTypeSize>15</dataTypeSize>
<ownDataTypeParameters>15,,</ownDataTypeParameters>
<autoIncrementCycle>false</autoIncrementCycle>
</Column>
<Column name="email" id="451A5BF6-440C-8D00-A025-EDC5358B0AAF">
<createdBy>xrpp</createdBy>
<createdTime>2022-11-28 19:50:26 UTC</createdTime>
<generatorID>7B888607-F54B-027D-8FCF-FEEF4A54D85F</generatorID>
<ownerDesignName>YH_magement3</ownerDesignName>
<useDomainConstraints>false</useDomainConstraints>
<use>1</use>
<logicalDatatype>LOGDT024</logicalDatatype>
<dataTypeSize>150</dataTypeSize>
<ownDataTypeParameters>150,,</ownDataTypeParameters>
<autoIncrementCycle>false</autoIncrementCycle>
</Column>
<Column name="Localización_ID_local" id="55D587C7-C62E-C64A-E323-C43E47E78B54">
<createdBy>xrpp</createdBy>
<createdTime>2022-11-28 19:50:26 UTC</createdTime>
<generatorID>FF3B20F0-F2A3-168D-B14A-0C67077C21C3</generatorID>
<ownerDesignName>YH_magement3</ownerDesignName>
<useDomainConstraints>false</useDomainConstraints>
<use>1</use>
<logicalDatatype>LOGDT011</logicalDatatype>
<ownDataTypeParameters>,,</ownDataTypeParameters>
<previousColumn>false</previousColumn>
<autoIncrementCycle>false</autoIncrementCycle>
<associations>
<colAssociation fkAssociation="B42437CD-570C-0BAC-B589-E755CD456588" referredColumn="18B99935-5335-ED82-62E0-97561AD749E5"/>
</associations>
</Column>
<Column name="Empleado_ID_empleado" id="B7A2405B-0FAD-28F3-67DC-A3DAA9F8D78F">
<createdBy>xrpp</createdBy>
<createdTime>2022-11-28 20:03:22 UTC</createdTime>
<generatorID>18E1AF79-5ED5-2F26-D902-2EC1EB2FF3B9</generatorID>
<ownerDesignName>YH_magement3</ownerDesignName>
<useDomainConstraints>false</useDomainConstraints>
<use>1</use>
<logicalDatatype>LOGDT011</logicalDatatype>
<ownDataTypeParameters>,,</ownDataTypeParameters>
<previousColumn>false</previousColumn>
<autoIncrementCycle>false</autoIncrementCycle>
<associations>
<colAssociation fkAssociation="A0310180-E4B0-D9F1-A0D9-6A90C24A125D" referredColumn="ACC9F0FE-91AD-8C21-78F3-FC6384500E30"/>
</associations>
</Column>
<Column name="Cliente_ID_cliente" id="64DCDE83-9A56-0CBA-8C11-BD888B46F507">
<createdBy>xrpp</createdBy>
<createdTime>2022-11-28 20:03:22 UTC</createdTime>
<generatorID>02101C99-4031-15FC-7D02-54EB89F43436</generatorID>
<ownerDesignName>YH_magement3</ownerDesignName>
<useDomainConstraints>false</useDomainConstraints>
<use>1</use>
<logicalDatatype>LOGDT011</logicalDatatype>
<ownDataTypeParameters>,,</ownDataTypeParameters>
<previousColumn>false</previousColumn>
<autoIncrementCycle>false</autoIncrementCycle>
<associations>
<colAssociation fkAssociation="06FB500E-ABEC-C3C1-BA8E-9BBD9799BE2C" referredColumn="6B0BEF99-8461-D4DB-C10F-E7CE297B3731"/>
</associations>
</Column>
</columns>
<indexes itemClass="oracle.dbtools.crest.model.design.relational.Index">
<ind_PK_UK id="6BD26D3D-CFA3-B5D1-9899-AA7B471C1316" name="DatosPersonales_PK">
<createdBy>xrpp</createdBy>
<createdTime>2022-11-28 19:50:26 UTC</createdTime>
<generatorID>E4C0ED10-0311-D68E-5E61-7344B06165AF</generatorID>
<ownerDesignName>YH_magement3</ownerDesignName>
<pk>true</pk>
<indexState>Primary Constraint</indexState>
<isSurrogateKey>false</isSurrogateKey>
<indexColumnUsage>
<colUsage columnID="D8AFD841-F944-CE26-27D5-5887BAA8AF7B"/>
</indexColumnUsage>
</ind_PK_UK>
<ind_PK_UK id="E524562C-5086-DE42-DE01-68A234756FF0" name="DatosPersonales__IDX">
<createdBy>xrpp</createdBy>
<createdTime>2022-11-28 20:03:22 UTC</createdTime>
<ownerDesignName>YH_magement3</ownerDesignName>
<indexState>Unique Plain Index</indexState>
<isSurrogateKey>false</isSurrogateKey>
<relationGeneratorID>41DBA28F-1BB6-F13A-F9EE-9025F984C1CD</relationGeneratorID>
<indexColumnUsage>
<colUsage columnID="64DCDE83-9A56-0CBA-8C11-BD888B46F507"/>
</indexColumnUsage>
</ind_PK_UK>
<ind_PK_UK id="5166B191-09E8-39AD-54BB-E27FEB6D0551" name="DatosPersonales__IDXv1">
<createdBy>xrpp</createdBy>
<createdTime>2022-11-28 20:03:22 UTC</createdTime>
<ownerDesignName>YH_magement3</ownerDesignName>
<indexState>Unique Plain Index</indexState>
<isSurrogateKey>false</isSurrogateKey>
<relationGeneratorID>17F49AB7-BBB3-2E6D-7D0F-5768BDBC828C</relationGeneratorID>
<indexColumnUsage>
<colUsage columnID="B7A2405B-0FAD-28F3-67DC-A3DAA9F8D78F"/>
</indexColumnUsage>
</ind_PK_UK>
<ind_PK_UK id="2B3C3CB9-7B00-DBFD-9E9F-7418F50555DA" name="DatosPersonales_Localización_FK">
<createdBy>xrpp</createdBy>
<createdTime>2022-11-28 19:50:26 UTC</createdTime>
<generatorID>D6424052-125E-F391-5CE3-74FBA3A75521</generatorID>
<ownerDesignName>YH_magement3</ownerDesignName>
<indexState>Foreign Key</indexState>
<isSurrogateKey>false</isSurrogateKey>
<indexColumnUsage>
<colUsage columnID="55D587C7-C62E-C64A-E323-C43E47E78B54"/>
</indexColumnUsage>
</ind_PK_UK>
<ind_PK_UK id="767C19D2-3517-6EC5-1DFA-2217F131E41C" name="DatosPersonales_Cliente_FK">
<createdBy>xrpp</createdBy>
<createdTime>2022-11-28 20:03:22 UTC</createdTime>
<generatorID>41DBA28F-1BB6-F13A-F9EE-9025F984C1CD</generatorID>
<ownerDesignName>YH_magement3</ownerDesignName>
<indexState>Foreign Key</indexState>
<isSurrogateKey>false</isSurrogateKey>
<indexColumnUsage>
<colUsage columnID="64DCDE83-9A56-0CBA-8C11-BD888B46F507"/>
</indexColumnUsage>
</ind_PK_UK>
<ind_PK_UK id="4495FAAD-0B32-BF1D-D13F-24FA81054DAB" name="DatosPersonales_Empleado_FK">
<createdBy>xrpp</createdBy>
<createdTime>2022-11-28 20:03:22 UTC</createdTime>
<generatorID>17F49AB7-BBB3-2E6D-7D0F-5768BDBC828C</generatorID>
<ownerDesignName>YH_magement3</ownerDesignName>
<indexState>Foreign Key</indexState>
<isSurrogateKey>false</isSurrogateKey>
<indexColumnUsage>
<colUsage columnID="B7A2405B-0FAD-28F3-67DC-A3DAA9F8D78F"/>
</indexColumnUsage>
</ind_PK_UK>
</indexes>
</Table>