<?xml version = '1.0' encoding = 'UTF-8'?>
<Table class="oracle.dbtools.crest.model.design.relational.Table" directorySegmentName="seg_0" id="8488A634-A522-27AB-78CB-80A679823BEA" name="Media">
<createdBy>xrpp</createdBy>
<createdTime>2022-11-28 19:50:26 UTC</createdTime>
<generatorID>2374E2BE-FA04-5B6C-D8C7-3D1E1FFF101B</generatorID>
<ownerDesignName>YH_magement3</ownerDesignName>
<allowColumnReorder>false</allowColumnReorder>
<existDependencyGenerateInDDl>true</existDependencyGenerateInDDl>
<parsed>true</parsed>
<columns itemClass="oracle.dbtools.crest.model.design.relational.Column">
<Column name="ID_Media" id="86DBB2B9-C524-DF50-579D-1927CC845FC6">
<createdBy>xrpp</createdBy>
<createdTime>2022-11-28 19:50:26 UTC</createdTime>
<generatorID>D51DAE55-A4BF-2286-39DC-6E77B75DCF79</generatorID>
<ownerDesignName>YH_magement3</ownerDesignName>
<useDomainConstraints>false</useDomainConstraints>
<use>1</use>
<logicalDatatype>LOGDT011</logicalDatatype>
<ownDataTypeParameters>,,</ownDataTypeParameters>
<autoIncrementCycle>false</autoIncrementCycle>
</Column>
<Column name="Fotos" id="96CB3A9C-47DA-9F3F-36EE-49DCAC0203A9">
<createdBy>xrpp</createdBy>
<createdTime>2022-11-28 19:50:26 UTC</createdTime>
<generatorID>D87A10EF-3089-146D-4169-3CB383EFA2F6</generatorID>
<ownerDesignName>YH_magement3</ownerDesignName>
<useDomainConstraints>false</useDomainConstraints>
<use>1</use>
<logicalDatatype>LOGDT024</logicalDatatype>
<dataTypeSize>200</dataTypeSize>
<ownDataTypeParameters>200,,</ownDataTypeParameters>
<autoIncrementCycle>false</autoIncrementCycle>
</Column>
<Column name="Videos" id="3D482E87-A597-ABC9-1BBF-69C9C2F2ADDA">
<createdBy>xrpp</createdBy>
<createdTime>2022-11-28 19:50:26 UTC</createdTime>
<generatorID>7760FACE-DAE3-4A45-E8A0-148D8587838F</generatorID>
<ownerDesignName>YH_magement3</ownerDesignName>
<nullsAllowed>true</nullsAllowed>
<useDomainConstraints>false</useDomainConstraints>
<use>1</use>
<logicalDatatype>LOGDT024</logicalDatatype>
<dataTypeSize>200</dataTypeSize>
<ownDataTypeParameters>200,,</ownDataTypeParameters>
<autoIncrementCycle>false</autoIncrementCycle>
</Column>
<Column name="Redes_sociales" id="FC82D8DD-52BB-D8DB-168D-302BB0F352AE">
<createdBy>xrpp</createdBy>
<createdTime>2022-11-28 19:50:26 UTC</createdTime>
<generatorID>D58B49D1-71E9-D6D8-7702-BF6C22AB6C97</generatorID>
<ownerDesignName>YH_magement3</ownerDesignName>
<useDomainConstraints>false</useDomainConstraints>
<use>1</use>
<logicalDatatype>LOGDT024</logicalDatatype>
<dataTypeSize>255</dataTypeSize>
<ownDataTypeParameters>255,,</ownDataTypeParameters>
<autoIncrementCycle>false</autoIncrementCycle>
</Column>
<Column name="Entrevista_ID_entrevista" id="B66666BD-30A6-7412-FDFF-BCD25B73F80F">
<createdBy>xrpp</createdBy>
<createdTime>2022-11-28 19:50:26 UTC</createdTime>
<generatorID>AD831C9D-9AEA-C470-BA6B-AE31E49AFC1C</generatorID>
<ownerDesignName>YH_magement3</ownerDesignName>
<useDomainConstraints>false</useDomainConstraints>
<use>1</use>
<logicalDatatype>LOGDT011</logicalDatatype>
<ownDataTypeParameters>,,</ownDataTypeParameters>
<previousColumn>false</previousColumn>
<autoIncrementCycle>false</autoIncrementCycle>
<associations>
<colAssociation fkAssociation="49662B7F-3B9D-FF8E-6981-A8C73AF362E7" referredColumn="4F42168A-51E2-A831-87F2-F6770E49447E"/>
</associations>
</Column>
</columns>
<indexes itemClass="oracle.dbtools.crest.model.design.relational.Index">
<ind_PK_UK id="6BC72052-FA26-4CB9-AA3D-540B3D8D8CE2" name="Media_PK">
<createdBy>xrpp</createdBy>
<createdTime>2022-11-28 19:50:26 UTC</createdTime>
<generatorID>47BC39F5-3A6C-38EF-8EDD-F14CB864E1C2</generatorID>
<ownerDesignName>YH_magement3</ownerDesignName>
<pk>true</pk>
<indexState>Primary Constraint</indexState>
<isSurrogateKey>false</isSurrogateKey>
<indexColumnUsage>
<colUsage columnID="86DBB2B9-C524-DF50-579D-1927CC845FC6"/>
</indexColumnUsage>
</ind_PK_UK>
<ind_PK_UK id="56F4CEE2-7CD8-9CBC-3327-52E06784B462" name="Media_Entrevista_FK">
<createdBy>xrpp</createdBy>
<createdTime>2022-11-28 19:50:26 UTC</createdTime>
<generatorID>7D62BCB0-0776-79E2-BD3A-5BA8BB1518A5</generatorID>
<ownerDesignName>YH_magement3</ownerDesignName>
<indexState>Foreign Key</indexState>
<isSurrogateKey>false</isSurrogateKey>
<indexColumnUsage>
<colUsage columnID="B66666BD-30A6-7412-FDFF-BCD25B73F80F"/>
</indexColumnUsage>
</ind_PK_UK>
</indexes>
</Table>