<?xml version = '1.0' encoding = 'UTF-8'?>
<Table class="oracle.dbtools.crest.model.design.relational.Table" directorySegmentName="seg_0" id="9C9D1D20-A960-3136-3DDD-9AF4A49F48EE" name="Pago_Nomina">
<createdBy>xrpp</createdBy>
<createdTime>2022-11-28 19:50:26 UTC</createdTime>
<ownerDesignName>YH_magement3</ownerDesignName>
<ordsAlias>relation_15</ordsAlias>
<allowColumnReorder>false</allowColumnReorder>
<existDependencyGenerateInDDl>true</existDependencyGenerateInDDl>
<parsed>true</parsed>
<columns itemClass="oracle.dbtools.crest.model.design.relational.Column">
<Column name="Empleado_ID_empleado" id="44787C5D-EB68-6744-3501-365DF11A40F9">
<createdBy>xrpp</createdBy>
<createdTime>2022-11-28 19:50:26 UTC</createdTime>
<ownerDesignName>YH_magement3</ownerDesignName>
<useDomainConstraints>false</useDomainConstraints>
<use>1</use>
<logicalDatatype>LOGDT011</logicalDatatype>
<ownDataTypeParameters>,,</ownDataTypeParameters>
<previousColumn>false</previousColumn>
<autoIncrementCycle>false</autoIncrementCycle>
<associations>
<colAssociation fkAssociation="1BE70C32-9D69-234B-3FA7-DA8D7808CE2E" referredColumn="ACC9F0FE-91AD-8C21-78F3-FC6384500E30"/>
</associations>
</Column>
<Column name="Asiento_Caja_ID" id="C85FE15A-64E4-8930-B46C-CE433275C12B">
<createdBy>xrpp</createdBy>
<createdTime>2022-11-28 19:50:26 UTC</createdTime>
<ownerDesignName>YH_magement3</ownerDesignName>
<useDomainConstraints>false</useDomainConstraints>
<use>1</use>
<logicalDatatype>LOGDT011</logicalDatatype>
<ownDataTypeParameters>,,</ownDataTypeParameters>
<previousColumn>false</previousColumn>
<autoIncrementCycle>false</autoIncrementCycle>
<associations>
<colAssociation fkAssociation="7ED2F7E6-1F73-072A-6E01-C266C7C03916" referredColumn="CA5D3C1C-A97D-C735-D27F-4835A8C53379"/>
</associations>
</Column>
</columns>
<indexes itemClass="oracle.dbtools.crest.model.design.relational.Index">
<ind_PK_UK id="BC8D8740-47E0-B96E-3786-2AA7A5FCD298" name="Relation_15_PK">
<createdBy>xrpp</createdBy>
<createdTime>2022-11-28 19:50:26 UTC</createdTime>
<ownerDesignName>YH_magement3</ownerDesignName>
<pk>true</pk>
<indexState>Primary Constraint</indexState>
<isSurrogateKey>false</isSurrogateKey>
<indexColumnUsage>
<colUsage columnID="44787C5D-EB68-6744-3501-365DF11A40F9"/>
<colUsage columnID="C85FE15A-64E4-8930-B46C-CE433275C12B"/>
</indexColumnUsage>
</ind_PK_UK>
<ind_PK_UK id="122420BD-B5CC-2E74-1D5B-D9FEB68F249F" name="Relation_15_Empleado_FK">
<createdBy>xrpp</createdBy>
<createdTime>2022-11-28 19:50:26 UTC</createdTime>
<generatorID>A9097E0B-B8A2-0C96-5EC9-74B2AFDFBA42</generatorID>
<ownerDesignName>YH_magement3</ownerDesignName>
<indexState>Foreign Key</indexState>
<isSurrogateKey>false</isSurrogateKey>
<indexColumnUsage>
<colUsage columnID="44787C5D-EB68-6744-3501-365DF11A40F9"/>
</indexColumnUsage>
</ind_PK_UK>
<ind_PK_UK id="1EE2A5F5-E9A3-EB12-3DDE-0D63874CE050" name="Relation_15_Asiento_Caja_FK">
<createdBy>xrpp</createdBy>
<createdTime>2022-11-28 19:50:26 UTC</createdTime>
<generatorID>A9097E0B-B8A2-0C96-5EC9-74B2AFDFBA42</generatorID>
<ownerDesignName>YH_magement3</ownerDesignName>
<indexState>Foreign Key</indexState>
<isSurrogateKey>false</isSurrogateKey>
<indexColumnUsage>
<colUsage columnID="C85FE15A-64E4-8930-B46C-CE433275C12B"/>
</indexColumnUsage>
</ind_PK_UK>
</indexes>
</Table>