<?xml version = '1.0' encoding = 'UTF-8'?>
<Table class="oracle.dbtools.crest.model.design.relational.Table" directorySegmentName="seg_0" id="CF44909C-56AC-2305-F243-878F033C528B" name="Empleado">
<createdBy>xrpp</createdBy>
<createdTime>2022-11-28 19:50:26 UTC</createdTime>
<generatorID>E9E453BB-D119-E4A1-8CE6-CBB87923F266</generatorID>
<ownerDesignName>YH_magement3</ownerDesignName>
<allowColumnReorder>false</allowColumnReorder>
<existDependencyGenerateInDDl>true</existDependencyGenerateInDDl>
<parsed>true</parsed>
<columns itemClass="oracle.dbtools.crest.model.design.relational.Column">
<Column name="ID_empleado" id="ACC9F0FE-91AD-8C21-78F3-FC6384500E30">
<createdBy>xrpp</createdBy>
<createdTime>2022-11-28 19:50:26 UTC</createdTime>
<generatorID>F8A6E864-69DF-4520-2D27-04C8D93E95C7</generatorID>
<ownerDesignName>YH_magement3</ownerDesignName>
<useDomainConstraints>false</useDomainConstraints>
<use>1</use>
<logicalDatatype>LOGDT011</logicalDatatype>
<ownDataTypeParameters>,,</ownDataTypeParameters>
<autoIncrementCycle>false</autoIncrementCycle>
</Column>
<Column name="Puesto" id="41FA8448-295A-13E6-AEB5-FE77C2636739">
<createdBy>xrpp</createdBy>
<createdTime>2022-11-28 19:50:26 UTC</createdTime>
<generatorID>E37F15B2-0D13-B195-53FB-BCBC2F59B803</generatorID>
<ownerDesignName>YH_magement3</ownerDesignName>
<useDomainConstraints>false</useDomainConstraints>
<use>1</use>
<logicalDatatype>LOGDT024</logicalDatatype>
<dataTypeSize>30</dataTypeSize>
<ownDataTypeParameters>30,,</ownDataTypeParameters>
<autoIncrementCycle>false</autoIncrementCycle>
</Column>
<Column name="Nivel_acceso" id="DEF80E50-B33D-79BD-9095-010B67D1A7E0">
<createdBy>xrpp</createdBy>
<createdTime>2022-11-28 19:50:26 UTC</createdTime>
<generatorID>089CD363-3F82-3A29-DCAC-76309934D22E</generatorID>
<ownerDesignName>YH_magement3</ownerDesignName>
<useDomainConstraints>false</useDomainConstraints>
<use>1</use>
<logicalDatatype>LOGDT024</logicalDatatype>
<dataTypeSize>30</dataTypeSize>
<ownDataTypeParameters>30,,</ownDataTypeParameters>
<autoIncrementCycle>false</autoIncrementCycle>
</Column>
<Column name="Contraseña" id="EF4021A8-F8CD-C6F0-100A-45F06D30022F">
<createdBy>xrpp</createdBy>
<createdTime>2022-11-28 19:50:26 UTC</createdTime>
<generatorID>FA3CD3C2-8BF8-592E-3F1B-02C1B50BDB1A</generatorID>
<ownerDesignName>YH_magement3</ownerDesignName>
<useDomainConstraints>false</useDomainConstraints>
<use>1</use>
<logicalDatatype>LOGDT024</logicalDatatype>
<dataTypeSize>255</dataTypeSize>
<ownDataTypeParameters>255,,</ownDataTypeParameters>
<autoIncrementCycle>false</autoIncrementCycle>
</Column>
</columns>
<indexes itemClass="oracle.dbtools.crest.model.design.relational.Index">
<ind_PK_UK id="AC8C7E1A-9689-7C3D-A166-FFF360A5F331" name="Empleado_PK">
<createdBy>xrpp</createdBy>
<createdTime>2022-11-28 19:50:26 UTC</createdTime>
<generatorID>F324DCDD-C799-07B4-119D-1133EB7B5684</generatorID>
<ownerDesignName>YH_magement3</ownerDesignName>
<pk>true</pk>
<indexState>Primary Constraint</indexState>
<isSurrogateKey>false</isSurrogateKey>
<indexColumnUsage>
<colUsage columnID="ACC9F0FE-91AD-8C21-78F3-FC6384500E30"/>
</indexColumnUsage>
</ind_PK_UK>
</indexes>
</Table>