<?xml version = '1.0' encoding = 'UTF-8'?>
<Table class="oracle.dbtools.crest.model.design.relational.Table" directorySegmentName="seg_0" id="D8B3435D-9E0D-067B-1286-E79A5E666457" name="Pago">
<createdBy>xrpp</createdBy>
<createdTime>2022-11-28 19:50:26 UTC</createdTime>
<ownerDesignName>YH_magement3</ownerDesignName>
<ordsAlias>relation_13</ordsAlias>
<allowColumnReorder>false</allowColumnReorder>
<existDependencyGenerateInDDl>true</existDependencyGenerateInDDl>
<parsed>true</parsed>
<columns itemClass="oracle.dbtools.crest.model.design.relational.Column">
<Column name="Representado_ID" id="D6BBB655-4DA7-E5EC-8A11-6E8BD6E7F2D0">
<createdBy>xrpp</createdBy>
<createdTime>2022-11-28 19:50:26 UTC</createdTime>
<ownerDesignName>YH_magement3</ownerDesignName>
<useDomainConstraints>false</useDomainConstraints>
<use>1</use>
<logicalDatatype>LOGDT011</logicalDatatype>
<ownDataTypeParameters>,,</ownDataTypeParameters>
<previousColumn>false</previousColumn>
<autoIncrementCycle>false</autoIncrementCycle>
<associations>
<colAssociation fkAssociation="023F9151-BFD4-9E37-5C74-F2DD69F790CD" referredColumn="0154565E-68DF-5363-56B3-3762A2670466"/>
</associations>
</Column>
<Column name="Asiento_Caja_ID" id="5AB3F273-60CD-3940-5BEF-DCB13CB48686">
<createdBy>xrpp</createdBy>
<createdTime>2022-11-28 19:50:26 UTC</createdTime>
<ownerDesignName>YH_magement3</ownerDesignName>
<useDomainConstraints>false</useDomainConstraints>
<use>1</use>
<logicalDatatype>LOGDT011</logicalDatatype>
<ownDataTypeParameters>,,</ownDataTypeParameters>
<previousColumn>false</previousColumn>
<autoIncrementCycle>false</autoIncrementCycle>
<associations>
<colAssociation fkAssociation="4534D79F-D74A-FF5D-C9D7-1B643B892E30" referredColumn="CA5D3C1C-A97D-C735-D27F-4835A8C53379"/>
</associations>
</Column>
</columns>
<indexes itemClass="oracle.dbtools.crest.model.design.relational.Index">
<ind_PK_UK id="CDB2A360-055E-8662-985B-BA3B92EA5DAB" name="Relation_13_PK">
<createdBy>xrpp</createdBy>
<createdTime>2022-11-28 19:50:26 UTC</createdTime>
<ownerDesignName>YH_magement3</ownerDesignName>
<pk>true</pk>
<indexState>Primary Constraint</indexState>
<isSurrogateKey>false</isSurrogateKey>
<indexColumnUsage>
<colUsage columnID="D6BBB655-4DA7-E5EC-8A11-6E8BD6E7F2D0"/>
<colUsage columnID="5AB3F273-60CD-3940-5BEF-DCB13CB48686"/>
</indexColumnUsage>
</ind_PK_UK>
<ind_PK_UK id="38BFDB2F-6227-1BA7-A29D-8F24FBD8D0FC" name="Relation_13_Representado_FK">
<createdBy>xrpp</createdBy>
<createdTime>2022-11-28 19:50:26 UTC</createdTime>
<generatorID>E88AF3B5-AA7F-0285-4335-DD2BBED5F991</generatorID>
<ownerDesignName>YH_magement3</ownerDesignName>
<indexState>Foreign Key</indexState>
<isSurrogateKey>false</isSurrogateKey>
<indexColumnUsage>
<colUsage columnID="D6BBB655-4DA7-E5EC-8A11-6E8BD6E7F2D0"/>
</indexColumnUsage>
</ind_PK_UK>
<ind_PK_UK id="348F55BA-1E51-0DC2-10F1-251D565A3C98" name="Relation_13_Asiento_Caja_FK">
<createdBy>xrpp</createdBy>
<createdTime>2022-11-28 19:50:26 UTC</createdTime>
<generatorID>E88AF3B5-AA7F-0285-4335-DD2BBED5F991</generatorID>
<ownerDesignName>YH_magement3</ownerDesignName>
<indexState>Foreign Key</indexState>
<isSurrogateKey>false</isSurrogateKey>
<indexColumnUsage>
<colUsage columnID="5AB3F273-60CD-3940-5BEF-DCB13CB48686"/>
</indexColumnUsage>
</ind_PK_UK>
</indexes>
</Table>