<?xml version = '1.0' encoding = 'UTF-8'?>
<Table class="oracle.dbtools.crest.model.design.relational.Table" directorySegmentName="seg_0" id="E5967936-11DD-8F53-FB54-961973C73776" name="Factura">
<createdBy>xrpp</createdBy>
<createdTime>2022-11-28 19:50:26 UTC</createdTime>
<ownerDesignName>YH_magement3</ownerDesignName>
<ordsAlias>relation_14</ordsAlias>
<allowColumnReorder>false</allowColumnReorder>
<existDependencyGenerateInDDl>true</existDependencyGenerateInDDl>
<parsed>true</parsed>
<columns itemClass="oracle.dbtools.crest.model.design.relational.Column">
<Column name="Colaborador_ID_colaborador" id="D7BDAFA0-3CD7-8083-D9DE-B6F865581223">
<createdBy>xrpp</createdBy>
<createdTime>2022-11-28 19:50:26 UTC</createdTime>
<ownerDesignName>YH_magement3</ownerDesignName>
<useDomainConstraints>false</useDomainConstraints>
<use>1</use>
<logicalDatatype>LOGDT011</logicalDatatype>
<ownDataTypeParameters>,,</ownDataTypeParameters>
<previousColumn>false</previousColumn>
<autoIncrementCycle>false</autoIncrementCycle>
<associations>
<colAssociation fkAssociation="01546313-1D4C-A5C2-A6F0-7216B09BB4FE" referredColumn="F144AF3F-D163-4F4F-D319-609A3E266E21"/>
</associations>
</Column>
<Column name="Asiento_Caja_ID" id="2C2A68C9-A818-5E38-E636-5594B25017A3">
<createdBy>xrpp</createdBy>
<createdTime>2022-11-28 19:50:26 UTC</createdTime>
<ownerDesignName>YH_magement3</ownerDesignName>
<useDomainConstraints>false</useDomainConstraints>
<use>1</use>
<logicalDatatype>LOGDT011</logicalDatatype>
<ownDataTypeParameters>,,</ownDataTypeParameters>
<previousColumn>false</previousColumn>
<autoIncrementCycle>false</autoIncrementCycle>
<associations>
<colAssociation fkAssociation="3D6B1094-56B9-E909-F233-5EB9F3815813" referredColumn="CA5D3C1C-A97D-C735-D27F-4835A8C53379"/>
</associations>
</Column>
</columns>
<indexes itemClass="oracle.dbtools.crest.model.design.relational.Index">
<ind_PK_UK id="B2655C30-37EE-CE9B-3859-7284A33E881C" name="Relation_14_PK">
<createdBy>xrpp</createdBy>
<createdTime>2022-11-28 19:50:26 UTC</createdTime>
<ownerDesignName>YH_magement3</ownerDesignName>
<pk>true</pk>
<indexState>Primary Constraint</indexState>
<isSurrogateKey>false</isSurrogateKey>
<indexColumnUsage>
<colUsage columnID="D7BDAFA0-3CD7-8083-D9DE-B6F865581223"/>
<colUsage columnID="2C2A68C9-A818-5E38-E636-5594B25017A3"/>
</indexColumnUsage>
</ind_PK_UK>
<ind_PK_UK id="6A4F28CE-493A-2984-870C-BCB705267A0A" name="Relation_14_Colaborador_FK">
<createdBy>xrpp</createdBy>
<createdTime>2022-11-28 19:50:26 UTC</createdTime>
<generatorID>5760E0E6-C80F-7FB0-E60A-326D910B15A9</generatorID>
<ownerDesignName>YH_magement3</ownerDesignName>
<indexState>Foreign Key</indexState>
<isSurrogateKey>false</isSurrogateKey>
<indexColumnUsage>
<colUsage columnID="D7BDAFA0-3CD7-8083-D9DE-B6F865581223"/>
</indexColumnUsage>
</ind_PK_UK>
<ind_PK_UK id="51C2136A-23F4-ADF4-837A-EFFF81648926" name="Relation_14_Asiento_Caja_FK">
<createdBy>xrpp</createdBy>
<createdTime>2022-11-28 19:50:26 UTC</createdTime>
<generatorID>5760E0E6-C80F-7FB0-E60A-326D910B15A9</generatorID>
<ownerDesignName>YH_magement3</ownerDesignName>
<indexState>Foreign Key</indexState>
<isSurrogateKey>false</isSurrogateKey>
<indexColumnUsage>
<colUsage columnID="2C2A68C9-A818-5E38-E636-5594B25017A3"/>
</indexColumnUsage>
</ind_PK_UK>
</indexes>
</Table>