<?xml version = '1.0' encoding = 'UTF-8'?>
<Table class="oracle.dbtools.crest.model.design.relational.Table" directorySegmentName="seg_0" id="FDD46E68-1528-535F-5B5C-FD0B65BB42B1" name="Cliente">
<createdBy>xrpp</createdBy>
<createdTime>2022-11-28 19:50:26 UTC</createdTime>
<generatorID>1E9B0CFE-C10B-4A0D-4D62-C1E203D1CA2B</generatorID>
<ownerDesignName>YH_magement3</ownerDesignName>
<allowColumnReorder>false</allowColumnReorder>
<existDependencyGenerateInDDl>true</existDependencyGenerateInDDl>
<parsed>true</parsed>
<columns itemClass="oracle.dbtools.crest.model.design.relational.Column">
<Column name="ID_cliente" id="6B0BEF99-8461-D4DB-C10F-E7CE297B3731">
<createdBy>xrpp</createdBy>
<createdTime>2022-11-28 19:50:26 UTC</createdTime>
<generatorID>7EA87B3C-5839-A0A4-8C5A-DE7AB7B214AD</generatorID>
<ownerDesignName>YH_magement3</ownerDesignName>
<useDomainConstraints>false</useDomainConstraints>
<use>1</use>
<logicalDatatype>LOGDT011</logicalDatatype>
<ownDataTypeParameters>,,</ownDataTypeParameters>
<autoIncrementCycle>false</autoIncrementCycle>
</Column>
<Column name="Sector" id="406FC8DE-06F0-AF3C-3C08-D41835BC789D">
<createdBy>xrpp</createdBy>
<createdTime>2022-11-28 19:50:26 UTC</createdTime>
<generatorID>DA1AB840-5009-91F3-F58D-4B2DA5A790A5</generatorID>
<ownerDesignName>YH_magement3</ownerDesignName>
<useDomainConstraints>false</useDomainConstraints>
<use>1</use>
<logicalDatatype>LOGDT024</logicalDatatype>
<dataTypeSize>80</dataTypeSize>
<ownDataTypeParameters>80,,</ownDataTypeParameters>
<autoIncrementCycle>false</autoIncrementCycle>
</Column>
<Column name="Web" id="83965D73-9F81-FC39-820F-FFD847112393">
<createdBy>xrpp</createdBy>
<createdTime>2022-11-28 19:50:26 UTC</createdTime>
<generatorID>842DC3D9-94D5-AA66-8FCF-8C25B11D6D81</generatorID>
<ownerDesignName>YH_magement3</ownerDesignName>
<useDomainConstraints>false</useDomainConstraints>
<use>1</use>
<logicalDatatype>LOGDT024</logicalDatatype>
<dataTypeSize>150</dataTypeSize>
<ownDataTypeParameters>150,,</ownDataTypeParameters>
<autoIncrementCycle>false</autoIncrementCycle>
</Column>
<Column name="Contraseña" id="BA3406FF-0ECD-B8AE-CCED-D32EEB8DBC0D">
<createdBy>xrpp</createdBy>
<createdTime>2022-11-28 19:50:26 UTC</createdTime>
<generatorID>0603606B-1801-9DE3-177A-1CE4BB29DBAB</generatorID>
<ownerDesignName>YH_magement3</ownerDesignName>
<useDomainConstraints>false</useDomainConstraints>
<use>1</use>
<logicalDatatype>LOGDT024</logicalDatatype>
<dataTypeSize>255</dataTypeSize>
<ownDataTypeParameters>255,,</ownDataTypeParameters>
<autoIncrementCycle>false</autoIncrementCycle>
</Column>
</columns>
<indexes itemClass="oracle.dbtools.crest.model.design.relational.Index">
<ind_PK_UK id="67FBD17C-9B0D-2684-6530-C0DFC35060C7" name="Cliente_PK">
<createdBy>xrpp</createdBy>
<createdTime>2022-11-28 19:50:26 UTC</createdTime>
<generatorID>507ECDA6-7CF8-9E30-926F-5AACFD683820</generatorID>
<ownerDesignName>YH_magement3</ownerDesignName>
<pk>true</pk>
<indexState>Primary Constraint</indexState>
<isSurrogateKey>false</isSurrogateKey>
<indexColumnUsage>
<colUsage columnID="6B0BEF99-8461-D4DB-C10F-E7CE297B3731"/>
</indexColumnUsage>
</ind_PK_UK>
</indexes>
</Table>