<?xml version = '1.0' encoding = 'UTF-8'?>
<Table class="oracle.dbtools.crest.model.design.relational.Table" directorySegmentName="seg_0" id="FF336853-FFCF-C9F9-A8C1-D54F3E5B89AE" name="Colabora">
<createdBy>xrpp</createdBy>
<createdTime>2022-11-28 19:50:26 UTC</createdTime>
<ownerDesignName>YH_magement3</ownerDesignName>
<ordsAlias>relation_10</ordsAlias>
<allowColumnReorder>false</allowColumnReorder>
<existDependencyGenerateInDDl>true</existDependencyGenerateInDDl>
<parsed>true</parsed>
<columns itemClass="oracle.dbtools.crest.model.design.relational.Column">
<Column name="Colaborador_ID_colaborador" id="D925DD2D-71B6-6DB8-0786-D348C39BEA01">
<createdBy>xrpp</createdBy>
<createdTime>2022-11-28 19:50:26 UTC</createdTime>
<ownerDesignName>YH_magement3</ownerDesignName>
<useDomainConstraints>false</useDomainConstraints>
<use>1</use>
<logicalDatatype>LOGDT011</logicalDatatype>
<ownDataTypeParameters>,,</ownDataTypeParameters>
<previousColumn>false</previousColumn>
<autoIncrementCycle>false</autoIncrementCycle>
<associations>
<colAssociation fkAssociation="53D0950E-A91D-5CB4-EBF3-CE3F0DEAD91B" referredColumn="F144AF3F-D163-4F4F-D319-609A3E266E21"/>
</associations>
</Column>
<Column name="Evento_ID" id="FF882F1A-2BF4-31B1-D467-A7E05B06810F">
<createdBy>xrpp</createdBy>
<createdTime>2022-11-28 19:50:26 UTC</createdTime>
<ownerDesignName>YH_magement3</ownerDesignName>
<useDomainConstraints>false</useDomainConstraints>
<use>1</use>
<logicalDatatype>LOGDT011</logicalDatatype>
<ownDataTypeParameters>,,</ownDataTypeParameters>
<previousColumn>false</previousColumn>
<autoIncrementCycle>false</autoIncrementCycle>
<associations>
<colAssociation fkAssociation="7F9D2665-793E-F224-05D0-4A0534E3E698" referredColumn="A3F608E3-2FE2-CC89-6F3F-366A0BCBD859"/>
</associations>
</Column>
</columns>
<indexes itemClass="oracle.dbtools.crest.model.design.relational.Index">
<ind_PK_UK id="923967BD-B799-51A3-A5D8-72D0DF8BCB04" name="Relation_10_PK">
<createdBy>xrpp</createdBy>
<createdTime>2022-11-28 19:50:26 UTC</createdTime>
<ownerDesignName>YH_magement3</ownerDesignName>
<pk>true</pk>
<indexState>Primary Constraint</indexState>
<isSurrogateKey>false</isSurrogateKey>
<indexColumnUsage>
<colUsage columnID="D925DD2D-71B6-6DB8-0786-D348C39BEA01"/>
<colUsage columnID="FF882F1A-2BF4-31B1-D467-A7E05B06810F"/>
</indexColumnUsage>
</ind_PK_UK>
<ind_PK_UK id="588F3FFE-EFF4-1ED6-3BB0-880E10005058" name="Relation_10_Colaborador_FK">
<createdBy>xrpp</createdBy>
<createdTime>2022-11-28 19:50:26 UTC</createdTime>
<generatorID>E7C0C24A-576D-8ACE-B0FA-770AA1D7D112</generatorID>
<ownerDesignName>YH_magement3</ownerDesignName>
<indexState>Foreign Key</indexState>
<isSurrogateKey>false</isSurrogateKey>
<indexColumnUsage>
<colUsage columnID="D925DD2D-71B6-6DB8-0786-D348C39BEA01"/>
</indexColumnUsage>
</ind_PK_UK>
<ind_PK_UK id="BBF9E508-51D1-1250-9016-EF358FD66F8A" name="Relation_10_Evento_FK">
<createdBy>xrpp</createdBy>
<createdTime>2022-11-28 19:50:26 UTC</createdTime>
<generatorID>E7C0C24A-576D-8ACE-B0FA-770AA1D7D112</generatorID>
<ownerDesignName>YH_magement3</ownerDesignName>
<indexState>Foreign Key</indexState>
<isSurrogateKey>false</isSurrogateKey>
<indexColumnUsage>
<colUsage columnID="FF882F1A-2BF4-31B1-D467-A7E05B06810F"/>
</indexColumnUsage>
</ind_PK_UK>
</indexes>
</Table>